code,description,coding_system,concept_id,concept_version_id,concept_name,phenotype_id,phenotype_version_id,phenotype_name,code_attributes
1.05121E+14,Squamous cell carcinoma of vagina (disorder),SNOMED  CT codes,C2766,7287,CCU002_01 Cancer - Phenotypes - England primary care EHR: Cancer diagnosis,PH960,2138,CCU002_01 Cancer,"[{""terminology"": ""SNOMEDCT"", ""code_type"": ""1""}]"
1.07691E+14,Non-seminomatous germ cell neoplasm of testis (disorder),SNOMED  CT codes,C2766,7287,CCU002_01 Cancer - Phenotypes - England primary care EHR: Cancer diagnosis,PH960,2138,CCU002_01 Cancer,"[{""terminology"": ""SNOMEDCT"", ""code_type"": ""1""}]"
1.07771E+14,Primary malignant clear cell neoplasm of endometrium (disorder),SNOMED  CT codes,C2766,7287,CCU002_01 Cancer - Phenotypes - England primary care EHR: Cancer diagnosis,PH960,2138,CCU002_01 Cancer,"[{""terminology"": ""SNOMEDCT"", ""code_type"": ""1""}]"
1078881000119102,Primary adenocarcinoma of lower lobe of left lung (disorder),SNOMED  CT codes,C2766,7287,CCU002_01 Cancer - Phenotypes - England primary care EHR: Cancer diagnosis,PH960,2138,CCU002_01 Cancer,"[{""terminology"": ""SNOMEDCT"", ""code_type"": ""1""}]"
1078901000119100,Primary adenocarcinoma of upper lobe of left lung (disorder),SNOMED  CT codes,C2766,7287,CCU002_01 Cancer - Phenotypes - England primary care EHR: Cancer diagnosis,PH960,2138,CCU002_01 Cancer,"[{""terminology"": ""SNOMEDCT"", ""code_type"": ""1""}]"
1078961000119104,Primary adenocarcinoma of upper lobe of right lung (disorder),SNOMED  CT codes,C2766,7287,CCU002_01 Cancer - Phenotypes - England primary care EHR: Cancer diagnosis,PH960,2138,CCU002_01 Cancer,"[{""terminology"": ""SNOMEDCT"", ""code_type"": ""1""}]"
1080941000119109,Malignant melanoma of left choroid (disorder),SNOMED  CT codes,C2766,7287,CCU002_01 Cancer - Phenotypes - England primary care EHR: Cancer diagnosis,PH960,2138,CCU002_01 Cancer,"[{""terminology"": ""SNOMEDCT"", ""code_type"": ""1""}]"
1081551000119106,Recurrent primary malignant neoplasm of left female breast (disorder),SNOMED  CT codes,C2766,7287,CCU002_01 Cancer - Phenotypes - England primary care EHR: Cancer diagnosis,PH960,2138,CCU002_01 Cancer,"[{""terminology"": ""SNOMEDCT"", ""code_type"": ""1""}]"
1081561000119108,Recurrent primary malignant neoplasm of right female breast (disorder),SNOMED  CT codes,C2766,7287,CCU002_01 Cancer - Phenotypes - England primary care EHR: Cancer diagnosis,PH960,2138,CCU002_01 Cancer,"[{""terminology"": ""SNOMEDCT"", ""code_type"": ""1""}]"
1081781000119105,Primary seminoma of left testis (disorder),SNOMED  CT codes,C2766,7287,CCU002_01 Cancer - Phenotypes - England primary care EHR: Cancer diagnosis,PH960,2138,CCU002_01 Cancer,"[{""terminology"": ""SNOMEDCT"", ""code_type"": ""1""}]"
1082301000119109,Transitional cell carcinoma of right renal pelvis (disorder),SNOMED  CT codes,C2766,7287,CCU002_01 Cancer - Phenotypes - England primary care EHR: Cancer diagnosis,PH960,2138,CCU002_01 Cancer,"[{""terminology"": ""SNOMEDCT"", ""code_type"": ""1""}]"
1082311000119107,Transitional cell carcinoma of right ureter (disorder),SNOMED  CT codes,C2766,7287,CCU002_01 Cancer - Phenotypes - England primary care EHR: Cancer diagnosis,PH960,2138,CCU002_01 Cancer,"[{""terminology"": ""SNOMEDCT"", ""code_type"": ""1""}]"
1090081000000106,Secondary malignant neoplasm of paratracheal lymph nodes (disorder),SNOMED  CT codes,C2766,7287,CCU002_01 Cancer - Phenotypes - England primary care EHR: Cancer diagnosis,PH960,2138,CCU002_01 Cancer,"[{""terminology"": ""SNOMEDCT"", ""code_type"": ""1""}]"
1090091000000108,Secondary malignant neoplasm of internal mammary lymph nodes (disorder),SNOMED  CT codes,C2766,7287,CCU002_01 Cancer - Phenotypes - England primary care EHR: Cancer diagnosis,PH960,2138,CCU002_01 Cancer,"[{""terminology"": ""SNOMEDCT"", ""code_type"": ""1""}]"
1090101000000100,Secondary malignant neoplasm of supratrochlear lymph nodes (disorder),SNOMED  CT codes,C2766,7287,CCU002_01 Cancer - Phenotypes - England primary care EHR: Cancer diagnosis,PH960,2138,CCU002_01 Cancer,"[{""terminology"": ""SNOMEDCT"", ""code_type"": ""1""}]"
1090121000000109,Secondary malignant neoplasm of deep cervical lymph nodes (disorder),SNOMED  CT codes,C2766,7287,CCU002_01 Cancer - Phenotypes - England primary care EHR: Cancer diagnosis,PH960,2138,CCU002_01 Cancer,"[{""terminology"": ""SNOMEDCT"", ""code_type"": ""1""}]"
1090131000000106,Secondary malignant neoplasm of anterior cervical lymph nodes (disorder),SNOMED  CT codes,C2766,7287,CCU002_01 Cancer - Phenotypes - England primary care EHR: Cancer diagnosis,PH960,2138,CCU002_01 Cancer,"[{""terminology"": ""SNOMEDCT"", ""code_type"": ""1""}]"
1090141000000102,Secondary malignant neoplasm of superficial cervical lymph nodes (disorder),SNOMED  CT codes,C2766,7287,CCU002_01 Cancer - Phenotypes - England primary care EHR: Cancer diagnosis,PH960,2138,CCU002_01 Cancer,"[{""terminology"": ""SNOMEDCT"", ""code_type"": ""1""}]"
1090151000000104,Secondary malignant neoplasm of mastoid lymph nodes (disorder),SNOMED  CT codes,C2766,7287,CCU002_01 Cancer - Phenotypes - England primary care EHR: Cancer diagnosis,PH960,2138,CCU002_01 Cancer,"[{""terminology"": ""SNOMEDCT"", ""code_type"": ""1""}]"
1090161000000101,Secondary malignant neoplasm of diaphragmatic lymph nodes (disorder),SNOMED  CT codes,C2766,7287,CCU002_01 Cancer - Phenotypes - England primary care EHR: Cancer diagnosis,PH960,2138,CCU002_01 Cancer,"[{""terminology"": ""SNOMEDCT"", ""code_type"": ""1""}]"
1090171000000108,Secondary malignant neoplasm of sacral lymph nodes (disorder),SNOMED  CT codes,C2766,7287,CCU002_01 Cancer - Phenotypes - England primary care EHR: Cancer diagnosis,PH960,2138,CCU002_01 Cancer,"[{""terminology"": ""SNOMEDCT"", ""code_type"": ""1""}]"
1090181000000105,Secondary malignant neoplasm of inferior epigastric lymph nodes (disorder),SNOMED  CT codes,C2766,7287,CCU002_01 Cancer - Phenotypes - England primary care EHR: Cancer diagnosis,PH960,2138,CCU002_01 Cancer,"[{""terminology"": ""SNOMEDCT"", ""code_type"": ""1""}]"
1090191000000107,Secondary malignant neoplasm of coeliac lymph nodes (disorder),SNOMED  CT codes,C2766,7287,CCU002_01 Cancer - Phenotypes - England primary care EHR: Cancer diagnosis,PH960,2138,CCU002_01 Cancer,"[{""terminology"": ""SNOMEDCT"", ""code_type"": ""1""}]"
1090201000000109,Secondary malignant neoplasm of deep inguinal lymph nodes (disorder),SNOMED  CT codes,C2766,7287,CCU002_01 Cancer - Phenotypes - England primary care EHR: Cancer diagnosis,PH960,2138,CCU002_01 Cancer,"[{""terminology"": ""SNOMEDCT"", ""code_type"": ""1""}]"
1090221000000100,Secondary malignant neoplasm of internal iliac lymph nodes (disorder),SNOMED  CT codes,C2766,7287,CCU002_01 Cancer - Phenotypes - England primary care EHR: Cancer diagnosis,PH960,2138,CCU002_01 Cancer,"[{""terminology"": ""SNOMEDCT"", ""code_type"": ""1""}]"
1090241000000107,Angioimmunoblastic T-cell lymphoma with dysproteinaemia (disorder),SNOMED  CT codes,C2766,7287,CCU002_01 Cancer - Phenotypes - England primary care EHR: Cancer diagnosis,PH960,2138,CCU002_01 Cancer,"[{""terminology"": ""SNOMEDCT"", ""code_type"": ""1""}]"
1090251000000105,Malignant neoplasm of nose (disorder),SNOMED  CT codes,C2766,7287,CCU002_01 Cancer - Phenotypes - England primary care EHR: Cancer diagnosis,PH960,2138,CCU002_01 Cancer,"[{""terminology"": ""SNOMEDCT"", ""code_type"": ""1""}]"
1090261000000108,Malignant neoplasm of descended testis (disorder),SNOMED  CT codes,C2766,7287,CCU002_01 Cancer - Phenotypes - England primary care EHR: Cancer diagnosis,PH960,2138,CCU002_01 Cancer,"[{""terminology"": ""SNOMEDCT"", ""code_type"": ""1""}]"
1090271000000101,Malignant neoplasm of ventral surface of tongue (disorder),SNOMED  CT codes,C2766,7287,CCU002_01 Cancer - Phenotypes - England primary care EHR: Cancer diagnosis,PH960,2138,CCU002_01 Cancer,"[{""terminology"": ""SNOMEDCT"", ""code_type"": ""1""}]"
1090281000000104,Malignant neoplasm of genital labia (disorder),SNOMED  CT codes,C2766,7287,CCU002_01 Cancer - Phenotypes - England primary care EHR: Cancer diagnosis,PH960,2138,CCU002_01 Cancer,"[{""terminology"": ""SNOMEDCT"", ""code_type"": ""1""}]"
1090291000000102,Malignant neoplasm of prepylorus of stomach (disorder),SNOMED  CT codes,C2766,7287,CCU002_01 Cancer - Phenotypes - England primary care EHR: Cancer diagnosis,PH960,2138,CCU002_01 Cancer,"[{""terminology"": ""SNOMEDCT"", ""code_type"": ""1""}]"
1090301000000103,Malignant neoplasm of flank (disorder),SNOMED  CT codes,C2766,7287,CCU002_01 Cancer - Phenotypes - England primary care EHR: Cancer diagnosis,PH960,2138,CCU002_01 Cancer,"[{""terminology"": ""SNOMEDCT"", ""code_type"": ""1""}]"
1090821000000101,Malignant neoplasm of bone and articular cartilage (disorder),SNOMED  CT codes,C2766,7287,CCU002_01 Cancer - Phenotypes - England primary care EHR: Cancer diagnosis,PH960,2138,CCU002_01 Cancer,"[{""terminology"": ""SNOMEDCT"", ""code_type"": ""1""}]"
1090871000000102,Malignant neoplasm of bone and articular cartilage of limb (disorder),SNOMED  CT codes,C2766,7287,CCU002_01 Cancer - Phenotypes - England primary care EHR: Cancer diagnosis,PH960,2138,CCU002_01 Cancer,"[{""terminology"": ""SNOMEDCT"", ""code_type"": ""1""}]"
1090881000000100,Malignant neoplasm of bronchus or lung (disorder),SNOMED  CT codes,C2766,7287,CCU002_01 Cancer - Phenotypes - England primary care EHR: Cancer diagnosis,PH960,2138,CCU002_01 Cancer,"[{""terminology"": ""SNOMEDCT"", ""code_type"": ""1""}]"
1090891000000103,Malignant neoplasm of connective and soft tissues of trunk (disorder),SNOMED  CT codes,C2766,7287,CCU002_01 Cancer - Phenotypes - England primary care EHR: Cancer diagnosis,PH960,2138,CCU002_01 Cancer,"[{""terminology"": ""SNOMEDCT"", ""code_type"": ""1""}]"
1090901000000102,Malignant neoplasm of peripheral nerves of trunk (disorder),SNOMED  CT codes,C2766,7287,CCU002_01 Cancer - Phenotypes - England primary care EHR: Cancer diagnosis,PH960,2138,CCU002_01 Cancer,"[{""terminology"": ""SNOMEDCT"", ""code_type"": ""1""}]"
1090921000000106,Malignant neoplasm of jaw (disorder),SNOMED  CT codes,C2766,7287,CCU002_01 Cancer - Phenotypes - England primary care EHR: Cancer diagnosis,PH960,2138,CCU002_01 Cancer,"[{""terminology"": ""SNOMEDCT"", ""code_type"": ""1""}]"
1090931000000108,Malignant neoplasm of multiple endocrine glands (disorder),SNOMED  CT codes,C2766,7287,CCU002_01 Cancer - Phenotypes - England primary care EHR: Cancer diagnosis,PH960,2138,CCU002_01 Cancer,"[{""terminology"": ""SNOMEDCT"", ""code_type"": ""1""}]"
1090941000000104,Malignant neoplasm of inguinal region (disorder),SNOMED  CT codes,C2766,7287,CCU002_01 Cancer - Phenotypes - England primary care EHR: Cancer diagnosis,PH960,2138,CCU002_01 Cancer,"[{""terminology"": ""SNOMEDCT"", ""code_type"": ""1""}]"
1090951000000101,Malignant neoplasm of supraclavicular fossa (disorder),SNOMED  CT codes,C2766,7287,CCU002_01 Cancer - Phenotypes - England primary care EHR: Cancer diagnosis,PH960,2138,CCU002_01 Cancer,"[{""terminology"": ""SNOMEDCT"", ""code_type"": ""1""}]"
1090961000000103,Malignant neoplasm of soft tissues of lower limb (disorder),SNOMED  CT codes,C2766,7287,CCU002_01 Cancer - Phenotypes - England primary care EHR: Cancer diagnosis,PH960,2138,CCU002_01 Cancer,"[{""terminology"": ""SNOMEDCT"", ""code_type"": ""1""}]"
1090971000000105,Malignant neoplasm of posterior wall of stomach (disorder),SNOMED  CT codes,C2766,7287,CCU002_01 Cancer - Phenotypes - England primary care EHR: Cancer diagnosis,PH960,2138,CCU002_01 Cancer,"[{""terminology"": ""SNOMEDCT"", ""code_type"": ""1""}]"
1090981000000107,Malignant neoplasm of anterior wall of stomach (disorder),SNOMED  CT codes,C2766,7287,CCU002_01 Cancer - Phenotypes - England primary care EHR: Cancer diagnosis,PH960,2138,CCU002_01 Cancer,"[{""terminology"": ""SNOMEDCT"", ""code_type"": ""1""}]"
1091861000000100,"Follicular lymphoma, cutaneous follicle centre (disorder)",SNOMED  CT codes,C2766,7287,CCU002_01 Cancer - Phenotypes - England primary care EHR: Cancer diagnosis,PH960,2138,CCU002_01 Cancer,"[{""terminology"": ""SNOMEDCT"", ""code_type"": ""1""}]"
1091921000000103,B-cell non-Hodgkin's lymphoma (disorder),SNOMED  CT codes,C2766,7287,CCU002_01 Cancer - Phenotypes - England primary care EHR: Cancer diagnosis,PH960,2138,CCU002_01 Cancer,"[{""terminology"": ""SNOMEDCT"", ""code_type"": ""1""}]"
109264009,Overlapping malignant neoplasm of skin,SNOMED  CT codes,C2766,7287,CCU002_01 Cancer - Phenotypes - England primary care EHR: Cancer diagnosis,PH960,2138,CCU002_01 Cancer,"[{""terminology"": ""SNOMEDCT"", ""code_type"": ""1""}]"
109267002,Overlapping malignant melanoma of skin,SNOMED  CT codes,C2766,7287,CCU002_01 Cancer - Phenotypes - England primary care EHR: Cancer diagnosis,PH960,2138,CCU002_01 Cancer,"[{""terminology"": ""SNOMEDCT"", ""code_type"": ""1""}]"
1092831000000100,Overlapping malignant neoplasm of mouth (disorder),SNOMED  CT codes,C2766,7287,CCU002_01 Cancer - Phenotypes - England primary care EHR: Cancer diagnosis,PH960,2138,CCU002_01 Cancer,"[{""terminology"": ""SNOMEDCT"", ""code_type"": ""1""}]"
109347009,Overlapping malignant neoplasm of bone and articular cartilage,SNOMED  CT codes,C2766,7287,CCU002_01 Cancer - Phenotypes - England primary care EHR: Cancer diagnosis,PH960,2138,CCU002_01 Cancer,"[{""terminology"": ""SNOMEDCT"", ""code_type"": ""1""}]"
109348004,Overlapping malignant neoplasm of bone and articular cartilage of limbs (disorder),SNOMED  CT codes,C2766,7287,CCU002_01 Cancer - Phenotypes - England primary care EHR: Cancer diagnosis,PH960,2138,CCU002_01 Cancer,"[{""terminology"": ""SNOMEDCT"", ""code_type"": ""1""}]"
109358000,Overlapping malignant neoplasm of ill-defined site,SNOMED  CT codes,C2766,7287,CCU002_01 Cancer - Phenotypes - England primary care EHR: Cancer diagnosis,PH960,2138,CCU002_01 Cancer,"[{""terminology"": ""SNOMEDCT"", ""code_type"": ""1""}]"
109367000,Overlapping malignant neoplasm of nasopharynx,SNOMED  CT codes,C2766,7287,CCU002_01 Cancer - Phenotypes - England primary care EHR: Cancer diagnosis,PH960,2138,CCU002_01 Cancer,"[{""terminology"": ""SNOMEDCT"", ""code_type"": ""1""}]"
109368005,Overlapping malignant neoplasm of hypopharynx (disorder),SNOMED  CT codes,C2766,7287,CCU002_01 Cancer - Phenotypes - England primary care EHR: Cancer diagnosis,PH960,2138,CCU002_01 Cancer,"[{""terminology"": ""SNOMEDCT"", ""code_type"": ""1""}]"
109369002,Overlapping malignant neoplasm of larynx,SNOMED  CT codes,C2766,7287,CCU002_01 Cancer - Phenotypes - England primary care EHR: Cancer diagnosis,PH960,2138,CCU002_01 Cancer,"[{""terminology"": ""SNOMEDCT"", ""code_type"": ""1""}]"
109371002,Overlapping malignant neoplasm of bronchus and lung,SNOMED  CT codes,C2766,7287,CCU002_01 Cancer - Phenotypes - England primary care EHR: Cancer diagnosis,PH960,2138,CCU002_01 Cancer,"[{""terminology"": ""SNOMEDCT"", ""code_type"": ""1""}]"
109378008,Mesothelioma (malignant)(clinical),SNOMED  CT codes,C2766,7287,CCU002_01 Cancer - Phenotypes - England primary care EHR: Cancer diagnosis,PH960,2138,CCU002_01 Cancer,"[{""terminology"": ""SNOMEDCT"", ""code_type"": ""1""}]"
109383000,Mesothelioma of pericardium,SNOMED  CT codes,C2766,7287,CCU002_01 Cancer - Phenotypes - England primary care EHR: Cancer diagnosis,PH960,2138,CCU002_01 Cancer,"[{""terminology"": ""SNOMEDCT"", ""code_type"": ""1""}]"
109384006,"Overlapping malignant neoplasm of heart, mediastinum and pleura",SNOMED  CT codes,C2766,7287,CCU002_01 Cancer - Phenotypes - England primary care EHR: Cancer diagnosis,PH960,2138,CCU002_01 Cancer,"[{""terminology"": ""SNOMEDCT"", ""code_type"": ""1""}]"
109385007,Kaposi's sarcoma (clinical),SNOMED  CT codes,C2766,7287,CCU002_01 Cancer - Phenotypes - England primary care EHR: Cancer diagnosis,PH960,2138,CCU002_01 Cancer,"[{""terminology"": ""SNOMEDCT"", ""code_type"": ""1""}]"
109386008,Kaposi's sarcoma of skin (disorder),SNOMED  CT codes,C2766,7287,CCU002_01 Cancer - Phenotypes - England primary care EHR: Cancer diagnosis,PH960,2138,CCU002_01 Cancer,"[{""terminology"": ""SNOMEDCT"", ""code_type"": ""1""}]"
109388009,Kaposi's sarcoma of palate,SNOMED  CT codes,C2766,7287,CCU002_01 Cancer - Phenotypes - England primary care EHR: Cancer diagnosis,PH960,2138,CCU002_01 Cancer,"[{""terminology"": ""SNOMEDCT"", ""code_type"": ""1""}]"
109391009,Kaposi's sarcoma of lymph nodes,SNOMED  CT codes,C2766,7287,CCU002_01 Cancer - Phenotypes - England primary care EHR: Cancer diagnosis,PH960,2138,CCU002_01 Cancer,"[{""terminology"": ""SNOMEDCT"", ""code_type"": ""1""}]"
109392002,Kaposi's sarcoma of multiple organs,SNOMED  CT codes,C2766,7287,CCU002_01 Cancer - Phenotypes - England primary care EHR: Cancer diagnosis,PH960,2138,CCU002_01 Cancer,"[{""terminology"": ""SNOMEDCT"", ""code_type"": ""1""}]"
109823006,Overlapping malignant neoplasm of tongue,SNOMED  CT codes,C2766,7287,CCU002_01 Cancer - Phenotypes - England primary care EHR: Cancer diagnosis,PH960,2138,CCU002_01 Cancer,"[{""terminology"": ""SNOMEDCT"", ""code_type"": ""1""}]"
109824000,Overlapping malignant neoplasm of major salivary gland (disorder),SNOMED  CT codes,C2766,7287,CCU002_01 Cancer - Phenotypes - England primary care EHR: Cancer diagnosis,PH960,2138,CCU002_01 Cancer,"[{""terminology"": ""SNOMEDCT"", ""code_type"": ""1""}]"
109830000,Overlapping malignant neoplasm of floor of mouth,SNOMED  CT codes,C2766,7287,CCU002_01 Cancer - Phenotypes - England primary care EHR: Cancer diagnosis,PH960,2138,CCU002_01 Cancer,"[{""terminology"": ""SNOMEDCT"", ""code_type"": ""1""}]"
109835005,Overlapping malignant neoplasm of esophagus,SNOMED  CT codes,C2766,7287,CCU002_01 Cancer - Phenotypes - England primary care EHR: Cancer diagnosis,PH960,2138,CCU002_01 Cancer,"[{""terminology"": ""SNOMEDCT"", ""code_type"": ""1""}]"
109836006,Overlapping malignant neoplasm of stomach,SNOMED  CT codes,C2766,7287,CCU002_01 Cancer - Phenotypes - England primary care EHR: Cancer diagnosis,PH960,2138,CCU002_01 Cancer,"[{""terminology"": ""SNOMEDCT"", ""code_type"": ""1""}]"
109837002,Overlapping malignant neoplasm of small intestine,SNOMED  CT codes,C2766,7287,CCU002_01 Cancer - Phenotypes - England primary care EHR: Cancer diagnosis,PH960,2138,CCU002_01 Cancer,"[{""terminology"": ""SNOMEDCT"", ""code_type"": ""1""}]"
109841003,Liver cell carcinoma (clinical),SNOMED  CT codes,C2766,7287,CCU002_01 Cancer - Phenotypes - England primary care EHR: Cancer diagnosis,PH960,2138,CCU002_01 Cancer,"[{""terminology"": ""SNOMEDCT"", ""code_type"": ""1""}]"
109842005,Intrahepatic bile duct carcinoma (disorder),SNOMED  CT codes,C2766,7287,CCU002_01 Cancer - Phenotypes - England primary care EHR: Cancer diagnosis,PH960,2138,CCU002_01 Cancer,"[{""terminology"": ""SNOMEDCT"", ""code_type"": ""1""}]"
109843000,Hepatoblastoma (clinical),SNOMED  CT codes,C2766,7287,CCU002_01 Cancer - Phenotypes - England primary care EHR: Cancer diagnosis,PH960,2138,CCU002_01 Cancer,"[{""terminology"": ""SNOMEDCT"", ""code_type"": ""1""}]"
109844006,Angiosarcoma of liver,SNOMED  CT codes,C2766,7287,CCU002_01 Cancer - Phenotypes - England primary care EHR: Cancer diagnosis,PH960,2138,CCU002_01 Cancer,"[{""terminology"": ""SNOMEDCT"", ""code_type"": ""1""}]"
109847004,Overlapping malignant neoplasm of biliary tract,SNOMED  CT codes,C2766,7287,CCU002_01 Cancer - Phenotypes - England primary care EHR: Cancer diagnosis,PH960,2138,CCU002_01 Cancer,"[{""terminology"": ""SNOMEDCT"", ""code_type"": ""1""}]"
109848009,Overlapping malignant neoplasm of pancreas,SNOMED  CT codes,C2766,7287,CCU002_01 Cancer - Phenotypes - England primary care EHR: Cancer diagnosis,PH960,2138,CCU002_01 Cancer,"[{""terminology"": ""SNOMEDCT"", ""code_type"": ""1""}]"
109853004,Mesothelioma of peritoneum,SNOMED  CT codes,C2766,7287,CCU002_01 Cancer - Phenotypes - England primary care EHR: Cancer diagnosis,PH960,2138,CCU002_01 Cancer,"[{""terminology"": ""SNOMEDCT"", ""code_type"": ""1""}]"
109874003,Overlapping malignant neoplasm of male genital organs,SNOMED  CT codes,C2766,7287,CCU002_01 Cancer - Phenotypes - England primary care EHR: Cancer diagnosis,PH960,2138,CCU002_01 Cancer,"[{""terminology"": ""SNOMEDCT"", ""code_type"": ""1""}]"
109875002,Overlapping malignant neoplasm of penis,SNOMED  CT codes,C2766,7287,CCU002_01 Cancer - Phenotypes - England primary care EHR: Cancer diagnosis,PH960,2138,CCU002_01 Cancer,"[{""terminology"": ""SNOMEDCT"", ""code_type"": ""1""}]"
109876001,Malignant neoplasm of descended testis,SNOMED  CT codes,C2766,7287,CCU002_01 Cancer - Phenotypes - England primary care EHR: Cancer diagnosis,PH960,2138,CCU002_01 Cancer,"[{""terminology"": ""SNOMEDCT"", ""code_type"": ""1""}]"
109878000,Overlapping malignant neoplasm of female genital organs,SNOMED  CT codes,C2766,7287,CCU002_01 Cancer - Phenotypes - England primary care EHR: Cancer diagnosis,PH960,2138,CCU002_01 Cancer,"[{""terminology"": ""SNOMEDCT"", ""code_type"": ""1""}]"
109885001,Overlapping malignant neoplasm of vulva,SNOMED  CT codes,C2766,7287,CCU002_01 Cancer - Phenotypes - England primary care EHR: Cancer diagnosis,PH960,2138,CCU002_01 Cancer,"[{""terminology"": ""SNOMEDCT"", ""code_type"": ""1""}]"
1098961000119105,History of cancer metastatic to lung,SNOMED  CT codes,C2766,7287,CCU002_01 Cancer - Phenotypes - England primary care EHR: Cancer diagnosis,PH960,2138,CCU002_01 Cancer,"[{""terminology"": ""SNOMEDCT"", ""code_type"": ""0""}]"
1098981000119101,Recurrent malignant neoplasm of prostate (disorder),SNOMED  CT codes,C2766,7287,CCU002_01 Cancer - Phenotypes - England primary care EHR: Cancer diagnosis,PH960,2138,CCU002_01 Cancer,"[{""terminology"": ""SNOMEDCT"", ""code_type"": ""1""}]"
109911004,Overlapping malignant neoplasm of brain and other parts of the central nervous system,SNOMED  CT codes,C2766,7287,CCU002_01 Cancer - Phenotypes - England primary care EHR: Cancer diagnosis,PH960,2138,CCU002_01 Cancer,"[{""terminology"": ""SNOMEDCT"", ""code_type"": ""1""}]"
109912006,Overlapping malignant neoplasm of brain,SNOMED  CT codes,C2766,7287,CCU002_01 Cancer - Phenotypes - England primary care EHR: Cancer diagnosis,PH960,2138,CCU002_01 Cancer,"[{""terminology"": ""SNOMEDCT"", ""code_type"": ""1""}]"
109919002,Overlapping malignant neoplasm of peripheral nerves and autonomic nervous system,SNOMED  CT codes,C2766,7287,CCU002_01 Cancer - Phenotypes - England primary care EHR: Cancer diagnosis,PH960,2138,CCU002_01 Cancer,"[{""terminology"": ""SNOMEDCT"", ""code_type"": ""1""}]"
109948008,Overlapping malignant neoplasm of eye and adnexa (primary),SNOMED  CT codes,C2766,7287,CCU002_01 Cancer - Phenotypes - England primary care EHR: Cancer diagnosis,PH960,2138,CCU002_01 Cancer,"[{""terminology"": ""SNOMEDCT"", ""code_type"": ""1""}]"
109962001,Diffuse non-Hodgkin's lymphoma,SNOMED  CT codes,C2766,7287,CCU002_01 Cancer - Phenotypes - England primary care EHR: Cancer diagnosis,PH960,2138,CCU002_01 Cancer,"[{""terminology"": ""SNOMEDCT"", ""code_type"": ""1""}]"
109965004,"Diffuse non-Hodgkin's lymphoma, lymphoblastic (clinical)",SNOMED  CT codes,C2766,7287,CCU002_01 Cancer - Phenotypes - England primary care EHR: Cancer diagnosis,PH960,2138,CCU002_01 Cancer,"[{""terminology"": ""SNOMEDCT"", ""code_type"": ""1""}]"
109966003,"Diffuse non-Hodgkin's lymphoma, immunoblastic (clinical)",SNOMED  CT codes,C2766,7287,CCU002_01 Cancer - Phenotypes - England primary care EHR: Cancer diagnosis,PH960,2138,CCU002_01 Cancer,"[{""terminology"": ""SNOMEDCT"", ""code_type"": ""1""}]"
109969005,"Diffuse non-Hodgkin's lymphoma, large cell (clinical)",SNOMED  CT codes,C2766,7287,CCU002_01 Cancer - Phenotypes - England primary care EHR: Cancer diagnosis,PH960,2138,CCU002_01 Cancer,"[{""terminology"": ""SNOMEDCT"", ""code_type"": ""1""}]"
109975001,T-zone lymphoma (clinical),SNOMED  CT codes,C2766,7287,CCU002_01 Cancer - Phenotypes - England primary care EHR: Cancer diagnosis,PH960,2138,CCU002_01 Cancer,"[{""terminology"": ""SNOMEDCT"", ""code_type"": ""1""}]"
109976000,Lymphoepithelioid lymphoma (clinical),SNOMED  CT codes,C2766,7287,CCU002_01 Cancer - Phenotypes - England primary care EHR: Cancer diagnosis,PH960,2138,CCU002_01 Cancer,"[{""terminology"": ""SNOMEDCT"", ""code_type"": ""1""}]"
109977009,Peripheral T-cell lymphoma (clinical),SNOMED  CT codes,C2766,7287,CCU002_01 Cancer - Phenotypes - England primary care EHR: Cancer diagnosis,PH960,2138,CCU002_01 Cancer,"[{""terminology"": ""SNOMEDCT"", ""code_type"": ""1""}]"
109978004,T-cell lymphoma (clinical),SNOMED  CT codes,C2766,7287,CCU002_01 Cancer - Phenotypes - England primary care EHR: Cancer diagnosis,PH960,2138,CCU002_01 Cancer,"[{""terminology"": ""SNOMEDCT"", ""code_type"": ""1""}]"
109979007,B-cell lymphoma (clinical),SNOMED  CT codes,C2766,7287,CCU002_01 Cancer - Phenotypes - England primary care EHR: Cancer diagnosis,PH960,2138,CCU002_01 Cancer,"[{""terminology"": ""SNOMEDCT"", ""code_type"": ""1""}]"
109980005,Malignant immunoproliferative disease (clinical),SNOMED  CT codes,C2766,7287,CCU002_01 Cancer - Phenotypes - England primary care EHR: Cancer diagnosis,PH960,2138,CCU002_01 Cancer,"[{""terminology"": ""SNOMEDCT"", ""code_type"": ""1""}]"
109982002,Alpha heavy chain disease (disorder),SNOMED  CT codes,C2766,7287,CCU002_01 Cancer - Phenotypes - England primary care EHR: Cancer diagnosis,PH960,2138,CCU002_01 Cancer,"[{""terminology"": ""SNOMEDCT"", ""code_type"": ""1""}]"
109984001,Gamma heavy chain disease (disorder),SNOMED  CT codes,C2766,7287,CCU002_01 Cancer - Phenotypes - England primary care EHR: Cancer diagnosis,PH960,2138,CCU002_01 Cancer,"[{""terminology"": ""SNOMEDCT"", ""code_type"": ""1""}]"
109988003,True histiocytic lymphoma (clinical),SNOMED  CT codes,C2766,7287,CCU002_01 Cancer - Phenotypes - England primary care EHR: Cancer diagnosis,PH960,2138,CCU002_01 Cancer,"[{""terminology"": ""SNOMEDCT"", ""code_type"": ""1""}]"
109989006,Multiple myeloma (clinical),SNOMED  CT codes,C2766,7287,CCU002_01 Cancer - Phenotypes - England primary care EHR: Cancer diagnosis,PH960,2138,CCU002_01 Cancer,"[{""terminology"": ""SNOMEDCT"", ""code_type"": ""1""}]"
109991003,Acute myelofibrosis (clinical),SNOMED  CT codes,C2766,7287,CCU002_01 Cancer - Phenotypes - England primary care EHR: Cancer diagnosis,PH960,2138,CCU002_01 Cancer,"[{""terminology"": ""SNOMEDCT"", ""code_type"": ""1""}]"
109992005,Vaquez's disease,SNOMED  CT codes,C2766,7287,CCU002_01 Cancer - Phenotypes - England primary care EHR: Cancer diagnosis,PH960,2138,CCU002_01 Cancer,"[{""terminology"": ""SNOMEDCT"", ""code_type"": ""1""}]"
109994006,Essential thrombocythemia (disorder),SNOMED  CT codes,C2766,7287,CCU002_01 Cancer - Phenotypes - England primary care EHR: Cancer diagnosis,PH960,2138,CCU002_01 Cancer,"[{""terminology"": ""SNOMEDCT"", ""code_type"": ""1""}]"
109996008,"Myelodysplastic syndrome: Refractory anemia, without ringed sideroblasts, without excess blasts (disorder)",SNOMED  CT codes,C2766,7287,CCU002_01 Cancer - Phenotypes - England primary care EHR: Cancer diagnosis,PH960,2138,CCU002_01 Cancer,"[{""terminology"": ""SNOMEDCT"", ""code_type"": ""1""}]"
109998009,Refractory anemia with ringed sideroblasts (disorder),SNOMED  CT codes,C2766,7287,CCU002_01 Cancer - Phenotypes - England primary care EHR: Cancer diagnosis,PH960,2138,CCU002_01 Cancer,"[{""terminology"": ""SNOMEDCT"", ""code_type"": ""1""}]"
110000005,Refractory anemia with excess blasts in transformation (disorder),SNOMED  CT codes,C2766,7287,CCU002_01 Cancer - Phenotypes - England primary care EHR: Cancer diagnosis,PH960,2138,CCU002_01 Cancer,"[{""terminology"": ""SNOMEDCT"", ""code_type"": ""1""}]"
110002002,Mast cell leukemia (clinical),SNOMED  CT codes,C2766,7287,CCU002_01 Cancer - Phenotypes - England primary care EHR: Cancer diagnosis,PH960,2138,CCU002_01 Cancer,"[{""terminology"": ""SNOMEDCT"", ""code_type"": ""1""}]"
110004001,Acute promyelocytic leukaemia (clinical),SNOMED  CT codes,C2766,7287,CCU002_01 Cancer - Phenotypes - England primary care EHR: Cancer diagnosis,PH960,2138,CCU002_01 Cancer,"[{""terminology"": ""SNOMEDCT"", ""code_type"": ""1""}]"
110005000,Acute myelomonocytic leukaemia (clinical),SNOMED  CT codes,C2766,7287,CCU002_01 Cancer - Phenotypes - England primary care EHR: Cancer diagnosis,PH960,2138,CCU002_01 Cancer,"[{""terminology"": ""SNOMEDCT"", ""code_type"": ""1""}]"
110006004,Prolymphocytic leukemia (clinical),SNOMED  CT codes,C2766,7287,CCU002_01 Cancer - Phenotypes - England primary care EHR: Cancer diagnosis,PH960,2138,CCU002_01 Cancer,"[{""terminology"": ""SNOMEDCT"", ""code_type"": ""1""}]"
110007008,Adult T-cell leukemia/lymphoma (disorder),SNOMED  CT codes,C2766,7287,CCU002_01 Cancer - Phenotypes - England primary care EHR: Cancer diagnosis,PH960,2138,CCU002_01 Cancer,"[{""terminology"": ""SNOMEDCT"", ""code_type"": ""1""}]"
110013004,Overlapping malignant neoplasm of tonsil,SNOMED  CT codes,C2766,7287,CCU002_01 Cancer - Phenotypes - England primary care EHR: Cancer diagnosis,PH960,2138,CCU002_01 Cancer,"[{""terminology"": ""SNOMEDCT"", ""code_type"": ""1""}]"
11010461000119101,Small cell carcinoma (disorder),SNOMED  CT codes,C2766,7287,CCU002_01 Cancer - Phenotypes - England primary care EHR: Cancer diagnosis,PH960,2138,CCU002_01 Cancer,"[{""terminology"": ""SNOMEDCT"", ""code_type"": ""1""}]"
1110871000000109,Quality and Outcomes Framework cancer quality indicator-related care invitation (procedure),SNOMED  CT codes,C2766,7287,CCU002_01 Cancer - Phenotypes - England primary care EHR: Cancer diagnosis,PH960,2138,CCU002_01 Cancer,"[{""terminology"": ""SNOMEDCT"", ""code_type"": ""1""}]"
1.16381E+14,Ganglioneuroblastoma (disorder),SNOMED  CT codes,C2766,7287,CCU002_01 Cancer - Phenotypes - England primary care EHR: Cancer diagnosis,PH960,2138,CCU002_01 Cancer,"[{""terminology"": ""SNOMEDCT"", ""code_type"": ""1""}]"
118599009,Hodgkin's disease (clinical),SNOMED  CT codes,C2766,7287,CCU002_01 Cancer - Phenotypes - England primary care EHR: Cancer diagnosis,PH960,2138,CCU002_01 Cancer,"[{""terminology"": ""SNOMEDCT"", ""code_type"": ""1""}]"
118600007,Lymphoma (clinical),SNOMED  CT codes,C2766,7287,CCU002_01 Cancer - Phenotypes - England primary care EHR: Cancer diagnosis,PH960,2138,CCU002_01 Cancer,"[{""terminology"": ""SNOMEDCT"", ""code_type"": ""1""}]"
118601006,Non-Hodgkin's lymphoma (clinical),SNOMED  CT codes,C2766,7287,CCU002_01 Cancer - Phenotypes - England primary care EHR: Cancer diagnosis,PH960,2138,CCU002_01 Cancer,"[{""terminology"": ""SNOMEDCT"", ""code_type"": ""1""}]"
118602004,Hodgkin's granuloma (clinical),SNOMED  CT codes,C2766,7287,CCU002_01 Cancer - Phenotypes - England primary care EHR: Cancer diagnosis,PH960,2138,CCU002_01 Cancer,"[{""terminology"": ""SNOMEDCT"", ""code_type"": ""1""}]"
118605002,Hodgkin's paragranuloma (clinical),SNOMED  CT codes,C2766,7287,CCU002_01 Cancer - Phenotypes - England primary care EHR: Cancer diagnosis,PH960,2138,CCU002_01 Cancer,"[{""terminology"": ""SNOMEDCT"", ""code_type"": ""1""}]"
118606001,Hodgkin's sarcoma (clinical),SNOMED  CT codes,C2766,7287,CCU002_01 Cancer - Phenotypes - England primary care EHR: Cancer diagnosis,PH960,2138,CCU002_01 Cancer,"[{""terminology"": ""SNOMEDCT"", ""code_type"": ""1""}]"
118607005,"Hodgkin's disease, lymphocytic-histiocytic predominance (clinical)",SNOMED  CT codes,C2766,7287,CCU002_01 Cancer - Phenotypes - England primary care EHR: Cancer diagnosis,PH960,2138,CCU002_01 Cancer,"[{""terminology"": ""SNOMEDCT"", ""code_type"": ""1""}]"
118608000,"Hodgkin's disease, nodular sclerosis (clinical)",SNOMED  CT codes,C2766,7287,CCU002_01 Cancer - Phenotypes - England primary care EHR: Cancer diagnosis,PH960,2138,CCU002_01 Cancer,"[{""terminology"": ""SNOMEDCT"", ""code_type"": ""1""}]"
118609008,"Hodgkin's disease, mixed cellularity (clinical)",SNOMED  CT codes,C2766,7287,CCU002_01 Cancer - Phenotypes - England primary care EHR: Cancer diagnosis,PH960,2138,CCU002_01 Cancer,"[{""terminology"": ""SNOMEDCT"", ""code_type"": ""1""}]"
118610003,"Hodgkin's disease, lymphocytic depletion (clinical)",SNOMED  CT codes,C2766,7287,CCU002_01 Cancer - Phenotypes - England primary care EHR: Cancer diagnosis,PH960,2138,CCU002_01 Cancer,"[{""terminology"": ""SNOMEDCT"", ""code_type"": ""1""}]"
118611004,Sezary's disease (clinical),SNOMED  CT codes,C2766,7287,CCU002_01 Cancer - Phenotypes - England primary care EHR: Cancer diagnosis,PH960,2138,CCU002_01 Cancer,"[{""terminology"": ""SNOMEDCT"", ""code_type"": ""1""}]"
118612006,Malignant histiocytosis (clinical),SNOMED  CT codes,C2766,7287,CCU002_01 Cancer - Phenotypes - England primary care EHR: Cancer diagnosis,PH960,2138,CCU002_01 Cancer,"[{""terminology"": ""SNOMEDCT"", ""code_type"": ""1""}]"
118613001,Leukemic reticuloendotheliosis (clinical) [obs],SNOMED  CT codes,C2766,7287,CCU002_01 Cancer - Phenotypes - England primary care EHR: Cancer diagnosis,PH960,2138,CCU002_01 Cancer,"[{""terminology"": ""SNOMEDCT"", ""code_type"": ""1""}]"
118614007,Letterer-Siwe disease (clinical),SNOMED  CT codes,C2766,7287,CCU002_01 Cancer - Phenotypes - England primary care EHR: Cancer diagnosis,PH960,2138,CCU002_01 Cancer,"[{""terminology"": ""SNOMEDCT"", ""code_type"": ""1""}]"
118615008,Malignant mast cell tumor (clinical),SNOMED  CT codes,C2766,7287,CCU002_01 Cancer - Phenotypes - England primary care EHR: Cancer diagnosis,PH960,2138,CCU002_01 Cancer,"[{""terminology"": ""SNOMEDCT"", ""code_type"": ""1""}]"
118617000,Burkitt's lymphoma (clinical),SNOMED  CT codes,C2766,7287,CCU002_01 Cancer - Phenotypes - England primary care EHR: Cancer diagnosis,PH960,2138,CCU002_01 Cancer,"[{""terminology"": ""SNOMEDCT"", ""code_type"": ""1""}]"
118618005,Mycosis fungoides (clinical),SNOMED  CT codes,C2766,7287,CCU002_01 Cancer - Phenotypes - England primary care EHR: Cancer diagnosis,PH960,2138,CCU002_01 Cancer,"[{""terminology"": ""SNOMEDCT"", ""code_type"": ""1""}]"
12240951000119107,Squamous cell carcinoma of left lung (disorder),SNOMED  CT codes,C2766,7287,CCU002_01 Cancer - Phenotypes - England primary care EHR: Cancer diagnosis,PH960,2138,CCU002_01 Cancer,"[{""terminology"": ""SNOMEDCT"", ""code_type"": ""1""}]"
12240991000119102,Squamous cell carcinoma of right lung (disorder),SNOMED  CT codes,C2766,7287,CCU002_01 Cancer - Phenotypes - England primary care EHR: Cancer diagnosis,PH960,2138,CCU002_01 Cancer,"[{""terminology"": ""SNOMEDCT"", ""code_type"": ""1""}]"
123845008,Adenocarcinoma of endometrium (disorder),SNOMED  CT codes,C2766,7287,CCU002_01 Cancer - Phenotypes - England primary care EHR: Cancer diagnosis,PH960,2138,CCU002_01 Cancer,"[{""terminology"": ""SNOMEDCT"", ""code_type"": ""1""}]"
127225006,Chronic myelomonocytic leukemia,SNOMED  CT codes,C2766,7287,CCU002_01 Cancer - Phenotypes - England primary care EHR: Cancer diagnosis,PH960,2138,CCU002_01 Cancer,"[{""terminology"": ""SNOMEDCT"", ""code_type"": ""1""}]"
127230005,Neoplasm of spleen (disorder),SNOMED  CT codes,C2766,7287,CCU002_01 Cancer - Phenotypes - England primary care EHR: Cancer diagnosis,PH960,2138,CCU002_01 Cancer,"[{""terminology"": ""SNOMEDCT"", ""code_type"": ""1""}]"
1.28041E+14,Primary adenocarcinoma of distal third of esophagus (disorder),SNOMED  CT codes,C2766,7287,CCU002_01 Cancer - Phenotypes - England primary care EHR: Cancer diagnosis,PH960,2138,CCU002_01 Cancer,"[{""terminology"": ""SNOMEDCT"", ""code_type"": ""1""}]"
128462008,Metastatic neoplasm (disease),SNOMED  CT codes,C2766,7287,CCU002_01 Cancer - Phenotypes - England primary care EHR: Cancer diagnosis,PH960,2138,CCU002_01 Cancer,"[{""terminology"": ""SNOMEDCT"", ""code_type"": ""1""}]"
128875000,Primary cutaneous CD30 antigen positive large T-cell lymphoma (disorder),SNOMED  CT codes,C2766,7287,CCU002_01 Cancer - Phenotypes - England primary care EHR: Cancer diagnosis,PH960,2138,CCU002_01 Cancer,"[{""terminology"": ""SNOMEDCT"", ""code_type"": ""1""}]"
129000002,"Langerhans cell histiocytosis, unifocal (disorder)",SNOMED  CT codes,C2766,7287,CCU002_01 Cancer - Phenotypes - England primary care EHR: Cancer diagnosis,PH960,2138,CCU002_01 Cancer,"[{""terminology"": ""SNOMEDCT"", ""code_type"": ""1""}]"
134421000,Pathological fracture due to metastatic bone disease,SNOMED  CT codes,C2766,7287,CCU002_01 Cancer - Phenotypes - England primary care EHR: Cancer diagnosis,PH960,2138,CCU002_01 Cancer,"[{""terminology"": ""SNOMEDCT"", ""code_type"": ""1""}]"
15635721000119108,Primary malignant neoplasm of both ovaries (disorder),SNOMED  CT codes,C2766,7287,CCU002_01 Cancer - Phenotypes - England primary care EHR: Cancer diagnosis,PH960,2138,CCU002_01 Cancer,"[{""terminology"": ""SNOMEDCT"", ""code_type"": ""1""}]"
15956341000119105,Adenocarcinoma of left lung (disorder),SNOMED  CT codes,C2766,7287,CCU002_01 Cancer - Phenotypes - England primary care EHR: Cancer diagnosis,PH960,2138,CCU002_01 Cancer,"[{""terminology"": ""SNOMEDCT"", ""code_type"": ""1""}]"
15956381000119100,Adenocarcinoma of right lung (disorder),SNOMED  CT codes,C2766,7287,CCU002_01 Cancer - Phenotypes - England primary care EHR: Cancer diagnosis,PH960,2138,CCU002_01 Cancer,"[{""terminology"": ""SNOMEDCT"", ""code_type"": ""1""}]"
161436008,H/O: * leukemia,SNOMED  CT codes,C2766,7287,CCU002_01 Cancer - Phenotypes - England primary care EHR: Cancer diagnosis,PH960,2138,CCU002_01 Cancer,"[{""terminology"": ""SNOMEDCT"", ""code_type"": ""0""}]"
16260631000119101,Secondary malignant neoplasm of lymph node from neoplasm of female breast (disorder),SNOMED  CT codes,C2766,7287,CCU002_01 Cancer - Phenotypes - England primary care EHR: Cancer diagnosis,PH960,2138,CCU002_01 Cancer,"[{""terminology"": ""SNOMEDCT"", ""code_type"": ""1""}]"
16341002,Parapsoriasis lichenoides (disorder),SNOMED  CT codes,C2766,7287,CCU002_01 Cancer - Phenotypes - England primary care EHR: Cancer diagnosis,PH960,2138,CCU002_01 Cancer,"[{""terminology"": ""SNOMEDCT"", ""code_type"": ""1""}]"
1.691E+12,Metastasis to liver from adenocarcinoma (disorder),SNOMED  CT codes,C2766,7287,CCU002_01 Cancer - Phenotypes - England primary care EHR: Cancer diagnosis,PH960,2138,CCU002_01 Cancer,"[{""terminology"": ""SNOMEDCT"", ""code_type"": ""1""}]"
169396008,Radiomimetic chemotherapy (procedure),SNOMED  CT codes,C2766,7287,CCU002_01 Cancer - Phenotypes - England primary care EHR: Cancer diagnosis,PH960,2138,CCU002_01 Cancer,"[{""terminology"": ""SNOMEDCT"", ""code_type"": ""1""}]"
169397004,Radiochemotherapy: local infiltration (procedure),SNOMED  CT codes,C2766,7287,CCU002_01 Cancer - Phenotypes - England primary care EHR: Cancer diagnosis,PH960,2138,CCU002_01 Cancer,"[{""terminology"": ""SNOMEDCT"", ""code_type"": ""1""}]"
169398009,Radiochemotherapy: to stop spread (procedure),SNOMED  CT codes,C2766,7287,CCU002_01 Cancer - Phenotypes - England primary care EHR: Cancer diagnosis,PH960,2138,CCU002_01 Cancer,"[{""terminology"": ""SNOMEDCT"", ""code_type"": ""1""}]"
169399001,Radiochemotherapy: oral route (procedure),SNOMED  CT codes,C2766,7287,CCU002_01 Cancer - Phenotypes - England primary care EHR: Cancer diagnosis,PH960,2138,CCU002_01 Cancer,"[{""terminology"": ""SNOMEDCT"", ""code_type"": ""1""}]"
169400008,Radiochemotherapy via intravenous route (procedure),SNOMED  CT codes,C2766,7287,CCU002_01 Cancer - Phenotypes - England primary care EHR: Cancer diagnosis,PH960,2138,CCU002_01 Cancer,"[{""terminology"": ""SNOMEDCT"", ""code_type"": ""1""}]"
169401007,Radiochemotherapy: for immunosuppression (procedure),SNOMED  CT codes,C2766,7287,CCU002_01 Cancer - Phenotypes - England primary care EHR: Cancer diagnosis,PH960,2138,CCU002_01 Cancer,"[{""terminology"": ""SNOMEDCT"", ""code_type"": ""1""}]"
169402000,Radiochemotherapy: local artery (procedure),SNOMED  CT codes,C2766,7287,CCU002_01 Cancer - Phenotypes - England primary care EHR: Cancer diagnosis,PH960,2138,CCU002_01 Cancer,"[{""terminology"": ""SNOMEDCT"", ""code_type"": ""1""}]"
169403005,Radiochemotherapy: into cavity (procedure),SNOMED  CT codes,C2766,7287,CCU002_01 Cancer - Phenotypes - England primary care EHR: Cancer diagnosis,PH960,2138,CCU002_01 Cancer,"[{""terminology"": ""SNOMEDCT"", ""code_type"": ""1""}]"
1.701E+12,Primary adenocarcinoma of colon (disorder),SNOMED  CT codes,C2766,7287,CCU002_01 Cancer - Phenotypes - England primary care EHR: Cancer diagnosis,PH960,2138,CCU002_01 Cancer,"[{""terminology"": ""SNOMEDCT"", ""code_type"": ""1""}]"
1.8121E+13,Primary squamous cell carcinoma of palatine tonsil (disorder),SNOMED  CT codes,C2766,7287,CCU002_01 Cancer - Phenotypes - England primary care EHR: Cancer diagnosis,PH960,2138,CCU002_01 Cancer,"[{""terminology"": ""SNOMEDCT"", ""code_type"": ""1""}]"
1.84881E+14,Primary adenocarcinoma of rectosigmoid junction (disorder),SNOMED  CT codes,C2766,7287,CCU002_01 Cancer - Phenotypes - England primary care EHR: Cancer diagnosis,PH960,2138,CCU002_01 Cancer,"[{""terminology"": ""SNOMEDCT"", ""code_type"": ""1""}]"
187601000,"Malignant neoplasm of upper lip, lipstick area",SNOMED  CT codes,C2766,7287,CCU002_01 Cancer - Phenotypes - England primary care EHR: Cancer diagnosis,PH960,2138,CCU002_01 Cancer,"[{""terminology"": ""SNOMEDCT"", ""code_type"": ""1""}]"
187604008,"Malignant neoplasm of lower lip, external",SNOMED  CT codes,C2766,7287,CCU002_01 Cancer - Phenotypes - England primary care EHR: Cancer diagnosis,PH960,2138,CCU002_01 Cancer,"[{""terminology"": ""SNOMEDCT"", ""code_type"": ""1""}]"
187606005,Malignant tumour of oral aspect of upper lip,SNOMED  CT codes,C2766,7287,CCU002_01 Cancer - Phenotypes - England primary care EHR: Cancer diagnosis,PH960,2138,CCU002_01 Cancer,"[{""terminology"": ""SNOMEDCT"", ""code_type"": ""1""}]"
187613005,"Malignant neoplasm of lower lip, buccal aspect",SNOMED  CT codes,C2766,7287,CCU002_01 Cancer - Phenotypes - England primary care EHR: Cancer diagnosis,PH960,2138,CCU002_01 Cancer,"[{""terminology"": ""SNOMEDCT"", ""code_type"": ""1""}]"
187614004,Malignant tumor of frenum of lower lip,SNOMED  CT codes,C2766,7287,CCU002_01 Cancer - Phenotypes - England primary care EHR: Cancer diagnosis,PH960,2138,CCU002_01 Cancer,"[{""terminology"": ""SNOMEDCT"", ""code_type"": ""1""}]"
187622006,Malignant tumor of labial mucosa,SNOMED  CT codes,C2766,7287,CCU002_01 Cancer - Phenotypes - England primary care EHR: Cancer diagnosis,PH960,2138,CCU002_01 Cancer,"[{""terminology"": ""SNOMEDCT"", ""code_type"": ""1""}]"
187624007,Malignant neoplasm of overlapping lesion of lip,SNOMED  CT codes,C2766,7287,CCU002_01 Cancer - Phenotypes - England primary care EHR: Cancer diagnosis,PH960,2138,CCU002_01 Cancer,"[{""terminology"": ""SNOMEDCT"", ""code_type"": ""1""}]"
187631006,Malignant neoplasm of base of tongue dorsal surface,SNOMED  CT codes,C2766,7287,CCU002_01 Cancer - Phenotypes - England primary care EHR: Cancer diagnosis,PH960,2138,CCU002_01 Cancer,"[{""terminology"": ""SNOMEDCT"", ""code_type"": ""1""}]"
187633009,Malignant neoplasm of dorsal surface of tongue,SNOMED  CT codes,C2766,7287,CCU002_01 Cancer - Phenotypes - England primary care EHR: Cancer diagnosis,PH960,2138,CCU002_01 Cancer,"[{""terminology"": ""SNOMEDCT"", ""code_type"": ""1""}]"
187634003,Malignant tumor of anterior two-thirds of tongue - dorsal surface (disorder),SNOMED  CT codes,C2766,7287,CCU002_01 Cancer - Phenotypes - England primary care EHR: Cancer diagnosis,PH960,2138,CCU002_01 Cancer,"[{""terminology"": ""SNOMEDCT"", ""code_type"": ""1""}]"
187635002,Malignant neoplasm of midline of tongue (disorder),SNOMED  CT codes,C2766,7287,CCU002_01 Cancer - Phenotypes - England primary care EHR: Cancer diagnosis,PH960,2138,CCU002_01 Cancer,"[{""terminology"": ""SNOMEDCT"", ""code_type"": ""1""}]"
187637005,"Malignant neoplasm of tongue, tip and lateral border",SNOMED  CT codes,C2766,7287,CCU002_01 Cancer - Phenotypes - England primary care EHR: Cancer diagnosis,PH960,2138,CCU002_01 Cancer,"[{""terminology"": ""SNOMEDCT"", ""code_type"": ""1""}]"
187640005,Malignant neoplasm of anterior 2/3 of tongue ventral surface,SNOMED  CT codes,C2766,7287,CCU002_01 Cancer - Phenotypes - England primary care EHR: Cancer diagnosis,PH960,2138,CCU002_01 Cancer,"[{""terminology"": ""SNOMEDCT"", ""code_type"": ""1""}]"
187641009,Malignant tumor of frenum linguae,SNOMED  CT codes,C2766,7287,CCU002_01 Cancer - Phenotypes - England primary care EHR: Cancer diagnosis,PH960,2138,CCU002_01 Cancer,"[{""terminology"": ""SNOMEDCT"", ""code_type"": ""1""}]"
187644001,Malignant tumour of junctional zone of tongue,SNOMED  CT codes,C2766,7287,CCU002_01 Cancer - Phenotypes - England primary care EHR: Cancer diagnosis,PH960,2138,CCU002_01 Cancer,"[{""terminology"": ""SNOMEDCT"", ""code_type"": ""1""}]"
187652003,Malignant tumour of anterior floor of mouth,SNOMED  CT codes,C2766,7287,CCU002_01 Cancer - Phenotypes - England primary care EHR: Cancer diagnosis,PH960,2138,CCU002_01 Cancer,"[{""terminology"": ""SNOMEDCT"", ""code_type"": ""1""}]"
187653008,Malignant neoplasm of lateral portion of floor of mouth,SNOMED  CT codes,C2766,7287,CCU002_01 Cancer - Phenotypes - England primary care EHR: Cancer diagnosis,PH960,2138,CCU002_01 Cancer,"[{""terminology"": ""SNOMEDCT"", ""code_type"": ""1""}]"
187658004,Malignant tumour of vestibule of mouth,SNOMED  CT codes,C2766,7287,CCU002_01 Cancer - Phenotypes - England primary care EHR: Cancer diagnosis,PH960,2138,CCU002_01 Cancer,"[{""terminology"": ""SNOMEDCT"", ""code_type"": ""1""}]"
187659007,Malignant neoplasm of upper buccal sulcus,SNOMED  CT codes,C2766,7287,CCU002_01 Cancer - Phenotypes - England primary care EHR: Cancer diagnosis,PH960,2138,CCU002_01 Cancer,"[{""terminology"": ""SNOMEDCT"", ""code_type"": ""1""}]"
187660002,Malignant tumor of lower buccal sulcus,SNOMED  CT codes,C2766,7287,CCU002_01 Cancer - Phenotypes - England primary care EHR: Cancer diagnosis,PH960,2138,CCU002_01 Cancer,"[{""terminology"": ""SNOMEDCT"", ""code_type"": ""1""}]"
187662005,Malignant tumor of lower labial sulcus (disorder),SNOMED  CT codes,C2766,7287,CCU002_01 Cancer - Phenotypes - England primary care EHR: Cancer diagnosis,PH960,2138,CCU002_01 Cancer,"[{""terminology"": ""SNOMEDCT"", ""code_type"": ""1""}]"
187666008,Malignant neoplasm of junction of hard and soft palate,SNOMED  CT codes,C2766,7287,CCU002_01 Cancer - Phenotypes - England primary care EHR: Cancer diagnosis,PH960,2138,CCU002_01 Cancer,"[{""terminology"": ""SNOMEDCT"", ""code_type"": ""1""}]"
187675005,Malignant tumour of palatopharyngeal arch,SNOMED  CT codes,C2766,7287,CCU002_01 Cancer - Phenotypes - England primary care EHR: Cancer diagnosis,PH960,2138,CCU002_01 Cancer,"[{""terminology"": ""SNOMEDCT"", ""code_type"": ""1""}]"
187681002,Malignant neoplasm of anterior epiglottis,SNOMED  CT codes,C2766,7287,CCU002_01 Cancer - Phenotypes - England primary care EHR: Cancer diagnosis,PH960,2138,CCU002_01 Cancer,"[{""terminology"": ""SNOMEDCT"", ""code_type"": ""1""}]"
187682009,"Malignant neoplasm of epiglottis, free border",SNOMED  CT codes,C2766,7287,CCU002_01 Cancer - Phenotypes - England primary care EHR: Cancer diagnosis,PH960,2138,CCU002_01 Cancer,"[{""terminology"": ""SNOMEDCT"", ""code_type"": ""1""}]"
187683004,Malignant neoplasm of glossoepiglottic fold,SNOMED  CT codes,C2766,7287,CCU002_01 Cancer - Phenotypes - England primary care EHR: Cancer diagnosis,PH960,2138,CCU002_01 Cancer,"[{""terminology"": ""SNOMEDCT"", ""code_type"": ""1""}]"
187685006,Malignant neoplasm of junctional region of epiglottis,SNOMED  CT codes,C2766,7287,CCU002_01 Cancer - Phenotypes - England primary care EHR: Cancer diagnosis,PH960,2138,CCU002_01 Cancer,"[{""terminology"": ""SNOMEDCT"", ""code_type"": ""1""}]"
187688008,Malignant tumour of posterior wall of oropharynx,SNOMED  CT codes,C2766,7287,CCU002_01 Cancer - Phenotypes - England primary care EHR: Cancer diagnosis,PH960,2138,CCU002_01 Cancer,"[{""terminology"": ""SNOMEDCT"", ""code_type"": ""1""}]"
187692001,Malignant tumor of epipharynx,SNOMED  CT codes,C2766,7287,CCU002_01 Cancer - Phenotypes - England primary care EHR: Cancer diagnosis,PH960,2138,CCU002_01 Cancer,"[{""terminology"": ""SNOMEDCT"", ""code_type"": ""1""}]"
187693006,Malignant tumour of posterior wall of nasopharynx,SNOMED  CT codes,C2766,7287,CCU002_01 Cancer - Phenotypes - England primary care EHR: Cancer diagnosis,PH960,2138,CCU002_01 Cancer,"[{""terminology"": ""SNOMEDCT"", ""code_type"": ""1""}]"
187694000,Malignant tumor of adenoid,SNOMED  CT codes,C2766,7287,CCU002_01 Cancer - Phenotypes - England primary care EHR: Cancer diagnosis,PH960,2138,CCU002_01 Cancer,"[{""terminology"": ""SNOMEDCT"", ""code_type"": ""1""}]"
187697007,Malignant tumour of fossa of Rosenmuller,SNOMED  CT codes,C2766,7287,CCU002_01 Cancer - Phenotypes - England primary care EHR: Cancer diagnosis,PH960,2138,CCU002_01 Cancer,"[{""terminology"": ""SNOMEDCT"", ""code_type"": ""1""}]"
187698002,Malignant tumor of opening of auditory tube (disorder),SNOMED  CT codes,C2766,7287,CCU002_01 Cancer - Phenotypes - England primary care EHR: Cancer diagnosis,PH960,2138,CCU002_01 Cancer,"[{""terminology"": ""SNOMEDCT"", ""code_type"": ""1""}]"
187700006,Malignant tumor of anterior wall of nasopharynx,SNOMED  CT codes,C2766,7287,CCU002_01 Cancer - Phenotypes - England primary care EHR: Cancer diagnosis,PH960,2138,CCU002_01 Cancer,"[{""terminology"": ""SNOMEDCT"", ""code_type"": ""1""}]"
187701005,Malignant neoplasm of floor of nasopharynx (disorder),SNOMED  CT codes,C2766,7287,CCU002_01 Cancer - Phenotypes - England primary care EHR: Cancer diagnosis,PH960,2138,CCU002_01 Cancer,"[{""terminology"": ""SNOMEDCT"", ""code_type"": ""1""}]"
187702003,Malignant tumor of nasopharyngeal soft palate surface (disorder),SNOMED  CT codes,C2766,7287,CCU002_01 Cancer - Phenotypes - England primary care EHR: Cancer diagnosis,PH960,2138,CCU002_01 Cancer,"[{""terminology"": ""SNOMEDCT"", ""code_type"": ""1""}]"
187708004,Malignant tumor aryepiglottic fold - hypopharyngeal aspect,SNOMED  CT codes,C2766,7287,CCU002_01 Cancer - Phenotypes - England primary care EHR: Cancer diagnosis,PH960,2138,CCU002_01 Cancer,"[{""terminology"": ""SNOMEDCT"", ""code_type"": ""1""}]"
187709007,Malignant neoplasm of posterior pharynx,SNOMED  CT codes,C2766,7287,CCU002_01 Cancer - Phenotypes - England primary care EHR: Cancer diagnosis,PH960,2138,CCU002_01 Cancer,"[{""terminology"": ""SNOMEDCT"", ""code_type"": ""1""}]"
187716008,Malignant tumour of Waldeyer's ring,SNOMED  CT codes,C2766,7287,CCU002_01 Cancer - Phenotypes - England primary care EHR: Cancer diagnosis,PH960,2138,CCU002_01 Cancer,"[{""terminology"": ""SNOMEDCT"", ""code_type"": ""1""}]"
187722004,Malignant tumour of cervical part of oesophagus,SNOMED  CT codes,C2766,7287,CCU002_01 Cancer - Phenotypes - England primary care EHR: Cancer diagnosis,PH960,2138,CCU002_01 Cancer,"[{""terminology"": ""SNOMEDCT"", ""code_type"": ""1""}]"
187723009,Malignant neoplasm of thoracic esophagus,SNOMED  CT codes,C2766,7287,CCU002_01 Cancer - Phenotypes - England primary care EHR: Cancer diagnosis,PH960,2138,CCU002_01 Cancer,"[{""terminology"": ""SNOMEDCT"", ""code_type"": ""1""}]"
187724003,Malignant tumour of abdominal part of oesophagus,SNOMED  CT codes,C2766,7287,CCU002_01 Cancer - Phenotypes - England primary care EHR: Cancer diagnosis,PH960,2138,CCU002_01 Cancer,"[{""terminology"": ""SNOMEDCT"", ""code_type"": ""1""}]"
187725002,Malignant neoplasm of upper third of esophagus,SNOMED  CT codes,C2766,7287,CCU002_01 Cancer - Phenotypes - England primary care EHR: Cancer diagnosis,PH960,2138,CCU002_01 Cancer,"[{""terminology"": ""SNOMEDCT"", ""code_type"": ""1""}]"
187726001,Malignant tumor of middle third of esophagus,SNOMED  CT codes,C2766,7287,CCU002_01 Cancer - Phenotypes - England primary care EHR: Cancer diagnosis,PH960,2138,CCU002_01 Cancer,"[{""terminology"": ""SNOMEDCT"", ""code_type"": ""1""}]"
187727005,Malignant neoplasm of lower third of oesophagus,SNOMED  CT codes,C2766,7287,CCU002_01 Cancer - Phenotypes - England primary care EHR: Cancer diagnosis,PH960,2138,CCU002_01 Cancer,"[{""terminology"": ""SNOMEDCT"", ""code_type"": ""1""}]"
187732006,Malignant neoplasm of cardia of stomach,SNOMED  CT codes,C2766,7287,CCU002_01 Cancer - Phenotypes - England primary care EHR: Cancer diagnosis,PH960,2138,CCU002_01 Cancer,"[{""terminology"": ""SNOMEDCT"", ""code_type"": ""1""}]"
187733001,Malignant neoplasm of cardiac orifice of stomach,SNOMED  CT codes,C2766,7287,CCU002_01 Cancer - Phenotypes - England primary care EHR: Cancer diagnosis,PH960,2138,CCU002_01 Cancer,"[{""terminology"": ""SNOMEDCT"", ""code_type"": ""1""}]"
187734007,Malignant neoplasm of cardio-esophageal junction of stomach,SNOMED  CT codes,C2766,7287,CCU002_01 Cancer - Phenotypes - England primary care EHR: Cancer diagnosis,PH960,2138,CCU002_01 Cancer,"[{""terminology"": ""SNOMEDCT"", ""code_type"": ""1""}]"
187736009,Malignant tumor of pylorus,SNOMED  CT codes,C2766,7287,CCU002_01 Cancer - Phenotypes - England primary care EHR: Cancer diagnosis,PH960,2138,CCU002_01 Cancer,"[{""terminology"": ""SNOMEDCT"", ""code_type"": ""1""}]"
187738005,Malignant neoplasm of pyloric canal of stomach,SNOMED  CT codes,C2766,7287,CCU002_01 Cancer - Phenotypes - England primary care EHR: Cancer diagnosis,PH960,2138,CCU002_01 Cancer,"[{""terminology"": ""SNOMEDCT"", ""code_type"": ""1""}]"
187740000,Malignant tumor of pyloric antrum,SNOMED  CT codes,C2766,7287,CCU002_01 Cancer - Phenotypes - England primary care EHR: Cancer diagnosis,PH960,2138,CCU002_01 Cancer,"[{""terminology"": ""SNOMEDCT"", ""code_type"": ""1""}]"
187741001,Malignant tumour of fundus of stomach,SNOMED  CT codes,C2766,7287,CCU002_01 Cancer - Phenotypes - England primary care EHR: Cancer diagnosis,PH960,2138,CCU002_01 Cancer,"[{""terminology"": ""SNOMEDCT"", ""code_type"": ""1""}]"
187742008,Malignant tumor of body of stomach,SNOMED  CT codes,C2766,7287,CCU002_01 Cancer - Phenotypes - England primary care EHR: Cancer diagnosis,PH960,2138,CCU002_01 Cancer,"[{""terminology"": ""SNOMEDCT"", ""code_type"": ""1""}]"
187752007,Malignant tumor of Meckel's diverticulum,SNOMED  CT codes,C2766,7287,CCU002_01 Cancer - Phenotypes - England primary care EHR: Cancer diagnosis,PH960,2138,CCU002_01 Cancer,"[{""terminology"": ""SNOMEDCT"", ""code_type"": ""1""}]"
187757001,"Malignant neoplasm, overlapping lesion of colon",SNOMED  CT codes,C2766,7287,CCU002_01 Cancer - Phenotypes - England primary care EHR: Cancer diagnosis,PH960,2138,CCU002_01 Cancer,"[{""terminology"": ""SNOMEDCT"", ""code_type"": ""1""}]"
187760008,"Malignant neoplasm of rectum, rectosigmoid junction and anus",SNOMED  CT codes,C2766,7287,CCU002_01 Cancer - Phenotypes - England primary care EHR: Cancer diagnosis,PH960,2138,CCU002_01 Cancer,"[{""terminology"": ""SNOMEDCT"", ""code_type"": ""1""}]"
187767006,Malignant neoplasm of liver and intrahepatic bile ducts,SNOMED  CT codes,C2766,7287,CCU002_01 Cancer - Phenotypes - England primary care EHR: Cancer diagnosis,PH960,2138,CCU002_01 Cancer,"[{""terminology"": ""SNOMEDCT"", ""code_type"": ""1""}]"
187769009,Primary carcinoma of liver,SNOMED  CT codes,C2766,7287,CCU002_01 Cancer - Phenotypes - England primary care EHR: Cancer diagnosis,PH960,2138,CCU002_01 Cancer,"[{""terminology"": ""SNOMEDCT"", ""code_type"": ""1""}]"
187773007,Malignant neoplasm of interlobular bile ducts,SNOMED  CT codes,C2766,7287,CCU002_01 Cancer - Phenotypes - England primary care EHR: Cancer diagnosis,PH960,2138,CCU002_01 Cancer,"[{""terminology"": ""SNOMEDCT"", ""code_type"": ""1""}]"
187776004,Malignant neoplasm of intrahepatic canaliculi (disorder),SNOMED  CT codes,C2766,7287,CCU002_01 Cancer - Phenotypes - England primary care EHR: Cancer diagnosis,PH960,2138,CCU002_01 Cancer,"[{""terminology"": ""SNOMEDCT"", ""code_type"": ""1""}]"
187777008,Malignant neoplasm of intrahepatic gall duct,SNOMED  CT codes,C2766,7287,CCU002_01 Cancer - Phenotypes - England primary care EHR: Cancer diagnosis,PH960,2138,CCU002_01 Cancer,"[{""terminology"": ""SNOMEDCT"", ""code_type"": ""1""}]"
187784000,Malignant neoplasm of hepatic duct,SNOMED  CT codes,C2766,7287,CCU002_01 Cancer - Phenotypes - England primary care EHR: Cancer diagnosis,PH960,2138,CCU002_01 Cancer,"[{""terminology"": ""SNOMEDCT"", ""code_type"": ""1""}]"
187786003,Malignant neoplasm of sphincter of Oddi (disorder),SNOMED  CT codes,C2766,7287,CCU002_01 Cancer - Phenotypes - England primary care EHR: Cancer diagnosis,PH960,2138,CCU002_01 Cancer,"[{""terminology"": ""SNOMEDCT"", ""code_type"": ""1""}]"
187791002,Malignant tumor of body of pancreas,SNOMED  CT codes,C2766,7287,CCU002_01 Cancer - Phenotypes - England primary care EHR: Cancer diagnosis,PH960,2138,CCU002_01 Cancer,"[{""terminology"": ""SNOMEDCT"", ""code_type"": ""1""}]"
187792009,Malignant tumour of tail of pancreas,SNOMED  CT codes,C2766,7287,CCU002_01 Cancer - Phenotypes - England primary care EHR: Cancer diagnosis,PH960,2138,CCU002_01 Cancer,"[{""terminology"": ""SNOMEDCT"", ""code_type"": ""1""}]"
187793004,Malignant tumor of pancreatic duct,SNOMED  CT codes,C2766,7287,CCU002_01 Cancer - Phenotypes - England primary care EHR: Cancer diagnosis,PH960,2138,CCU002_01 Cancer,"[{""terminology"": ""SNOMEDCT"", ""code_type"": ""1""}]"
187794005,Malignant tumour of Islets of Langerhans,SNOMED  CT codes,C2766,7287,CCU002_01 Cancer - Phenotypes - England primary care EHR: Cancer diagnosis,PH960,2138,CCU002_01 Cancer,"[{""terminology"": ""SNOMEDCT"", ""code_type"": ""1""}]"
187798008,Malignant neoplasm of ectopic pancreatic tissue,SNOMED  CT codes,C2766,7287,CCU002_01 Cancer - Phenotypes - England primary care EHR: Cancer diagnosis,PH960,2138,CCU002_01 Cancer,"[{""terminology"": ""SNOMEDCT"", ""code_type"": ""1""}]"
187801002,Malignant tumour of peritoneum and retroperitoneum,SNOMED  CT codes,C2766,7287,CCU002_01 Cancer - Phenotypes - England primary care EHR: Cancer diagnosis,PH960,2138,CCU002_01 Cancer,"[{""terminology"": ""SNOMEDCT"", ""code_type"": ""1""}]"
187803004,Malignant neoplasm of perinephric tissue,SNOMED  CT codes,C2766,7287,CCU002_01 Cancer - Phenotypes - England primary care EHR: Cancer diagnosis,PH960,2138,CCU002_01 Cancer,"[{""terminology"": ""SNOMEDCT"", ""code_type"": ""1""}]"
187804005,Malignant neoplasm of retrocaecal tissue,SNOMED  CT codes,C2766,7287,CCU002_01 Cancer - Phenotypes - England primary care EHR: Cancer diagnosis,PH960,2138,CCU002_01 Cancer,"[{""terminology"": ""SNOMEDCT"", ""code_type"": ""1""}]"
187807003,Overlapping malignant lesion of retroperitoneum and peritoneum,SNOMED  CT codes,C2766,7287,CCU002_01 Cancer - Phenotypes - England primary care EHR: Cancer diagnosis,PH960,2138,CCU002_01 Cancer,"[{""terminology"": ""SNOMEDCT"", ""code_type"": ""1""}]"
187808008,Malignant neoplasm of specified parts of peritoneum,SNOMED  CT codes,C2766,7287,CCU002_01 Cancer - Phenotypes - England primary care EHR: Cancer diagnosis,PH960,2138,CCU002_01 Cancer,"[{""terminology"": ""SNOMEDCT"", ""code_type"": ""1""}]"
187809000,Malignant neoplasm of mesocolon (disorder),SNOMED  CT codes,C2766,7287,CCU002_01 Cancer - Phenotypes - England primary care EHR: Cancer diagnosis,PH960,2138,CCU002_01 Cancer,"[{""terminology"": ""SNOMEDCT"", ""code_type"": ""1""}]"
187811009,Malignant neoplasm of mesorectum,SNOMED  CT codes,C2766,7287,CCU002_01 Cancer - Phenotypes - England primary care EHR: Cancer diagnosis,PH960,2138,CCU002_01 Cancer,"[{""terminology"": ""SNOMEDCT"", ""code_type"": ""1""}]"
187814001,Malignant neoplasm of the pouch of Douglas,SNOMED  CT codes,C2766,7287,CCU002_01 Cancer - Phenotypes - England primary care EHR: Cancer diagnosis,PH960,2138,CCU002_01 Cancer,"[{""terminology"": ""SNOMEDCT"", ""code_type"": ""1""}]"
187821001,Angiosarcoma of spleen (disorder),SNOMED  CT codes,C2766,7287,CCU002_01 Cancer - Phenotypes - England primary care EHR: Cancer diagnosis,PH960,2138,CCU002_01 Cancer,"[{""terminology"": ""SNOMEDCT"", ""code_type"": ""1""}]"
187822008,Fibrosarcoma of spleen,SNOMED  CT codes,C2766,7287,CCU002_01 Cancer - Phenotypes - England primary care EHR: Cancer diagnosis,PH960,2138,CCU002_01 Cancer,"[{""terminology"": ""SNOMEDCT"", ""code_type"": ""1""}]"
187824009,"Malignant neoplasm, overlapping lesion of digestive system",SNOMED  CT codes,C2766,7287,CCU002_01 Cancer - Phenotypes - England primary care EHR: Cancer diagnosis,PH960,2138,CCU002_01 Cancer,"[{""terminology"": ""SNOMEDCT"", ""code_type"": ""1""}]"
187828007,"Malignant neoplasm of nasal cavities, middle ear and accessory sinuses",SNOMED  CT codes,C2766,7287,CCU002_01 Cancer - Phenotypes - England primary care EHR: Cancer diagnosis,PH960,2138,CCU002_01 Cancer,"[{""terminology"": ""SNOMEDCT"", ""code_type"": ""1""}]"
187829004,Malignant neoplasm of cartilage of nose,SNOMED  CT codes,C2766,7287,CCU002_01 Cancer - Phenotypes - England primary care EHR: Cancer diagnosis,PH960,2138,CCU002_01 Cancer,"[{""terminology"": ""SNOMEDCT"", ""code_type"": ""1""}]"
187830009,Malignant neoplasm of nasal conchae,SNOMED  CT codes,C2766,7287,CCU002_01 Cancer - Phenotypes - England primary care EHR: Cancer diagnosis,PH960,2138,CCU002_01 Cancer,"[{""terminology"": ""SNOMEDCT"", ""code_type"": ""1""}]"
187831008,Malignant tumour of nasal vestibule,SNOMED  CT codes,C2766,7287,CCU002_01 Cancer - Phenotypes - England primary care EHR: Cancer diagnosis,PH960,2138,CCU002_01 Cancer,"[{""terminology"": ""SNOMEDCT"", ""code_type"": ""1""}]"
187833006,"Malignant neoplasm of auditory tube, middle ear and mastoid air cells",SNOMED  CT codes,C2766,7287,CCU002_01 Cancer - Phenotypes - England primary care EHR: Cancer diagnosis,PH960,2138,CCU002_01 Cancer,"[{""terminology"": ""SNOMEDCT"", ""code_type"": ""1""}]"
187834000,Malignant tumor of Eustachian tube (disorder),SNOMED  CT codes,C2766,7287,CCU002_01 Cancer - Phenotypes - England primary care EHR: Cancer diagnosis,PH960,2138,CCU002_01 Cancer,"[{""terminology"": ""SNOMEDCT"", ""code_type"": ""1""}]"
187835004,Malignant tumour of tympanic cavity,SNOMED  CT codes,C2766,7287,CCU002_01 Cancer - Phenotypes - England primary care EHR: Cancer diagnosis,PH960,2138,CCU002_01 Cancer,"[{""terminology"": ""SNOMEDCT"", ""code_type"": ""1""}]"
187836003,Malignant tumor of tympanic antrum,SNOMED  CT codes,C2766,7287,CCU002_01 Cancer - Phenotypes - England primary care EHR: Cancer diagnosis,PH960,2138,CCU002_01 Cancer,"[{""terminology"": ""SNOMEDCT"", ""code_type"": ""1""}]"
187838002,"Malignant neoplasm, overlapping lesion of accessory sinuses",SNOMED  CT codes,C2766,7287,CCU002_01 Cancer - Phenotypes - England primary care EHR: Cancer diagnosis,PH960,2138,CCU002_01 Cancer,"[{""terminology"": ""SNOMEDCT"", ""code_type"": ""1""}]"
187841006,Malignant tumor of glottis,SNOMED  CT codes,C2766,7287,CCU002_01 Cancer - Phenotypes - England primary care EHR: Cancer diagnosis,PH960,2138,CCU002_01 Cancer,"[{""terminology"": ""SNOMEDCT"", ""code_type"": ""1""}]"
187842004,Malignant tumour of supraglottis,SNOMED  CT codes,C2766,7287,CCU002_01 Cancer - Phenotypes - England primary care EHR: Cancer diagnosis,PH960,2138,CCU002_01 Cancer,"[{""terminology"": ""SNOMEDCT"", ""code_type"": ""1""}]"
187843009,Malignant neoplasm of arytenoid cartilage,SNOMED  CT codes,C2766,7287,CCU002_01 Cancer - Phenotypes - England primary care EHR: Cancer diagnosis,PH960,2138,CCU002_01 Cancer,"[{""terminology"": ""SNOMEDCT"", ""code_type"": ""1""}]"
187844003,Malignant neoplasm of cricoid cartilage,SNOMED  CT codes,C2766,7287,CCU002_01 Cancer - Phenotypes - England primary care EHR: Cancer diagnosis,PH960,2138,CCU002_01 Cancer,"[{""terminology"": ""SNOMEDCT"", ""code_type"": ""1""}]"
187845002,Malignant neoplasm of cuneiform cartilage (disorder),SNOMED  CT codes,C2766,7287,CCU002_01 Cancer - Phenotypes - England primary care EHR: Cancer diagnosis,PH960,2138,CCU002_01 Cancer,"[{""terminology"": ""SNOMEDCT"", ""code_type"": ""1""}]"
187846001,Malignant neoplasm of thyroid cartilage,SNOMED  CT codes,C2766,7287,CCU002_01 Cancer - Phenotypes - England primary care EHR: Cancer diagnosis,PH960,2138,CCU002_01 Cancer,"[{""terminology"": ""SNOMEDCT"", ""code_type"": ""1""}]"
187853005,Malignant neoplasm of cartilage of trachea (disorder),SNOMED  CT codes,C2766,7287,CCU002_01 Cancer - Phenotypes - England primary care EHR: Cancer diagnosis,PH960,2138,CCU002_01 Cancer,"[{""terminology"": ""SNOMEDCT"", ""code_type"": ""1""}]"
187854004,Malignant neoplasm of mucosa of trachea,SNOMED  CT codes,C2766,7287,CCU002_01 Cancer - Phenotypes - England primary care EHR: Cancer diagnosis,PH960,2138,CCU002_01 Cancer,"[{""terminology"": ""SNOMEDCT"", ""code_type"": ""1""}]"
187857006,Malignant neoplasm of carina of bronchus,SNOMED  CT codes,C2766,7287,CCU002_01 Cancer - Phenotypes - England primary care EHR: Cancer diagnosis,PH960,2138,CCU002_01 Cancer,"[{""terminology"": ""SNOMEDCT"", ""code_type"": ""1""}]"
187861000,Malignant neoplasm of upper lobe bronchus,SNOMED  CT codes,C2766,7287,CCU002_01 Cancer - Phenotypes - England primary care EHR: Cancer diagnosis,PH960,2138,CCU002_01 Cancer,"[{""terminology"": ""SNOMEDCT"", ""code_type"": ""1""}]"
187862007,Malignant neoplasm of upper lobe of lung,SNOMED  CT codes,C2766,7287,CCU002_01 Cancer - Phenotypes - England primary care EHR: Cancer diagnosis,PH960,2138,CCU002_01 Cancer,"[{""terminology"": ""SNOMEDCT"", ""code_type"": ""1""}]"
187864008,"Malignant neoplasm of middle lobe, bronchus or lung",SNOMED  CT codes,C2766,7287,CCU002_01 Cancer - Phenotypes - England primary care EHR: Cancer diagnosis,PH960,2138,CCU002_01 Cancer,"[{""terminology"": ""SNOMEDCT"", ""code_type"": ""1""}]"
187865009,Malignant neoplasm of middle lobe bronchus,SNOMED  CT codes,C2766,7287,CCU002_01 Cancer - Phenotypes - England primary care EHR: Cancer diagnosis,PH960,2138,CCU002_01 Cancer,"[{""terminology"": ""SNOMEDCT"", ""code_type"": ""1""}]"
187866005,Malignant neoplasm of middle lobe of lung,SNOMED  CT codes,C2766,7287,CCU002_01 Cancer - Phenotypes - England primary care EHR: Cancer diagnosis,PH960,2138,CCU002_01 Cancer,"[{""terminology"": ""SNOMEDCT"", ""code_type"": ""1""}]"
187868006,"Malignant neoplasm of lower lobe, bronchus or lung",SNOMED  CT codes,C2766,7287,CCU002_01 Cancer - Phenotypes - England primary care EHR: Cancer diagnosis,PH960,2138,CCU002_01 Cancer,"[{""terminology"": ""SNOMEDCT"", ""code_type"": ""1""}]"
187869003,Malignant neoplasm of lower lobe bronchus,SNOMED  CT codes,C2766,7287,CCU002_01 Cancer - Phenotypes - England primary care EHR: Cancer diagnosis,PH960,2138,CCU002_01 Cancer,"[{""terminology"": ""SNOMEDCT"", ""code_type"": ""1""}]"
187870002,Malignant neoplasm of lower lobe of lung,SNOMED  CT codes,C2766,7287,CCU002_01 Cancer - Phenotypes - England primary care EHR: Cancer diagnosis,PH960,2138,CCU002_01 Cancer,"[{""terminology"": ""SNOMEDCT"", ""code_type"": ""1""}]"
187881004,"Malignant neoplasm of thymus, heart and mediastinum",SNOMED  CT codes,C2766,7287,CCU002_01 Cancer - Phenotypes - England primary care EHR: Cancer diagnosis,PH960,2138,CCU002_01 Cancer,"[{""terminology"": ""SNOMEDCT"", ""code_type"": ""1""}]"
187900002,Malignant neoplasm of bones of skull and face,SNOMED  CT codes,C2766,7287,CCU002_01 Cancer - Phenotypes - England primary care EHR: Cancer diagnosis,PH960,2138,CCU002_01 Cancer,"[{""terminology"": ""SNOMEDCT"", ""code_type"": ""1""}]"
187903000,Malignant neoplasm of malar bone,SNOMED  CT codes,C2766,7287,CCU002_01 Cancer - Phenotypes - England primary care EHR: Cancer diagnosis,PH960,2138,CCU002_01 Cancer,"[{""terminology"": ""SNOMEDCT"", ""code_type"": ""1""}]"
187906008,Malignant neoplasm of orbital bone,SNOMED  CT codes,C2766,7287,CCU002_01 Cancer - Phenotypes - England primary care EHR: Cancer diagnosis,PH960,2138,CCU002_01 Cancer,"[{""terminology"": ""SNOMEDCT"", ""code_type"": ""1""}]"
187916000,Malignant neoplasm of cervical vertebra,SNOMED  CT codes,C2766,7287,CCU002_01 Cancer - Phenotypes - England primary care EHR: Cancer diagnosis,PH960,2138,CCU002_01 Cancer,"[{""terminology"": ""SNOMEDCT"", ""code_type"": ""1""}]"
187917009,Malignant neoplasm of thoracic vertebra,SNOMED  CT codes,C2766,7287,CCU002_01 Cancer - Phenotypes - England primary care EHR: Cancer diagnosis,PH960,2138,CCU002_01 Cancer,"[{""terminology"": ""SNOMEDCT"", ""code_type"": ""1""}]"
187918004,Malignant neoplasm of lumbar vertebra,SNOMED  CT codes,C2766,7287,CCU002_01 Cancer - Phenotypes - England primary care EHR: Cancer diagnosis,PH960,2138,CCU002_01 Cancer,"[{""terminology"": ""SNOMEDCT"", ""code_type"": ""1""}]"
187920001,"Malignant neoplasm of ribs, sternum and clavicle",SNOMED  CT codes,C2766,7287,CCU002_01 Cancer - Phenotypes - England primary care EHR: Cancer diagnosis,PH960,2138,CCU002_01 Cancer,"[{""terminology"": ""SNOMEDCT"", ""code_type"": ""1""}]"
187925006,Malignant neoplasm of costal cartilage,SNOMED  CT codes,C2766,7287,CCU002_01 Cancer - Phenotypes - England primary care EHR: Cancer diagnosis,PH960,2138,CCU002_01 Cancer,"[{""terminology"": ""SNOMEDCT"", ""code_type"": ""1""}]"
187926007,Malignant neoplasm of costovertebral joint,SNOMED  CT codes,C2766,7287,CCU002_01 Cancer - Phenotypes - England primary care EHR: Cancer diagnosis,PH960,2138,CCU002_01 Cancer,"[{""terminology"": ""SNOMEDCT"", ""code_type"": ""1""}]"
187927003,Malignant neoplasm of xiphoid process,SNOMED  CT codes,C2766,7287,CCU002_01 Cancer - Phenotypes - England primary care EHR: Cancer diagnosis,PH960,2138,CCU002_01 Cancer,"[{""terminology"": ""SNOMEDCT"", ""code_type"": ""1""}]"
187929000,Malignant neoplasm of scapula and long bones of upper arm,SNOMED  CT codes,C2766,7287,CCU002_01 Cancer - Phenotypes - England primary care EHR: Cancer diagnosis,PH960,2138,CCU002_01 Cancer,"[{""terminology"": ""SNOMEDCT"", ""code_type"": ""1""}]"
187932002,Malignant neoplasm of humerus,SNOMED  CT codes,C2766,7287,CCU002_01 Cancer - Phenotypes - England primary care EHR: Cancer diagnosis,PH960,2138,CCU002_01 Cancer,"[{""terminology"": ""SNOMEDCT"", ""code_type"": ""1""}]"
187937008,Malignant neoplasm of carpal bone - scaphoid,SNOMED  CT codes,C2766,7287,CCU002_01 Cancer - Phenotypes - England primary care EHR: Cancer diagnosis,PH960,2138,CCU002_01 Cancer,"[{""terminology"": ""SNOMEDCT"", ""code_type"": ""1""}]"
187938003,Malignant neoplasm of carpal bone - lunate,SNOMED  CT codes,C2766,7287,CCU002_01 Cancer - Phenotypes - England primary care EHR: Cancer diagnosis,PH960,2138,CCU002_01 Cancer,"[{""terminology"": ""SNOMEDCT"", ""code_type"": ""1""}]"
187940008,Malignant neoplasm of carpal bone - pisiform (disorder),SNOMED  CT codes,C2766,7287,CCU002_01 Cancer - Phenotypes - England primary care EHR: Cancer diagnosis,PH960,2138,CCU002_01 Cancer,"[{""terminology"": ""SNOMEDCT"", ""code_type"": ""1""}]"
187941007,Malignant neoplasm of carpal bone - trapezium (disorder),SNOMED  CT codes,C2766,7287,CCU002_01 Cancer - Phenotypes - England primary care EHR: Cancer diagnosis,PH960,2138,CCU002_01 Cancer,"[{""terminology"": ""SNOMEDCT"", ""code_type"": ""1""}]"
187944004,Malignant neoplasm of carpal bone - hamate (disorder),SNOMED  CT codes,C2766,7287,CCU002_01 Cancer - Phenotypes - England primary care EHR: Cancer diagnosis,PH960,2138,CCU002_01 Cancer,"[{""terminology"": ""SNOMEDCT"", ""code_type"": ""1""}]"
187945003,Malignant neoplasm of first metacarpal bone (disorder),SNOMED  CT codes,C2766,7287,CCU002_01 Cancer - Phenotypes - England primary care EHR: Cancer diagnosis,PH960,2138,CCU002_01 Cancer,"[{""terminology"": ""SNOMEDCT"", ""code_type"": ""1""}]"
187946002,Malignant neoplasm of second metacarpal bone (disorder),SNOMED  CT codes,C2766,7287,CCU002_01 Cancer - Phenotypes - England primary care EHR: Cancer diagnosis,PH960,2138,CCU002_01 Cancer,"[{""terminology"": ""SNOMEDCT"", ""code_type"": ""1""}]"
187947006,Malignant neoplasm of third metacarpal bone (disorder),SNOMED  CT codes,C2766,7287,CCU002_01 Cancer - Phenotypes - England primary care EHR: Cancer diagnosis,PH960,2138,CCU002_01 Cancer,"[{""terminology"": ""SNOMEDCT"", ""code_type"": ""1""}]"
187948001,Malignant neoplasm of fourth metacarpal bone (disorder),SNOMED  CT codes,C2766,7287,CCU002_01 Cancer - Phenotypes - England primary care EHR: Cancer diagnosis,PH960,2138,CCU002_01 Cancer,"[{""terminology"": ""SNOMEDCT"", ""code_type"": ""1""}]"
187949009,Malignant neoplasm of fifth metacarpal bone,SNOMED  CT codes,C2766,7287,CCU002_01 Cancer - Phenotypes - England primary care EHR: Cancer diagnosis,PH960,2138,CCU002_01 Cancer,"[{""terminology"": ""SNOMEDCT"", ""code_type"": ""1""}]"
187950009,Malignant neoplasm of phalanges of hand,SNOMED  CT codes,C2766,7287,CCU002_01 Cancer - Phenotypes - England primary care EHR: Cancer diagnosis,PH960,2138,CCU002_01 Cancer,"[{""terminology"": ""SNOMEDCT"", ""code_type"": ""1""}]"
187952001,"Malignant neoplasm of pelvic bones, sacrum and coccyx",SNOMED  CT codes,C2766,7287,CCU002_01 Cancer - Phenotypes - England primary care EHR: Cancer diagnosis,PH960,2138,CCU002_01 Cancer,"[{""terminology"": ""SNOMEDCT"", ""code_type"": ""1""}]"
187956003,Malignant neoplasm of sacral vertebra,SNOMED  CT codes,C2766,7287,CCU002_01 Cancer - Phenotypes - England primary care EHR: Cancer diagnosis,PH960,2138,CCU002_01 Cancer,"[{""terminology"": ""SNOMEDCT"", ""code_type"": ""1""}]"
187957007,Malignant neoplasm of coccygeal vertebra,SNOMED  CT codes,C2766,7287,CCU002_01 Cancer - Phenotypes - England primary care EHR: Cancer diagnosis,PH960,2138,CCU002_01 Cancer,"[{""terminology"": ""SNOMEDCT"", ""code_type"": ""1""}]"
187967002,Malignant neoplasm of calcaneum,SNOMED  CT codes,C2766,7287,CCU002_01 Cancer - Phenotypes - England primary care EHR: Cancer diagnosis,PH960,2138,CCU002_01 Cancer,"[{""terminology"": ""SNOMEDCT"", ""code_type"": ""1""}]"
187968007,Malignant neoplasm of medial cuneiform,SNOMED  CT codes,C2766,7287,CCU002_01 Cancer - Phenotypes - England primary care EHR: Cancer diagnosis,PH960,2138,CCU002_01 Cancer,"[{""terminology"": ""SNOMEDCT"", ""code_type"": ""1""}]"
187973001,Malignant neoplasm of first metatarsal bone,SNOMED  CT codes,C2766,7287,CCU002_01 Cancer - Phenotypes - England primary care EHR: Cancer diagnosis,PH960,2138,CCU002_01 Cancer,"[{""terminology"": ""SNOMEDCT"", ""code_type"": ""1""}]"
187975008,Malignant neoplasm of third metatarsal bone (disorder),SNOMED  CT codes,C2766,7287,CCU002_01 Cancer - Phenotypes - England primary care EHR: Cancer diagnosis,PH960,2138,CCU002_01 Cancer,"[{""terminology"": ""SNOMEDCT"", ""code_type"": ""1""}]"
187976009,Malignant neoplasm of fourth metatarsal bone,SNOMED  CT codes,C2766,7287,CCU002_01 Cancer - Phenotypes - England primary care EHR: Cancer diagnosis,PH960,2138,CCU002_01 Cancer,"[{""terminology"": ""SNOMEDCT"", ""code_type"": ""1""}]"
187977000,Malignant neoplasm of fifth metatarsal bone (disorder),SNOMED  CT codes,C2766,7287,CCU002_01 Cancer - Phenotypes - England primary care EHR: Cancer diagnosis,PH960,2138,CCU002_01 Cancer,"[{""terminology"": ""SNOMEDCT"", ""code_type"": ""1""}]"
187978005,Malignant neoplasm of phalanges of foot,SNOMED  CT codes,C2766,7287,CCU002_01 Cancer - Phenotypes - England primary care EHR: Cancer diagnosis,PH960,2138,CCU002_01 Cancer,"[{""terminology"": ""SNOMEDCT"", ""code_type"": ""1""}]"
187987001,Malignant neoplasm of cartilage of ear,SNOMED  CT codes,C2766,7287,CCU002_01 Cancer - Phenotypes - England primary care EHR: Cancer diagnosis,PH960,2138,CCU002_01 Cancer,"[{""terminology"": ""SNOMEDCT"", ""code_type"": ""1""}]"
187988006,Malignant neoplasm of tarsus of eyelid,SNOMED  CT codes,C2766,7287,CCU002_01 Cancer - Phenotypes - England primary care EHR: Cancer diagnosis,PH960,2138,CCU002_01 Cancer,"[{""terminology"": ""SNOMEDCT"", ""code_type"": ""1""}]"
187989003,Malignant neoplasm soft tissues of cervical spine (disorder),SNOMED  CT codes,C2766,7287,CCU002_01 Cancer - Phenotypes - England primary care EHR: Cancer diagnosis,PH960,2138,CCU002_01 Cancer,"[{""terminology"": ""SNOMEDCT"", ""code_type"": ""1""}]"
187991006,Malignant neoplasm of connective and soft tissue of upper limb and shoulder,SNOMED  CT codes,C2766,7287,CCU002_01 Cancer - Phenotypes - England primary care EHR: Cancer diagnosis,PH960,2138,CCU002_01 Cancer,"[{""terminology"": ""SNOMEDCT"", ""code_type"": ""1""}]"
187992004,Malignant neoplasm of connective and soft tissue of shoulder,SNOMED  CT codes,C2766,7287,CCU002_01 Cancer - Phenotypes - England primary care EHR: Cancer diagnosis,PH960,2138,CCU002_01 Cancer,"[{""terminology"": ""SNOMEDCT"", ""code_type"": ""1""}]"
187993009,"Malignant neoplasm of connective and soft tissue, upper arm",SNOMED  CT codes,C2766,7287,CCU002_01 Cancer - Phenotypes - England primary care EHR: Cancer diagnosis,PH960,2138,CCU002_01 Cancer,"[{""terminology"": ""SNOMEDCT"", ""code_type"": ""1""}]"
187994003,Malignant neoplasm of connective and soft tissue of fore-arm,SNOMED  CT codes,C2766,7287,CCU002_01 Cancer - Phenotypes - England primary care EHR: Cancer diagnosis,PH960,2138,CCU002_01 Cancer,"[{""terminology"": ""SNOMEDCT"", ""code_type"": ""1""}]"
187995002,Malignant neoplasm of connective and soft tissue of hand,SNOMED  CT codes,C2766,7287,CCU002_01 Cancer - Phenotypes - England primary care EHR: Cancer diagnosis,PH960,2138,CCU002_01 Cancer,"[{""terminology"": ""SNOMEDCT"", ""code_type"": ""1""}]"
187996001,Malignant neoplasm of connective and soft tissue of finger,SNOMED  CT codes,C2766,7287,CCU002_01 Cancer - Phenotypes - England primary care EHR: Cancer diagnosis,PH960,2138,CCU002_01 Cancer,"[{""terminology"": ""SNOMEDCT"", ""code_type"": ""1""}]"
187997005,Malignant neoplasm of connective and soft tissue of thumb,SNOMED  CT codes,C2766,7287,CCU002_01 Cancer - Phenotypes - England primary care EHR: Cancer diagnosis,PH960,2138,CCU002_01 Cancer,"[{""terminology"": ""SNOMEDCT"", ""code_type"": ""1""}]"
187999008,Malignant neoplasm of connective and soft tissue of hip and lower limb,SNOMED  CT codes,C2766,7287,CCU002_01 Cancer - Phenotypes - England primary care EHR: Cancer diagnosis,PH960,2138,CCU002_01 Cancer,"[{""terminology"": ""SNOMEDCT"", ""code_type"": ""1""}]"
188000002,Malignant neoplasm of connective and soft tissue of hip,SNOMED  CT codes,C2766,7287,CCU002_01 Cancer - Phenotypes - England primary care EHR: Cancer diagnosis,PH960,2138,CCU002_01 Cancer,"[{""terminology"": ""SNOMEDCT"", ""code_type"": ""1""}]"
188001003,Malignant neoplasm of connective and soft tissue of thigh and upper leg,SNOMED  CT codes,C2766,7287,CCU002_01 Cancer - Phenotypes - England primary care EHR: Cancer diagnosis,PH960,2138,CCU002_01 Cancer,"[{""terminology"": ""SNOMEDCT"", ""code_type"": ""1""}]"
188002005,Malignant neoplasm of connective and soft tissue of popliteal space,SNOMED  CT codes,C2766,7287,CCU002_01 Cancer - Phenotypes - England primary care EHR: Cancer diagnosis,PH960,2138,CCU002_01 Cancer,"[{""terminology"": ""SNOMEDCT"", ""code_type"": ""1""}]"
188003000,Malignant neoplasm of connective and soft tissue of lower leg,SNOMED  CT codes,C2766,7287,CCU002_01 Cancer - Phenotypes - England primary care EHR: Cancer diagnosis,PH960,2138,CCU002_01 Cancer,"[{""terminology"": ""SNOMEDCT"", ""code_type"": ""1""}]"
188004006,Malignant neoplasm of connective and soft tissue of foot,SNOMED  CT codes,C2766,7287,CCU002_01 Cancer - Phenotypes - England primary care EHR: Cancer diagnosis,PH960,2138,CCU002_01 Cancer,"[{""terminology"": ""SNOMEDCT"", ""code_type"": ""1""}]"
188005007,Malignant neoplasm of connective and soft tissue of toe,SNOMED  CT codes,C2766,7287,CCU002_01 Cancer - Phenotypes - England primary care EHR: Cancer diagnosis,PH960,2138,CCU002_01 Cancer,"[{""terminology"": ""SNOMEDCT"", ""code_type"": ""1""}]"
188006008,Malignant neoplasm of connective and soft tissue of great toe (disorder),SNOMED  CT codes,C2766,7287,CCU002_01 Cancer - Phenotypes - England primary care EHR: Cancer diagnosis,PH960,2138,CCU002_01 Cancer,"[{""terminology"": ""SNOMEDCT"", ""code_type"": ""1""}]"
188009001,Malignant neoplasm of connective and soft tissue of thorax,SNOMED  CT codes,C2766,7287,CCU002_01 Cancer - Phenotypes - England primary care EHR: Cancer diagnosis,PH960,2138,CCU002_01 Cancer,"[{""terminology"": ""SNOMEDCT"", ""code_type"": ""1""}]"
188010006,Malignant neoplasm of connective and soft tissue of axilla,SNOMED  CT codes,C2766,7287,CCU002_01 Cancer - Phenotypes - England primary care EHR: Cancer diagnosis,PH960,2138,CCU002_01 Cancer,"[{""terminology"": ""SNOMEDCT"", ""code_type"": ""1""}]"
188013008,Malignant neoplasm of connective and soft tissues of thoracic spine,SNOMED  CT codes,C2766,7287,CCU002_01 Cancer - Phenotypes - England primary care EHR: Cancer diagnosis,PH960,2138,CCU002_01 Cancer,"[{""terminology"": ""SNOMEDCT"", ""code_type"": ""1""}]"
188015001,Malignant neoplasm of connective and soft tissue of abdomen,SNOMED  CT codes,C2766,7287,CCU002_01 Cancer - Phenotypes - England primary care EHR: Cancer diagnosis,PH960,2138,CCU002_01 Cancer,"[{""terminology"": ""SNOMEDCT"", ""code_type"": ""1""}]"
188016000,Malignant neoplasm of connective and soft tissue of abdominal wall,SNOMED  CT codes,C2766,7287,CCU002_01 Cancer - Phenotypes - England primary care EHR: Cancer diagnosis,PH960,2138,CCU002_01 Cancer,"[{""terminology"": ""SNOMEDCT"", ""code_type"": ""1""}]"
188017009,Malignant neoplasm of connective and soft tissues of lumbar spine,SNOMED  CT codes,C2766,7287,CCU002_01 Cancer - Phenotypes - England primary care EHR: Cancer diagnosis,PH960,2138,CCU002_01 Cancer,"[{""terminology"": ""SNOMEDCT"", ""code_type"": ""1""}]"
188019007,Malignant neoplasm of connective and soft tissue of pelvis,SNOMED  CT codes,C2766,7287,CCU002_01 Cancer - Phenotypes - England primary care EHR: Cancer diagnosis,PH960,2138,CCU002_01 Cancer,"[{""terminology"": ""SNOMEDCT"", ""code_type"": ""1""}]"
188020001,Malignant neoplasm of connective and soft tissue of buttock,SNOMED  CT codes,C2766,7287,CCU002_01 Cancer - Phenotypes - England primary care EHR: Cancer diagnosis,PH960,2138,CCU002_01 Cancer,"[{""terminology"": ""SNOMEDCT"", ""code_type"": ""1""}]"
188021002,Malignant neoplasm of connective and soft tissue of inguinal region,SNOMED  CT codes,C2766,7287,CCU002_01 Cancer - Phenotypes - England primary care EHR: Cancer diagnosis,PH960,2138,CCU002_01 Cancer,"[{""terminology"": ""SNOMEDCT"", ""code_type"": ""1""}]"
188022009,Malignant neoplasm of connective and soft tissue of perineum,SNOMED  CT codes,C2766,7287,CCU002_01 Cancer - Phenotypes - England primary care EHR: Cancer diagnosis,PH960,2138,CCU002_01 Cancer,"[{""terminology"": ""SNOMEDCT"", ""code_type"": ""1""}]"
188023004,Malignant neoplasm of connective and soft tissue of sacrum or coccyx (disorder),SNOMED  CT codes,C2766,7287,CCU002_01 Cancer - Phenotypes - England primary care EHR: Cancer diagnosis,PH960,2138,CCU002_01 Cancer,"[{""terminology"": ""SNOMEDCT"", ""code_type"": ""1""}]"
188029000,Kaposi's sarcoma of soft tissue,SNOMED  CT codes,C2766,7287,CCU002_01 Cancer - Phenotypes - England primary care EHR: Cancer diagnosis,PH960,2138,CCU002_01 Cancer,"[{""terminology"": ""SNOMEDCT"", ""code_type"": ""1""}]"
188030005,Malignant melanoma of lip,SNOMED  CT codes,C2766,7287,CCU002_01 Cancer - Phenotypes - England primary care EHR: Cancer diagnosis,PH960,2138,CCU002_01 Cancer,"[{""terminology"": ""SNOMEDCT"", ""code_type"": ""1""}]"
188032002,Malignant melanoma of ear and external auricular canal,SNOMED  CT codes,C2766,7287,CCU002_01 Cancer - Phenotypes - England primary care EHR: Cancer diagnosis,PH960,2138,CCU002_01 Cancer,"[{""terminology"": ""SNOMEDCT"", ""code_type"": ""1""}]"
188033007,Malignant melanoma of auricle (ear),SNOMED  CT codes,C2766,7287,CCU002_01 Cancer - Phenotypes - England primary care EHR: Cancer diagnosis,PH960,2138,CCU002_01 Cancer,"[{""terminology"": ""SNOMEDCT"", ""code_type"": ""1""}]"
188034001,Malignant melanoma of external auditory meatus,SNOMED  CT codes,C2766,7287,CCU002_01 Cancer - Phenotypes - England primary care EHR: Cancer diagnosis,PH960,2138,CCU002_01 Cancer,"[{""terminology"": ""SNOMEDCT"", ""code_type"": ""1""}]"
188038003,Malignant melanoma of chin,SNOMED  CT codes,C2766,7287,CCU002_01 Cancer - Phenotypes - England primary care EHR: Cancer diagnosis,PH960,2138,CCU002_01 Cancer,"[{""terminology"": ""SNOMEDCT"", ""code_type"": ""1""}]"
188040008,Malignant melanoma of forehead,SNOMED  CT codes,C2766,7287,CCU002_01 Cancer - Phenotypes - England primary care EHR: Cancer diagnosis,PH960,2138,CCU002_01 Cancer,"[{""terminology"": ""SNOMEDCT"", ""code_type"": ""1""}]"
188042000,Malignant melanoma of temple,SNOMED  CT codes,C2766,7287,CCU002_01 Cancer - Phenotypes - England primary care EHR: Cancer diagnosis,PH960,2138,CCU002_01 Cancer,"[{""terminology"": ""SNOMEDCT"", ""code_type"": ""1""}]"
188044004,Malignant melanoma of scalp and neck,SNOMED  CT codes,C2766,7287,CCU002_01 Cancer - Phenotypes - England primary care EHR: Cancer diagnosis,PH960,2138,CCU002_01 Cancer,"[{""terminology"": ""SNOMEDCT"", ""code_type"": ""1""}]"
188045003,Malignant melanoma of scalp,SNOMED  CT codes,C2766,7287,CCU002_01 Cancer - Phenotypes - England primary care EHR: Cancer diagnosis,PH960,2138,CCU002_01 Cancer,"[{""terminology"": ""SNOMEDCT"", ""code_type"": ""1""}]"
188046002,Malignant melanoma of neck,SNOMED  CT codes,C2766,7287,CCU002_01 Cancer - Phenotypes - England primary care EHR: Cancer diagnosis,PH960,2138,CCU002_01 Cancer,"[{""terminology"": ""SNOMEDCT"", ""code_type"": ""1""}]"
188049009,Malignant melanoma of axilla,SNOMED  CT codes,C2766,7287,CCU002_01 Cancer - Phenotypes - England primary care EHR: Cancer diagnosis,PH960,2138,CCU002_01 Cancer,"[{""terminology"": ""SNOMEDCT"", ""code_type"": ""1""}]"
188050009,Malignant melanoma of breast,SNOMED  CT codes,C2766,7287,CCU002_01 Cancer - Phenotypes - England primary care EHR: Cancer diagnosis,PH960,2138,CCU002_01 Cancer,"[{""terminology"": ""SNOMEDCT"", ""code_type"": ""1""}]"
188051008,Malignant melanoma of buttock,SNOMED  CT codes,C2766,7287,CCU002_01 Cancer - Phenotypes - England primary care EHR: Cancer diagnosis,PH960,2138,CCU002_01 Cancer,"[{""terminology"": ""SNOMEDCT"", ""code_type"": ""1""}]"
188052001,Malignant melanoma of groin,SNOMED  CT codes,C2766,7287,CCU002_01 Cancer - Phenotypes - England primary care EHR: Cancer diagnosis,PH960,2138,CCU002_01 Cancer,"[{""terminology"": ""SNOMEDCT"", ""code_type"": ""1""}]"
188054000,Malignant melanoma of perineum,SNOMED  CT codes,C2766,7287,CCU002_01 Cancer - Phenotypes - England primary care EHR: Cancer diagnosis,PH960,2138,CCU002_01 Cancer,"[{""terminology"": ""SNOMEDCT"", ""code_type"": ""1""}]"
188055004,Malignant melanoma of umbilicus,SNOMED  CT codes,C2766,7287,CCU002_01 Cancer - Phenotypes - England primary care EHR: Cancer diagnosis,PH960,2138,CCU002_01 Cancer,"[{""terminology"": ""SNOMEDCT"", ""code_type"": ""1""}]"
188060000,Malignant melanoma of shoulder,SNOMED  CT codes,C2766,7287,CCU002_01 Cancer - Phenotypes - England primary care EHR: Cancer diagnosis,PH960,2138,CCU002_01 Cancer,"[{""terminology"": ""SNOMEDCT"", ""code_type"": ""1""}]"
188061001,Malignant melanoma of upper arm,SNOMED  CT codes,C2766,7287,CCU002_01 Cancer - Phenotypes - England primary care EHR: Cancer diagnosis,PH960,2138,CCU002_01 Cancer,"[{""terminology"": ""SNOMEDCT"", ""code_type"": ""1""}]"
188062008,Malignant melanoma of fore-arm,SNOMED  CT codes,C2766,7287,CCU002_01 Cancer - Phenotypes - England primary care EHR: Cancer diagnosis,PH960,2138,CCU002_01 Cancer,"[{""terminology"": ""SNOMEDCT"", ""code_type"": ""1""}]"
188063003,Malignant melanoma of hand,SNOMED  CT codes,C2766,7287,CCU002_01 Cancer - Phenotypes - England primary care EHR: Cancer diagnosis,PH960,2138,CCU002_01 Cancer,"[{""terminology"": ""SNOMEDCT"", ""code_type"": ""1""}]"
188064009,Malignant melanoma of finger,SNOMED  CT codes,C2766,7287,CCU002_01 Cancer - Phenotypes - England primary care EHR: Cancer diagnosis,PH960,2138,CCU002_01 Cancer,"[{""terminology"": ""SNOMEDCT"", ""code_type"": ""1""}]"
188065005,Malignant melanoma of thumb,SNOMED  CT codes,C2766,7287,CCU002_01 Cancer - Phenotypes - England primary care EHR: Cancer diagnosis,PH960,2138,CCU002_01 Cancer,"[{""terminology"": ""SNOMEDCT"", ""code_type"": ""1""}]"
188067002,Malignant melanoma of lower limb and hip,SNOMED  CT codes,C2766,7287,CCU002_01 Cancer - Phenotypes - England primary care EHR: Cancer diagnosis,PH960,2138,CCU002_01 Cancer,"[{""terminology"": ""SNOMEDCT"", ""code_type"": ""1""}]"
188068007,Malignant melanoma of hip,SNOMED  CT codes,C2766,7287,CCU002_01 Cancer - Phenotypes - England primary care EHR: Cancer diagnosis,PH960,2138,CCU002_01 Cancer,"[{""terminology"": ""SNOMEDCT"", ""code_type"": ""1""}]"
188069004,Malignant melanoma of thigh,SNOMED  CT codes,C2766,7287,CCU002_01 Cancer - Phenotypes - England primary care EHR: Cancer diagnosis,PH960,2138,CCU002_01 Cancer,"[{""terminology"": ""SNOMEDCT"", ""code_type"": ""1""}]"
188070003,Malignant melanoma of knee,SNOMED  CT codes,C2766,7287,CCU002_01 Cancer - Phenotypes - England primary care EHR: Cancer diagnosis,PH960,2138,CCU002_01 Cancer,"[{""terminology"": ""SNOMEDCT"", ""code_type"": ""1""}]"
188071004,Malignant melanoma of popliteal fossa area,SNOMED  CT codes,C2766,7287,CCU002_01 Cancer - Phenotypes - England primary care EHR: Cancer diagnosis,PH960,2138,CCU002_01 Cancer,"[{""terminology"": ""SNOMEDCT"", ""code_type"": ""1""}]"
188072006,Malignant melanoma of lower leg,SNOMED  CT codes,C2766,7287,CCU002_01 Cancer - Phenotypes - England primary care EHR: Cancer diagnosis,PH960,2138,CCU002_01 Cancer,"[{""terminology"": ""SNOMEDCT"", ""code_type"": ""1""}]"
188073001,Malignant melanoma of ankle,SNOMED  CT codes,C2766,7287,CCU002_01 Cancer - Phenotypes - England primary care EHR: Cancer diagnosis,PH960,2138,CCU002_01 Cancer,"[{""terminology"": ""SNOMEDCT"", ""code_type"": ""1""}]"
188074007,Malignant melanoma of heel,SNOMED  CT codes,C2766,7287,CCU002_01 Cancer - Phenotypes - England primary care EHR: Cancer diagnosis,PH960,2138,CCU002_01 Cancer,"[{""terminology"": ""SNOMEDCT"", ""code_type"": ""1""}]"
188075008,Malignant melanoma of foot,SNOMED  CT codes,C2766,7287,CCU002_01 Cancer - Phenotypes - England primary care EHR: Cancer diagnosis,PH960,2138,CCU002_01 Cancer,"[{""terminology"": ""SNOMEDCT"", ""code_type"": ""1""}]"
188076009,Malignant melanoma of toe,SNOMED  CT codes,C2766,7287,CCU002_01 Cancer - Phenotypes - England primary care EHR: Cancer diagnosis,PH960,2138,CCU002_01 Cancer,"[{""terminology"": ""SNOMEDCT"", ""code_type"": ""1""}]"
188077000,Malignant melanoma of great toe,SNOMED  CT codes,C2766,7287,CCU002_01 Cancer - Phenotypes - England primary care EHR: Cancer diagnosis,PH960,2138,CCU002_01 Cancer,"[{""terminology"": ""SNOMEDCT"", ""code_type"": ""1""}]"
188102008,Malignant neoplasm of scalp AND/OR skin of neck (disorder),SNOMED  CT codes,C2766,7287,CCU002_01 Cancer - Phenotypes - England primary care EHR: Cancer diagnosis,PH960,2138,CCU002_01 Cancer,"[{""terminology"": ""SNOMEDCT"", ""code_type"": ""1""}]"
188147009,Malignant neoplasm of nipple and areola of female breast,SNOMED  CT codes,C2766,7287,CCU002_01 Cancer - Phenotypes - England primary care EHR: Cancer diagnosis,PH960,2138,CCU002_01 Cancer,"[{""terminology"": ""SNOMEDCT"", ""code_type"": ""1""}]"
188151006,Malignant neoplasm of central part of female breast,SNOMED  CT codes,C2766,7287,CCU002_01 Cancer - Phenotypes - England primary care EHR: Cancer diagnosis,PH960,2138,CCU002_01 Cancer,"[{""terminology"": ""SNOMEDCT"", ""code_type"": ""1""}]"
188152004,Malignant neoplasm of upper-inner quadrant of female breast,SNOMED  CT codes,C2766,7287,CCU002_01 Cancer - Phenotypes - England primary care EHR: Cancer diagnosis,PH960,2138,CCU002_01 Cancer,"[{""terminology"": ""SNOMEDCT"", ""code_type"": ""1""}]"
188153009,Malignant neoplasm of lower-inner quadrant of female breast,SNOMED  CT codes,C2766,7287,CCU002_01 Cancer - Phenotypes - England primary care EHR: Cancer diagnosis,PH960,2138,CCU002_01 Cancer,"[{""terminology"": ""SNOMEDCT"", ""code_type"": ""1""}]"
188154003,Malignant neoplasm of upper-outer quadrant of female breast,SNOMED  CT codes,C2766,7287,CCU002_01 Cancer - Phenotypes - England primary care EHR: Cancer diagnosis,PH960,2138,CCU002_01 Cancer,"[{""terminology"": ""SNOMEDCT"", ""code_type"": ""1""}]"
188155002,Malignant neoplasm of lower-outer quadrant of female breast,SNOMED  CT codes,C2766,7287,CCU002_01 Cancer - Phenotypes - England primary care EHR: Cancer diagnosis,PH960,2138,CCU002_01 Cancer,"[{""terminology"": ""SNOMEDCT"", ""code_type"": ""1""}]"
188156001,Malignant neoplasm of axillary tail of female breast,SNOMED  CT codes,C2766,7287,CCU002_01 Cancer - Phenotypes - England primary care EHR: Cancer diagnosis,PH960,2138,CCU002_01 Cancer,"[{""terminology"": ""SNOMEDCT"", ""code_type"": ""1""}]"
188157005,"Malignant neoplasm, overlapping lesion of breast",SNOMED  CT codes,C2766,7287,CCU002_01 Cancer - Phenotypes - England primary care EHR: Cancer diagnosis,PH960,2138,CCU002_01 Cancer,"[{""terminology"": ""SNOMEDCT"", ""code_type"": ""1""}]"
188159008,Malignant neoplasm of ectopic site of female breast,SNOMED  CT codes,C2766,7287,CCU002_01 Cancer - Phenotypes - England primary care EHR: Cancer diagnosis,PH960,2138,CCU002_01 Cancer,"[{""terminology"": ""SNOMEDCT"", ""code_type"": ""1""}]"
188163001,Malignant neoplasm of nipple and areola of male breast,SNOMED  CT codes,C2766,7287,CCU002_01 Cancer - Phenotypes - England primary care EHR: Cancer diagnosis,PH960,2138,CCU002_01 Cancer,"[{""terminology"": ""SNOMEDCT"", ""code_type"": ""1""}]"
188168005,Malignant neoplasm of ectopic site of male breast,SNOMED  CT codes,C2766,7287,CCU002_01 Cancer - Phenotypes - England primary care EHR: Cancer diagnosis,PH960,2138,CCU002_01 Cancer,"[{""terminology"": ""SNOMEDCT"", ""code_type"": ""1""}]"
188176007,Malignant neoplasm of endocervical canal,SNOMED  CT codes,C2766,7287,CCU002_01 Cancer - Phenotypes - England primary care EHR: Cancer diagnosis,PH960,2138,CCU002_01 Cancer,"[{""terminology"": ""SNOMEDCT"", ""code_type"": ""1""}]"
188177003,Malignant neoplasm of endocervical gland,SNOMED  CT codes,C2766,7287,CCU002_01 Cancer - Phenotypes - England primary care EHR: Cancer diagnosis,PH960,2138,CCU002_01 Cancer,"[{""terminology"": ""SNOMEDCT"", ""code_type"": ""1""}]"
188180002,"Malignant neoplasm, overlapping lesion of cervix uteri",SNOMED  CT codes,C2766,7287,CCU002_01 Cancer - Phenotypes - England primary care EHR: Cancer diagnosis,PH960,2138,CCU002_01 Cancer,"[{""terminology"": ""SNOMEDCT"", ""code_type"": ""1""}]"
188183000,Malignant neoplasm of cervical stump,SNOMED  CT codes,C2766,7287,CCU002_01 Cancer - Phenotypes - England primary care EHR: Cancer diagnosis,PH960,2138,CCU002_01 Cancer,"[{""terminology"": ""SNOMEDCT"", ""code_type"": ""1""}]"
188184006,Malignant neoplasm of squamocolumnar junction of cervix,SNOMED  CT codes,C2766,7287,CCU002_01 Cancer - Phenotypes - England primary care EHR: Cancer diagnosis,PH960,2138,CCU002_01 Cancer,"[{""terminology"": ""SNOMEDCT"", ""code_type"": ""1""}]"
188188009,Choriocarcinoma,SNOMED  CT codes,C2766,7287,CCU002_01 Cancer - Phenotypes - England primary care EHR: Cancer diagnosis,PH960,2138,CCU002_01 Cancer,"[{""terminology"": ""SNOMEDCT"", ""code_type"": ""1""}]"
188189001,"Malignant neoplasm of corpus uteri, excluding isthmus",SNOMED  CT codes,C2766,7287,CCU002_01 Cancer - Phenotypes - England primary care EHR: Cancer diagnosis,PH960,2138,CCU002_01 Cancer,"[{""terminology"": ""SNOMEDCT"", ""code_type"": ""1""}]"
188190005,Malignant neoplasm of cornu of corpus uteri,SNOMED  CT codes,C2766,7287,CCU002_01 Cancer - Phenotypes - England primary care EHR: Cancer diagnosis,PH960,2138,CCU002_01 Cancer,"[{""terminology"": ""SNOMEDCT"", ""code_type"": ""1""}]"
188191009,Malignant neoplasm of fundus of corpus uteri,SNOMED  CT codes,C2766,7287,CCU002_01 Cancer - Phenotypes - England primary care EHR: Cancer diagnosis,PH960,2138,CCU002_01 Cancer,"[{""terminology"": ""SNOMEDCT"", ""code_type"": ""1""}]"
188192002,Malignant neoplasm of endometrium of corpus uteri,SNOMED  CT codes,C2766,7287,CCU002_01 Cancer - Phenotypes - England primary care EHR: Cancer diagnosis,PH960,2138,CCU002_01 Cancer,"[{""terminology"": ""SNOMEDCT"", ""code_type"": ""1""}]"
188193007,Malignant neoplasm of myometrium of corpus uteri,SNOMED  CT codes,C2766,7287,CCU002_01 Cancer - Phenotypes - England primary care EHR: Cancer diagnosis,PH960,2138,CCU002_01 Cancer,"[{""terminology"": ""SNOMEDCT"", ""code_type"": ""1""}]"
188195000,Malignant neoplasm of isthmus of uterine body,SNOMED  CT codes,C2766,7287,CCU002_01 Cancer - Phenotypes - England primary care EHR: Cancer diagnosis,PH960,2138,CCU002_01 Cancer,"[{""terminology"": ""SNOMEDCT"", ""code_type"": ""1""}]"
188198003,Malignant neoplasm of overlapping lesion of corpus uteri,SNOMED  CT codes,C2766,7287,CCU002_01 Cancer - Phenotypes - England primary care EHR: Cancer diagnosis,PH960,2138,CCU002_01 Cancer,"[{""terminology"": ""SNOMEDCT"", ""code_type"": ""1""}]"
188204000,Malignant neoplasm of round ligament (disorder),SNOMED  CT codes,C2766,7287,CCU002_01 Cancer - Phenotypes - England primary care EHR: Cancer diagnosis,PH960,2138,CCU002_01 Cancer,"[{""terminology"": ""SNOMEDCT"", ""code_type"": ""1""}]"
188208002,Malignant neoplasm of Gartner's duct (disorder),SNOMED  CT codes,C2766,7287,CCU002_01 Cancer - Phenotypes - England primary care EHR: Cancer diagnosis,PH960,2138,CCU002_01 Cancer,"[{""terminology"": ""SNOMEDCT"", ""code_type"": ""1""}]"
188209005,Malignant neoplasm of vaginal vault,SNOMED  CT codes,C2766,7287,CCU002_01 Cancer - Phenotypes - England primary care EHR: Cancer diagnosis,PH960,2138,CCU002_01 Cancer,"[{""terminology"": ""SNOMEDCT"", ""code_type"": ""1""}]"
188211001,Malignant neoplasm of greater vestibular (Bartholin's) gland,SNOMED  CT codes,C2766,7287,CCU002_01 Cancer - Phenotypes - England primary care EHR: Cancer diagnosis,PH960,2138,CCU002_01 Cancer,"[{""terminology"": ""SNOMEDCT"", ""code_type"": ""1""}]"
188219004,Malignant tumour of undescended testis,SNOMED  CT codes,C2766,7287,CCU002_01 Cancer - Phenotypes - England primary care EHR: Cancer diagnosis,PH960,2138,CCU002_01 Cancer,"[{""terminology"": ""SNOMEDCT"", ""code_type"": ""1""}]"
188220005,Malignant tumor of ectopic testis (disorder),SNOMED  CT codes,C2766,7287,CCU002_01 Cancer - Phenotypes - England primary care EHR: Cancer diagnosis,PH960,2138,CCU002_01 Cancer,"[{""terminology"": ""SNOMEDCT"", ""code_type"": ""1""}]"
188230001,Malignant tumour of shaft of penis,SNOMED  CT codes,C2766,7287,CCU002_01 Cancer - Phenotypes - England primary care EHR: Cancer diagnosis,PH960,2138,CCU002_01 Cancer,"[{""terminology"": ""SNOMEDCT"", ""code_type"": ""1""}]"
188234005,Malignant neoplasm of seminal vesicle,SNOMED  CT codes,C2766,7287,CCU002_01 Cancer - Phenotypes - England primary care EHR: Cancer diagnosis,PH960,2138,CCU002_01 Cancer,"[{""terminology"": ""SNOMEDCT"", ""code_type"": ""1""}]"
188235006,Malignant tumor of tunica vaginalis,SNOMED  CT codes,C2766,7287,CCU002_01 Cancer - Phenotypes - England primary care EHR: Cancer diagnosis,PH960,2138,CCU002_01 Cancer,"[{""terminology"": ""SNOMEDCT"", ""code_type"": ""1""}]"
188239000,Malignant tumor of trigone of urinary bladder,SNOMED  CT codes,C2766,7287,CCU002_01 Cancer - Phenotypes - England primary care EHR: Cancer diagnosis,PH960,2138,CCU002_01 Cancer,"[{""terminology"": ""SNOMEDCT"", ""code_type"": ""1""}]"
188240003,Malignant tumour of vault of bladder,SNOMED  CT codes,C2766,7287,CCU002_01 Cancer - Phenotypes - England primary care EHR: Cancer diagnosis,PH960,2138,CCU002_01 Cancer,"[{""terminology"": ""SNOMEDCT"", ""code_type"": ""1""}]"
188241004,Malignant neoplasm of lateral wall of urinary bladder,SNOMED  CT codes,C2766,7287,CCU002_01 Cancer - Phenotypes - England primary care EHR: Cancer diagnosis,PH960,2138,CCU002_01 Cancer,"[{""terminology"": ""SNOMEDCT"", ""code_type"": ""1""}]"
188242006,Malignant neoplasm of anterior wall of urinary bladder,SNOMED  CT codes,C2766,7287,CCU002_01 Cancer - Phenotypes - England primary care EHR: Cancer diagnosis,PH960,2138,CCU002_01 Cancer,"[{""terminology"": ""SNOMEDCT"", ""code_type"": ""1""}]"
188243001,Malignant neoplasm of posterior wall of urinary bladder,SNOMED  CT codes,C2766,7287,CCU002_01 Cancer - Phenotypes - England primary care EHR: Cancer diagnosis,PH960,2138,CCU002_01 Cancer,"[{""terminology"": ""SNOMEDCT"", ""code_type"": ""1""}]"
188244007,Malignant tumour of bladder neck,SNOMED  CT codes,C2766,7287,CCU002_01 Cancer - Phenotypes - England primary care EHR: Cancer diagnosis,PH960,2138,CCU002_01 Cancer,"[{""terminology"": ""SNOMEDCT"", ""code_type"": ""1""}]"
188245008,Malignant neoplasm of ureteric orifice,SNOMED  CT codes,C2766,7287,CCU002_01 Cancer - Phenotypes - England primary care EHR: Cancer diagnosis,PH960,2138,CCU002_01 Cancer,"[{""terminology"": ""SNOMEDCT"", ""code_type"": ""1""}]"
188247000,"Malignant neoplasm, overlapping lesion of bladder",SNOMED  CT codes,C2766,7287,CCU002_01 Cancer - Phenotypes - England primary care EHR: Cancer diagnosis,PH960,2138,CCU002_01 Cancer,"[{""terminology"": ""SNOMEDCT"", ""code_type"": ""1""}]"
188250002,Malignant neoplasm of kidney parenchyma,SNOMED  CT codes,C2766,7287,CCU002_01 Cancer - Phenotypes - England primary care EHR: Cancer diagnosis,PH960,2138,CCU002_01 Cancer,"[{""terminology"": ""SNOMEDCT"", ""code_type"": ""1""}]"
188252005,Malignant neoplasm of renal calyx,SNOMED  CT codes,C2766,7287,CCU002_01 Cancer - Phenotypes - England primary care EHR: Cancer diagnosis,PH960,2138,CCU002_01 Cancer,"[{""terminology"": ""SNOMEDCT"", ""code_type"": ""1""}]"
188253000,Malignant tumour of pelviureteric junction,SNOMED  CT codes,C2766,7287,CCU002_01 Cancer - Phenotypes - England primary care EHR: Cancer diagnosis,PH960,2138,CCU002_01 Cancer,"[{""terminology"": ""SNOMEDCT"", ""code_type"": ""1""}]"
188256008,Malignant neoplasm of overlapping lesion of urinary organs,SNOMED  CT codes,C2766,7287,CCU002_01 Cancer - Phenotypes - England primary care EHR: Cancer diagnosis,PH960,2138,CCU002_01 Cancer,"[{""terminology"": ""SNOMEDCT"", ""code_type"": ""1""}]"
188261005,"Malignant neoplasm of eyeball excluding conjunctiva, cornea, retina and choroid",SNOMED  CT codes,C2766,7287,CCU002_01 Cancer - Phenotypes - England primary care EHR: Cancer diagnosis,PH960,2138,CCU002_01 Cancer,"[{""terminology"": ""SNOMEDCT"", ""code_type"": ""1""}]"
188263008,Malignant neoplasm of ciliary body,SNOMED  CT codes,C2766,7287,CCU002_01 Cancer - Phenotypes - England primary care EHR: Cancer diagnosis,PH960,2138,CCU002_01 Cancer,"[{""terminology"": ""SNOMEDCT"", ""code_type"": ""1""}]"
188264002,Malignant neoplasm of iris,SNOMED  CT codes,C2766,7287,CCU002_01 Cancer - Phenotypes - England primary care EHR: Cancer diagnosis,PH960,2138,CCU002_01 Cancer,"[{""terminology"": ""SNOMEDCT"", ""code_type"": ""1""}]"
188265001,Malignant neoplasm of crystalline lens (disorder),SNOMED  CT codes,C2766,7287,CCU002_01 Cancer - Phenotypes - England primary care EHR: Cancer diagnosis,PH960,2138,CCU002_01 Cancer,"[{""terminology"": ""SNOMEDCT"", ""code_type"": ""1""}]"
188266000,Malignant neoplasm of sclera (disorder),SNOMED  CT codes,C2766,7287,CCU002_01 Cancer - Phenotypes - England primary care EHR: Cancer diagnosis,PH960,2138,CCU002_01 Cancer,"[{""terminology"": ""SNOMEDCT"", ""code_type"": ""1""}]"
188268004,Malignant neoplasm of connective tissue of orbit,SNOMED  CT codes,C2766,7287,CCU002_01 Cancer - Phenotypes - England primary care EHR: Cancer diagnosis,PH960,2138,CCU002_01 Cancer,"[{""terminology"": ""SNOMEDCT"", ""code_type"": ""1""}]"
188269007,Malignant neoplasm of extraocular muscle of orbit (disorder),SNOMED  CT codes,C2766,7287,CCU002_01 Cancer - Phenotypes - England primary care EHR: Cancer diagnosis,PH960,2138,CCU002_01 Cancer,"[{""terminology"": ""SNOMEDCT"", ""code_type"": ""1""}]"
188272000,Malignant neoplasm of lacrimal gland,SNOMED  CT codes,C2766,7287,CCU002_01 Cancer - Phenotypes - England primary care EHR: Cancer diagnosis,PH960,2138,CCU002_01 Cancer,"[{""terminology"": ""SNOMEDCT"", ""code_type"": ""1""}]"
188273005,Malignant neoplasm of lacrimal sac,SNOMED  CT codes,C2766,7287,CCU002_01 Cancer - Phenotypes - England primary care EHR: Cancer diagnosis,PH960,2138,CCU002_01 Cancer,"[{""terminology"": ""SNOMEDCT"", ""code_type"": ""1""}]"
188274004,Malignant neoplasm of nasolacrimal duct,SNOMED  CT codes,C2766,7287,CCU002_01 Cancer - Phenotypes - England primary care EHR: Cancer diagnosis,PH960,2138,CCU002_01 Cancer,"[{""terminology"": ""SNOMEDCT"", ""code_type"": ""1""}]"
188280007,Malignant neoplasm of cerebrum (excluding lobes and ventricles),SNOMED  CT codes,C2766,7287,CCU002_01 Cancer - Phenotypes - England primary care EHR: Cancer diagnosis,PH960,2138,CCU002_01 Cancer,"[{""terminology"": ""SNOMEDCT"", ""code_type"": ""1""}]"
188281006,Malignant neoplasm of basal ganglia,SNOMED  CT codes,C2766,7287,CCU002_01 Cancer - Phenotypes - England primary care EHR: Cancer diagnosis,PH960,2138,CCU002_01 Cancer,"[{""terminology"": ""SNOMEDCT"", ""code_type"": ""1""}]"
188282004,Malignant neoplasm of cerebral cortex,SNOMED  CT codes,C2766,7287,CCU002_01 Cancer - Phenotypes - England primary care EHR: Cancer diagnosis,PH960,2138,CCU002_01 Cancer,"[{""terminology"": ""SNOMEDCT"", ""code_type"": ""1""}]"
188285002,Malignant neoplasm of globus pallidus,SNOMED  CT codes,C2766,7287,CCU002_01 Cancer - Phenotypes - England primary care EHR: Cancer diagnosis,PH960,2138,CCU002_01 Cancer,"[{""terminology"": ""SNOMEDCT"", ""code_type"": ""1""}]"
188286001,Malignant tumor of hypothalamus,SNOMED  CT codes,C2766,7287,CCU002_01 Cancer - Phenotypes - England primary care EHR: Cancer diagnosis,PH960,2138,CCU002_01 Cancer,"[{""terminology"": ""SNOMEDCT"", ""code_type"": ""1""}]"
188287005,Malignant neoplasm of thalamus,SNOMED  CT codes,C2766,7287,CCU002_01 Cancer - Phenotypes - England primary care EHR: Cancer diagnosis,PH960,2138,CCU002_01 Cancer,"[{""terminology"": ""SNOMEDCT"", ""code_type"": ""1""}]"
188289008,Malignant neoplasm of hippocampus,SNOMED  CT codes,C2766,7287,CCU002_01 Cancer - Phenotypes - England primary care EHR: Cancer diagnosis,PH960,2138,CCU002_01 Cancer,"[{""terminology"": ""SNOMEDCT"", ""code_type"": ""1""}]"
188292007,Malignant tumour of choroid plexus,SNOMED  CT codes,C2766,7287,CCU002_01 Cancer - Phenotypes - England primary care EHR: Cancer diagnosis,PH960,2138,CCU002_01 Cancer,"[{""terminology"": ""SNOMEDCT"", ""code_type"": ""1""}]"
188293002,Malignant neoplasm of floor of cerebral ventricle (disorder),SNOMED  CT codes,C2766,7287,CCU002_01 Cancer - Phenotypes - England primary care EHR: Cancer diagnosis,PH960,2138,CCU002_01 Cancer,"[{""terminology"": ""SNOMEDCT"", ""code_type"": ""1""}]"
188295009,Malignant neoplasm of cerebral peduncle,SNOMED  CT codes,C2766,7287,CCU002_01 Cancer - Phenotypes - England primary care EHR: Cancer diagnosis,PH960,2138,CCU002_01 Cancer,"[{""terminology"": ""SNOMEDCT"", ""code_type"": ""1""}]"
188296005,Malignant neoplasm of medulla oblongata,SNOMED  CT codes,C2766,7287,CCU002_01 Cancer - Phenotypes - England primary care EHR: Cancer diagnosis,PH960,2138,CCU002_01 Cancer,"[{""terminology"": ""SNOMEDCT"", ""code_type"": ""1""}]"
188297001,Malignant neoplasm of midbrain,SNOMED  CT codes,C2766,7287,CCU002_01 Cancer - Phenotypes - England primary care EHR: Cancer diagnosis,PH960,2138,CCU002_01 Cancer,"[{""terminology"": ""SNOMEDCT"", ""code_type"": ""1""}]"
188298006,Malignant neoplasm of pons,SNOMED  CT codes,C2766,7287,CCU002_01 Cancer - Phenotypes - England primary care EHR: Cancer diagnosis,PH960,2138,CCU002_01 Cancer,"[{""terminology"": ""SNOMEDCT"", ""code_type"": ""1""}]"
188301005,Malignant neoplasm of corpus callosum,SNOMED  CT codes,C2766,7287,CCU002_01 Cancer - Phenotypes - England primary care EHR: Cancer diagnosis,PH960,2138,CCU002_01 Cancer,"[{""terminology"": ""SNOMEDCT"", ""code_type"": ""1""}]"
188302003,Malignant neoplasm of tapetum (disorder),SNOMED  CT codes,C2766,7287,CCU002_01 Cancer - Phenotypes - England primary care EHR: Cancer diagnosis,PH960,2138,CCU002_01 Cancer,"[{""terminology"": ""SNOMEDCT"", ""code_type"": ""1""}]"
188307009,Malignant tumour of cranial nerve,SNOMED  CT codes,C2766,7287,CCU002_01 Cancer - Phenotypes - England primary care EHR: Cancer diagnosis,PH960,2138,CCU002_01 Cancer,"[{""terminology"": ""SNOMEDCT"", ""code_type"": ""1""}]"
188308004,Malignant neoplasm of olfactory bulb,SNOMED  CT codes,C2766,7287,CCU002_01 Cancer - Phenotypes - England primary care EHR: Cancer diagnosis,PH960,2138,CCU002_01 Cancer,"[{""terminology"": ""SNOMEDCT"", ""code_type"": ""1""}]"
188312005,Malignant neoplasm of cerebral dura mater (disorder),SNOMED  CT codes,C2766,7287,CCU002_01 Cancer - Phenotypes - England primary care EHR: Cancer diagnosis,PH960,2138,CCU002_01 Cancer,"[{""terminology"": ""SNOMEDCT"", ""code_type"": ""1""}]"
188313000,Malignant neoplasm of cerebral arachnoid mater (disorder),SNOMED  CT codes,C2766,7287,CCU002_01 Cancer - Phenotypes - England primary care EHR: Cancer diagnosis,PH960,2138,CCU002_01 Cancer,"[{""terminology"": ""SNOMEDCT"", ""code_type"": ""1""}]"
188315007,Malignant neoplasm of cerebral pia mater (disorder),SNOMED  CT codes,C2766,7287,CCU002_01 Cancer - Phenotypes - England primary care EHR: Cancer diagnosis,PH960,2138,CCU002_01 Cancer,"[{""terminology"": ""SNOMEDCT"", ""code_type"": ""1""}]"
188317004,Malignant neoplasm of spinal dura mater (disorder),SNOMED  CT codes,C2766,7287,CCU002_01 Cancer - Phenotypes - England primary care EHR: Cancer diagnosis,PH960,2138,CCU002_01 Cancer,"[{""terminology"": ""SNOMEDCT"", ""code_type"": ""1""}]"
188318009,Malignant neoplasm of spinal arachnoid mater (disorder),SNOMED  CT codes,C2766,7287,CCU002_01 Cancer - Phenotypes - England primary care EHR: Cancer diagnosis,PH960,2138,CCU002_01 Cancer,"[{""terminology"": ""SNOMEDCT"", ""code_type"": ""1""}]"
188319001,Malignant neoplasm of spinal pia mater (disorder),SNOMED  CT codes,C2766,7287,CCU002_01 Cancer - Phenotypes - England primary care EHR: Cancer diagnosis,PH960,2138,CCU002_01 Cancer,"[{""terminology"": ""SNOMEDCT"", ""code_type"": ""1""}]"
188321006,Malignant neoplasm of peripheral nerves and autonomic nervous system,SNOMED  CT codes,C2766,7287,CCU002_01 Cancer - Phenotypes - England primary care EHR: Cancer diagnosis,PH960,2138,CCU002_01 Cancer,"[{""terminology"": ""SNOMEDCT"", ""code_type"": ""1""}]"
188322004,"Malignant neoplasm of peripheral nerves of head, face and neck",SNOMED  CT codes,C2766,7287,CCU002_01 Cancer - Phenotypes - England primary care EHR: Cancer diagnosis,PH960,2138,CCU002_01 Cancer,"[{""terminology"": ""SNOMEDCT"", ""code_type"": ""1""}]"
188323009,"Malignant neoplasm of peripheral nerves of upper limb, including shoulder",SNOMED  CT codes,C2766,7287,CCU002_01 Cancer - Phenotypes - England primary care EHR: Cancer diagnosis,PH960,2138,CCU002_01 Cancer,"[{""terminology"": ""SNOMEDCT"", ""code_type"": ""1""}]"
188324003,"Malignant neoplasm of peripheral nerves of lower limb, including hip",SNOMED  CT codes,C2766,7287,CCU002_01 Cancer - Phenotypes - England primary care EHR: Cancer diagnosis,PH960,2138,CCU002_01 Cancer,"[{""terminology"": ""SNOMEDCT"", ""code_type"": ""1""}]"
188325002,Malignant neoplasm of peripheral nerve of thorax,SNOMED  CT codes,C2766,7287,CCU002_01 Cancer - Phenotypes - England primary care EHR: Cancer diagnosis,PH960,2138,CCU002_01 Cancer,"[{""terminology"": ""SNOMEDCT"", ""code_type"": ""1""}]"
188326001,Malignant neoplasm of peripheral nerve of abdomen,SNOMED  CT codes,C2766,7287,CCU002_01 Cancer - Phenotypes - England primary care EHR: Cancer diagnosis,PH960,2138,CCU002_01 Cancer,"[{""terminology"": ""SNOMEDCT"", ""code_type"": ""1""}]"
188327005,Malignant neoplasm of peripheral nerve of pelvis,SNOMED  CT codes,C2766,7287,CCU002_01 Cancer - Phenotypes - England primary care EHR: Cancer diagnosis,PH960,2138,CCU002_01 Cancer,"[{""terminology"": ""SNOMEDCT"", ""code_type"": ""1""}]"
188339002,Malignant neoplasm of pituitary gland and craniopharyngeal duct,SNOMED  CT codes,C2766,7287,CCU002_01 Cancer - Phenotypes - England primary care EHR: Cancer diagnosis,PH960,2138,CCU002_01 Cancer,"[{""terminology"": ""SNOMEDCT"", ""code_type"": ""1""}]"
188340000,Malignant tumor of craniopharyngeal duct,SNOMED  CT codes,C2766,7287,CCU002_01 Cancer - Phenotypes - England primary care EHR: Cancer diagnosis,PH960,2138,CCU002_01 Cancer,"[{""terminology"": ""SNOMEDCT"", ""code_type"": ""1""}]"
188353002,"Malignant neoplasm of head, neck and face",SNOMED  CT codes,C2766,7287,CCU002_01 Cancer - Phenotypes - England primary care EHR: Cancer diagnosis,PH960,2138,CCU002_01 Cancer,"[{""terminology"": ""SNOMEDCT"", ""code_type"": ""1""}]"
188361007,Malignant neoplasm of thorax,SNOMED  CT codes,C2766,7287,CCU002_01 Cancer - Phenotypes - England primary care EHR: Cancer diagnosis,PH960,2138,CCU002_01 Cancer,"[{""terminology"": ""SNOMEDCT"", ""code_type"": ""1""}]"
188366002,Malignant tumor of abdomen,SNOMED  CT codes,C2766,7287,CCU002_01 Cancer - Phenotypes - England primary care EHR: Cancer diagnosis,PH960,2138,CCU002_01 Cancer,"[{""terminology"": ""SNOMEDCT"", ""code_type"": ""1""}]"
188445006,Secondary malignant neoplasm of retroperitoneum and peritoneum,SNOMED  CT codes,C2766,7287,CCU002_01 Cancer - Phenotypes - England primary care EHR: Cancer diagnosis,PH960,2138,CCU002_01 Cancer,"[{""terminology"": ""SNOMEDCT"", ""code_type"": ""1""}]"
188454009,Secondary malignant neoplasm of skin of head,SNOMED  CT codes,C2766,7287,CCU002_01 Cancer - Phenotypes - England primary care EHR: Cancer diagnosis,PH960,2138,CCU002_01 Cancer,"[{""terminology"": ""SNOMEDCT"", ""code_type"": ""1""}]"
188458007,Secondary malignant neoplasm of skin of shoulder and arm,SNOMED  CT codes,C2766,7287,CCU002_01 Cancer - Phenotypes - England primary care EHR: Cancer diagnosis,PH960,2138,CCU002_01 Cancer,"[{""terminology"": ""SNOMEDCT"", ""code_type"": ""1""}]"
188459004,Secondary malignant neoplasm of skin of hip and leg,SNOMED  CT codes,C2766,7287,CCU002_01 Cancer - Phenotypes - England primary care EHR: Cancer diagnosis,PH960,2138,CCU002_01 Cancer,"[{""terminology"": ""SNOMEDCT"", ""code_type"": ""1""}]"
188462001,Secondary malignant neoplasm of brain and spinal cord,SNOMED  CT codes,C2766,7287,CCU002_01 Cancer - Phenotypes - England primary care EHR: Cancer diagnosis,PH960,2138,CCU002_01 Cancer,"[{""terminology"": ""SNOMEDCT"", ""code_type"": ""1""}]"
188469005,Secondary malignant neoplasm of cervix uteri,SNOMED  CT codes,C2766,7287,CCU002_01 Cancer - Phenotypes - England primary care EHR: Cancer diagnosis,PH960,2138,CCU002_01 Cancer,"[{""terminology"": ""SNOMEDCT"", ""code_type"": ""1""}]"
188478004,Malignant neoplasms of independent (primary) multiple sites,SNOMED  CT codes,C2766,7287,CCU002_01 Cancer - Phenotypes - England primary care EHR: Cancer diagnosis,PH960,2138,CCU002_01 Cancer,"[{""terminology"": ""SNOMEDCT"", ""code_type"": ""1""}]"
188487008,Lymphosarcoma and reticulosarcoma,SNOMED  CT codes,C2766,7287,CCU002_01 Cancer - Phenotypes - England primary care EHR: Cancer diagnosis,PH960,2138,CCU002_01 Cancer,"[{""terminology"": ""SNOMEDCT"", ""code_type"": ""1""}]"
188489006,"Reticulosarcoma of lymph nodes of head, face and neck",SNOMED  CT codes,C2766,7287,CCU002_01 Cancer - Phenotypes - England primary care EHR: Cancer diagnosis,PH960,2138,CCU002_01 Cancer,"[{""terminology"": ""SNOMEDCT"", ""code_type"": ""1""}]"
188492005,Reticulosarcoma of lymph nodes of axilla and upper limb (disorder),SNOMED  CT codes,C2766,7287,CCU002_01 Cancer - Phenotypes - England primary care EHR: Cancer diagnosis,PH960,2138,CCU002_01 Cancer,"[{""terminology"": ""SNOMEDCT"", ""code_type"": ""1""}]"
188493000,Reticulosarcoma of lymph nodes of inguinal region and lower limb (disorder),SNOMED  CT codes,C2766,7287,CCU002_01 Cancer - Phenotypes - England primary care EHR: Cancer diagnosis,PH960,2138,CCU002_01 Cancer,"[{""terminology"": ""SNOMEDCT"", ""code_type"": ""1""}]"
188498009,Lymphosarcoma,SNOMED  CT codes,C2766,7287,CCU002_01 Cancer - Phenotypes - England primary care EHR: Cancer diagnosis,PH960,2138,CCU002_01 Cancer,"[{""terminology"": ""SNOMEDCT"", ""code_type"": ""1""}]"
188500005,"Lymphosarcoma of lymph nodes of head, face and neck",SNOMED  CT codes,C2766,7287,CCU002_01 Cancer - Phenotypes - England primary care EHR: Cancer diagnosis,PH960,2138,CCU002_01 Cancer,"[{""terminology"": ""SNOMEDCT"", ""code_type"": ""1""}]"
188501009,Lymphosarcoma of intrathoracic lymph nodes,SNOMED  CT codes,C2766,7287,CCU002_01 Cancer - Phenotypes - England primary care EHR: Cancer diagnosis,PH960,2138,CCU002_01 Cancer,"[{""terminology"": ""SNOMEDCT"", ""code_type"": ""1""}]"
188502002,Lymphosarcoma of intra-abdominal lymph nodes,SNOMED  CT codes,C2766,7287,CCU002_01 Cancer - Phenotypes - England primary care EHR: Cancer diagnosis,PH960,2138,CCU002_01 Cancer,"[{""terminology"": ""SNOMEDCT"", ""code_type"": ""1""}]"
188503007,Lymphosarcoma of lymph nodes of axilla and upper limb (disorder),SNOMED  CT codes,C2766,7287,CCU002_01 Cancer - Phenotypes - England primary care EHR: Cancer diagnosis,PH960,2138,CCU002_01 Cancer,"[{""terminology"": ""SNOMEDCT"", ""code_type"": ""1""}]"
188504001,Lymphosarcoma of lymph nodes of inguinal region and lower limb,SNOMED  CT codes,C2766,7287,CCU002_01 Cancer - Phenotypes - England primary care EHR: Cancer diagnosis,PH960,2138,CCU002_01 Cancer,"[{""terminology"": ""SNOMEDCT"", ""code_type"": ""1""}]"
188506004,Lymphosarcoma of spleen,SNOMED  CT codes,C2766,7287,CCU002_01 Cancer - Phenotypes - England primary care EHR: Cancer diagnosis,PH960,2138,CCU002_01 Cancer,"[{""terminology"": ""SNOMEDCT"", ""code_type"": ""1""}]"
188507008,Lymphosarcoma of lymph nodes of multiple sites (disorder),SNOMED  CT codes,C2766,7287,CCU002_01 Cancer - Phenotypes - England primary care EHR: Cancer diagnosis,PH960,2138,CCU002_01 Cancer,"[{""terminology"": ""SNOMEDCT"", ""code_type"": ""1""}]"
188510001,"Burkitt's lymphoma of lymph nodes of head, face and neck",SNOMED  CT codes,C2766,7287,CCU002_01 Cancer - Phenotypes - England primary care EHR: Cancer diagnosis,PH960,2138,CCU002_01 Cancer,"[{""terminology"": ""SNOMEDCT"", ""code_type"": ""1""}]"
188511002,Burkitt's lymphoma of intrathoracic lymph nodes,SNOMED  CT codes,C2766,7287,CCU002_01 Cancer - Phenotypes - England primary care EHR: Cancer diagnosis,PH960,2138,CCU002_01 Cancer,"[{""terminology"": ""SNOMEDCT"", ""code_type"": ""1""}]"
188512009,Burkitt's lymphoma of intra-abdominal lymph nodes,SNOMED  CT codes,C2766,7287,CCU002_01 Cancer - Phenotypes - England primary care EHR: Cancer diagnosis,PH960,2138,CCU002_01 Cancer,"[{""terminology"": ""SNOMEDCT"", ""code_type"": ""1""}]"
188513004,Burkitt's lymphoma of lymph nodes of axilla and upper limb (disorder),SNOMED  CT codes,C2766,7287,CCU002_01 Cancer - Phenotypes - England primary care EHR: Cancer diagnosis,PH960,2138,CCU002_01 Cancer,"[{""terminology"": ""SNOMEDCT"", ""code_type"": ""1""}]"
188514005,Burkitt's lymphoma of lymph nodes of inguinal region and lower limb,SNOMED  CT codes,C2766,7287,CCU002_01 Cancer - Phenotypes - England primary care EHR: Cancer diagnosis,PH960,2138,CCU002_01 Cancer,"[{""terminology"": ""SNOMEDCT"", ""code_type"": ""1""}]"
188515006,Burkitt's lymphoma of intrapelvic lymph nodes (disorder),SNOMED  CT codes,C2766,7287,CCU002_01 Cancer - Phenotypes - England primary care EHR: Cancer diagnosis,PH960,2138,CCU002_01 Cancer,"[{""terminology"": ""SNOMEDCT"", ""code_type"": ""1""}]"
188516007,Burkitt's lymphoma of spleen (disorder),SNOMED  CT codes,C2766,7287,CCU002_01 Cancer - Phenotypes - England primary care EHR: Cancer diagnosis,PH960,2138,CCU002_01 Cancer,"[{""terminology"": ""SNOMEDCT"", ""code_type"": ""1""}]"
188517003,Burkitt's lymphoma of lymph nodes of multiple sites (disorder),SNOMED  CT codes,C2766,7287,CCU002_01 Cancer - Phenotypes - England primary care EHR: Cancer diagnosis,PH960,2138,CCU002_01 Cancer,"[{""terminology"": ""SNOMEDCT"", ""code_type"": ""1""}]"
188524002,Hodgkin's paragranuloma of intrathoracic lymph nodes (disorder),SNOMED  CT codes,C2766,7287,CCU002_01 Cancer - Phenotypes - England primary care EHR: Cancer diagnosis,PH960,2138,CCU002_01 Cancer,"[{""terminology"": ""SNOMEDCT"", ""code_type"": ""1""}]"
188531003,Hodgkin's paragranuloma of lymph nodes of multiple sites (disorder),SNOMED  CT codes,C2766,7287,CCU002_01 Cancer - Phenotypes - England primary care EHR: Cancer diagnosis,PH960,2138,CCU002_01 Cancer,"[{""terminology"": ""SNOMEDCT"", ""code_type"": ""1""}]"
188534006,"Hodgkin's granuloma of lymph nodes of head, face and neck",SNOMED  CT codes,C2766,7287,CCU002_01 Cancer - Phenotypes - England primary care EHR: Cancer diagnosis,PH960,2138,CCU002_01 Cancer,"[{""terminology"": ""SNOMEDCT"", ""code_type"": ""1""}]"
188536008,Hodgkin's granuloma of intra-abdominal lymph nodes (disorder),SNOMED  CT codes,C2766,7287,CCU002_01 Cancer - Phenotypes - England primary care EHR: Cancer diagnosis,PH960,2138,CCU002_01 Cancer,"[{""terminology"": ""SNOMEDCT"", ""code_type"": ""1""}]"
188537004,Hodgkin's granuloma of lymph nodes of axilla and upper limb (disorder),SNOMED  CT codes,C2766,7287,CCU002_01 Cancer - Phenotypes - England primary care EHR: Cancer diagnosis,PH960,2138,CCU002_01 Cancer,"[{""terminology"": ""SNOMEDCT"", ""code_type"": ""1""}]"
188538009,Hodgkin's granuloma of lymph nodes of inguinal region and lower limb (disorder),SNOMED  CT codes,C2766,7287,CCU002_01 Cancer - Phenotypes - England primary care EHR: Cancer diagnosis,PH960,2138,CCU002_01 Cancer,"[{""terminology"": ""SNOMEDCT"", ""code_type"": ""1""}]"
188541000,Hodgkin's granuloma of lymph nodes of multiple sites (disorder),SNOMED  CT codes,C2766,7287,CCU002_01 Cancer - Phenotypes - England primary care EHR: Cancer diagnosis,PH960,2138,CCU002_01 Cancer,"[{""terminology"": ""SNOMEDCT"", ""code_type"": ""1""}]"
188544008,"Hodgkin's sarcoma of lymph nodes of head, face and neck (disorder)",SNOMED  CT codes,C2766,7287,CCU002_01 Cancer - Phenotypes - England primary care EHR: Cancer diagnosis,PH960,2138,CCU002_01 Cancer,"[{""terminology"": ""SNOMEDCT"", ""code_type"": ""1""}]"
188547001,Hodgkin's sarcoma of lymph nodes of axilla and upper limb,SNOMED  CT codes,C2766,7287,CCU002_01 Cancer - Phenotypes - England primary care EHR: Cancer diagnosis,PH960,2138,CCU002_01 Cancer,"[{""terminology"": ""SNOMEDCT"", ""code_type"": ""1""}]"
188548006,Hodgkin's sarcoma of lymph nodes of inguinal region and lower limb (disorder),SNOMED  CT codes,C2766,7287,CCU002_01 Cancer - Phenotypes - England primary care EHR: Cancer diagnosis,PH960,2138,CCU002_01 Cancer,"[{""terminology"": ""SNOMEDCT"", ""code_type"": ""1""}]"
188551004,Hodgkin's sarcoma of lymph nodes of multiple sites (disorder),SNOMED  CT codes,C2766,7287,CCU002_01 Cancer - Phenotypes - England primary care EHR: Cancer diagnosis,PH960,2138,CCU002_01 Cancer,"[{""terminology"": ""SNOMEDCT"", ""code_type"": ""1""}]"
188554007,"Hodgkin's disease, lymphocytic-histiocytic predominance of lymph nodes of head, face and neck",SNOMED  CT codes,C2766,7287,CCU002_01 Cancer - Phenotypes - England primary care EHR: Cancer diagnosis,PH960,2138,CCU002_01 Cancer,"[{""terminology"": ""SNOMEDCT"", ""code_type"": ""1""}]"
188558005,"Hodgkin's disease, lymphocytic-histiocytic predominance of lymph nodes of axilla and upper limb (disorder)",SNOMED  CT codes,C2766,7287,CCU002_01 Cancer - Phenotypes - England primary care EHR: Cancer diagnosis,PH960,2138,CCU002_01 Cancer,"[{""terminology"": ""SNOMEDCT"", ""code_type"": ""1""}]"
188559002,"Hodgkin's disease, lymphocytic-histiocytic predominance of lymph nodes of inguinal region and lower limb",SNOMED  CT codes,C2766,7287,CCU002_01 Cancer - Phenotypes - England primary care EHR: Cancer diagnosis,PH960,2138,CCU002_01 Cancer,"[{""terminology"": ""SNOMEDCT"", ""code_type"": ""1""}]"
188562004,"Hodgkin's disease, lymphocytic-histiocytic predominance of lymph nodes of multiple sites (disorder)",SNOMED  CT codes,C2766,7287,CCU002_01 Cancer - Phenotypes - England primary care EHR: Cancer diagnosis,PH960,2138,CCU002_01 Cancer,"[{""terminology"": ""SNOMEDCT"", ""code_type"": ""1""}]"
188565002,"Hodgkin's disease, nodular sclerosis of lymph nodes of head, face and neck",SNOMED  CT codes,C2766,7287,CCU002_01 Cancer - Phenotypes - England primary care EHR: Cancer diagnosis,PH960,2138,CCU002_01 Cancer,"[{""terminology"": ""SNOMEDCT"", ""code_type"": ""1""}]"
188566001,"Hodgkin's disease, nodular sclerosis of intrathoracic lymph nodes",SNOMED  CT codes,C2766,7287,CCU002_01 Cancer - Phenotypes - England primary care EHR: Cancer diagnosis,PH960,2138,CCU002_01 Cancer,"[{""terminology"": ""SNOMEDCT"", ""code_type"": ""1""}]"
188567005,"Hodgkin's disease, nodular sclerosis of intra-abdominal lymph nodes",SNOMED  CT codes,C2766,7287,CCU002_01 Cancer - Phenotypes - England primary care EHR: Cancer diagnosis,PH960,2138,CCU002_01 Cancer,"[{""terminology"": ""SNOMEDCT"", ""code_type"": ""1""}]"
188568000,"Hodgkin's disease, nodular sclerosis of lymph nodes of axilla and upper limb",SNOMED  CT codes,C2766,7287,CCU002_01 Cancer - Phenotypes - England primary care EHR: Cancer diagnosis,PH960,2138,CCU002_01 Cancer,"[{""terminology"": ""SNOMEDCT"", ""code_type"": ""1""}]"
188569008,"Hodgkin's disease, nodular sclerosis of lymph nodes of inguinal region and lower limb (disorder)",SNOMED  CT codes,C2766,7287,CCU002_01 Cancer - Phenotypes - England primary care EHR: Cancer diagnosis,PH960,2138,CCU002_01 Cancer,"[{""terminology"": ""SNOMEDCT"", ""code_type"": ""1""}]"
188570009,"Hodgkin's disease, nodular sclerosis of intrapelvic lymph nodes (disorder)",SNOMED  CT codes,C2766,7287,CCU002_01 Cancer - Phenotypes - England primary care EHR: Cancer diagnosis,PH960,2138,CCU002_01 Cancer,"[{""terminology"": ""SNOMEDCT"", ""code_type"": ""1""}]"
188572001,"Hodgkin's disease, nodular sclerosis of lymph nodes of multiple sites",SNOMED  CT codes,C2766,7287,CCU002_01 Cancer - Phenotypes - England primary care EHR: Cancer diagnosis,PH960,2138,CCU002_01 Cancer,"[{""terminology"": ""SNOMEDCT"", ""code_type"": ""1""}]"
188575004,"Hodgkin's disease, mixed cellularity of lymph nodes of head, face and neck",SNOMED  CT codes,C2766,7287,CCU002_01 Cancer - Phenotypes - England primary care EHR: Cancer diagnosis,PH960,2138,CCU002_01 Cancer,"[{""terminology"": ""SNOMEDCT"", ""code_type"": ""1""}]"
188576003,"Hodgkin's disease, mixed cellularity of intrathoracic lymph nodes",SNOMED  CT codes,C2766,7287,CCU002_01 Cancer - Phenotypes - England primary care EHR: Cancer diagnosis,PH960,2138,CCU002_01 Cancer,"[{""terminology"": ""SNOMEDCT"", ""code_type"": ""1""}]"
188577007,"Hodgkin's disease, mixed cellularity of intra-abdominal lymph nodes (disorder)",SNOMED  CT codes,C2766,7287,CCU002_01 Cancer - Phenotypes - England primary care EHR: Cancer diagnosis,PH960,2138,CCU002_01 Cancer,"[{""terminology"": ""SNOMEDCT"", ""code_type"": ""1""}]"
188578002,"Hodgkin's disease, mixed cellularity of lymph nodes of axilla and upper limb (disorder)",SNOMED  CT codes,C2766,7287,CCU002_01 Cancer - Phenotypes - England primary care EHR: Cancer diagnosis,PH960,2138,CCU002_01 Cancer,"[{""terminology"": ""SNOMEDCT"", ""code_type"": ""1""}]"
188579005,"Hodgkin's disease, mixed cellularity of lymph nodes of inguinal region and lower limb (disorder)",SNOMED  CT codes,C2766,7287,CCU002_01 Cancer - Phenotypes - England primary care EHR: Cancer diagnosis,PH960,2138,CCU002_01 Cancer,"[{""terminology"": ""SNOMEDCT"", ""code_type"": ""1""}]"
188580008,"Hodgkin's disease, mixed cellularity of intrapelvic lymph nodes (disorder)",SNOMED  CT codes,C2766,7287,CCU002_01 Cancer - Phenotypes - England primary care EHR: Cancer diagnosis,PH960,2138,CCU002_01 Cancer,"[{""terminology"": ""SNOMEDCT"", ""code_type"": ""1""}]"
188582000,"Hodgkin's disease, mixed cellularity of lymph nodes of multiple sites (disorder)",SNOMED  CT codes,C2766,7287,CCU002_01 Cancer - Phenotypes - England primary care EHR: Cancer diagnosis,PH960,2138,CCU002_01 Cancer,"[{""terminology"": ""SNOMEDCT"", ""code_type"": ""1""}]"
188585003,"Hodgkin's disease, lymphocytic depletion of lymph nodes of head, face and neck (disorder)",SNOMED  CT codes,C2766,7287,CCU002_01 Cancer - Phenotypes - England primary care EHR: Cancer diagnosis,PH960,2138,CCU002_01 Cancer,"[{""terminology"": ""SNOMEDCT"", ""code_type"": ""1""}]"
188586002,"Hodgkin's disease, lymphocytic depletion of intrathoracic lymph nodes (disorder)",SNOMED  CT codes,C2766,7287,CCU002_01 Cancer - Phenotypes - England primary care EHR: Cancer diagnosis,PH960,2138,CCU002_01 Cancer,"[{""terminology"": ""SNOMEDCT"", ""code_type"": ""1""}]"
188587006,"Hodgkin's disease, lymphocytic depletion of intra-abdominal lymph nodes (disorder)",SNOMED  CT codes,C2766,7287,CCU002_01 Cancer - Phenotypes - England primary care EHR: Cancer diagnosis,PH960,2138,CCU002_01 Cancer,"[{""terminology"": ""SNOMEDCT"", ""code_type"": ""1""}]"
188589009,"Hodgkin's disease, lymphocytic depletion of lymph nodes of axilla and upper limb",SNOMED  CT codes,C2766,7287,CCU002_01 Cancer - Phenotypes - England primary care EHR: Cancer diagnosis,PH960,2138,CCU002_01 Cancer,"[{""terminology"": ""SNOMEDCT"", ""code_type"": ""1""}]"
188590000,"Hodgkin's disease, lymphocytic depletion of lymph nodes of inguinal region and lower limb (disorder)",SNOMED  CT codes,C2766,7287,CCU002_01 Cancer - Phenotypes - England primary care EHR: Cancer diagnosis,PH960,2138,CCU002_01 Cancer,"[{""terminology"": ""SNOMEDCT"", ""code_type"": ""1""}]"
188592008,"Hodgkin's disease, lymphocytic depletion of spleen",SNOMED  CT codes,C2766,7287,CCU002_01 Cancer - Phenotypes - England primary care EHR: Cancer diagnosis,PH960,2138,CCU002_01 Cancer,"[{""terminology"": ""SNOMEDCT"", ""code_type"": ""1""}]"
188593003,"Hodgkin's disease, lymphocytic depletion of lymph nodes of multiple sites (disorder)",SNOMED  CT codes,C2766,7287,CCU002_01 Cancer - Phenotypes - England primary care EHR: Cancer diagnosis,PH960,2138,CCU002_01 Cancer,"[{""terminology"": ""SNOMEDCT"", ""code_type"": ""1""}]"
188609000,"Nodular lymphoma of lymph nodes of head, face and neck",SNOMED  CT codes,C2766,7287,CCU002_01 Cancer - Phenotypes - England primary care EHR: Cancer diagnosis,PH960,2138,CCU002_01 Cancer,"[{""terminology"": ""SNOMEDCT"", ""code_type"": ""1""}]"
188612002,Nodular lymphoma of lymph nodes of axilla and upper limb (disorder),SNOMED  CT codes,C2766,7287,CCU002_01 Cancer - Phenotypes - England primary care EHR: Cancer diagnosis,PH960,2138,CCU002_01 Cancer,"[{""terminology"": ""SNOMEDCT"", ""code_type"": ""1""}]"
188613007,Nodular lymphoma of lymph nodes of inguinal region and lower limb,SNOMED  CT codes,C2766,7287,CCU002_01 Cancer - Phenotypes - England primary care EHR: Cancer diagnosis,PH960,2138,CCU002_01 Cancer,"[{""terminology"": ""SNOMEDCT"", ""code_type"": ""1""}]"
188627002,Mycosis fungoides of lymph nodes of multiple sites,SNOMED  CT codes,C2766,7287,CCU002_01 Cancer - Phenotypes - England primary care EHR: Cancer diagnosis,PH960,2138,CCU002_01 Cancer,"[{""terminology"": ""SNOMEDCT"", ""code_type"": ""1""}]"
188633006,Sezary's disease of lymph nodes of axilla and upper limb (disorder),SNOMED  CT codes,C2766,7287,CCU002_01 Cancer - Phenotypes - England primary care EHR: Cancer diagnosis,PH960,2138,CCU002_01 Cancer,"[{""terminology"": ""SNOMEDCT"", ""code_type"": ""1""}]"
188637007,Sezary's disease of lymph nodes of multiple sites (disorder),SNOMED  CT codes,C2766,7287,CCU002_01 Cancer - Phenotypes - England primary care EHR: Cancer diagnosis,PH960,2138,CCU002_01 Cancer,"[{""terminology"": ""SNOMEDCT"", ""code_type"": ""1""}]"
188640007,"Malignant histiocytosis of lymph nodes of head, face and neck",SNOMED  CT codes,C2766,7287,CCU002_01 Cancer - Phenotypes - England primary care EHR: Cancer diagnosis,PH960,2138,CCU002_01 Cancer,"[{""terminology"": ""SNOMEDCT"", ""code_type"": ""1""}]"
188641006,Malignant histiocytosis of lymph nodes of axilla and upper limb (disorder),SNOMED  CT codes,C2766,7287,CCU002_01 Cancer - Phenotypes - England primary care EHR: Cancer diagnosis,PH960,2138,CCU002_01 Cancer,"[{""terminology"": ""SNOMEDCT"", ""code_type"": ""1""}]"
188642004,Malignant histiocytosis of lymph nodes of inguinal region and lower limb (disorder),SNOMED  CT codes,C2766,7287,CCU002_01 Cancer - Phenotypes - England primary care EHR: Cancer diagnosis,PH960,2138,CCU002_01 Cancer,"[{""terminology"": ""SNOMEDCT"", ""code_type"": ""1""}]"
188645002,"Leukaemic reticuloendotheliosis of lymph nodes of head, face and neck",SNOMED  CT codes,C2766,7287,CCU002_01 Cancer - Phenotypes - England primary care EHR: Cancer diagnosis,PH960,2138,CCU002_01 Cancer,"[{""terminology"": ""SNOMEDCT"", ""code_type"": ""1""}]"
188660004,Malignant mast cell tumours,SNOMED  CT codes,C2766,7287,CCU002_01 Cancer - Phenotypes - England primary care EHR: Cancer diagnosis,PH960,2138,CCU002_01 Cancer,"[{""terminology"": ""SNOMEDCT"", ""code_type"": ""1""}]"
188662007,"Mast cell malignancy of lymph nodes of head, face and neck (disorder)",SNOMED  CT codes,C2766,7287,CCU002_01 Cancer - Phenotypes - England primary care EHR: Cancer diagnosis,PH960,2138,CCU002_01 Cancer,"[{""terminology"": ""SNOMEDCT"", ""code_type"": ""1""}]"
188664008,Mast cell malignancy of intra-abdominal lymph nodes (disorder),SNOMED  CT codes,C2766,7287,CCU002_01 Cancer - Phenotypes - England primary care EHR: Cancer diagnosis,PH960,2138,CCU002_01 Cancer,"[{""terminology"": ""SNOMEDCT"", ""code_type"": ""1""}]"
188665009,Mast cell malignancy of lymph nodes of axilla and upper limb (disorder),SNOMED  CT codes,C2766,7287,CCU002_01 Cancer - Phenotypes - England primary care EHR: Cancer diagnosis,PH960,2138,CCU002_01 Cancer,"[{""terminology"": ""SNOMEDCT"", ""code_type"": ""1""}]"
188666005,Mast cell malignancy of lymph nodes of inguinal region and lower limb,SNOMED  CT codes,C2766,7287,CCU002_01 Cancer - Phenotypes - England primary care EHR: Cancer diagnosis,PH960,2138,CCU002_01 Cancer,"[{""terminology"": ""SNOMEDCT"", ""code_type"": ""1""}]"
188668006,Mast cell malignancy of spleen (disorder),SNOMED  CT codes,C2766,7287,CCU002_01 Cancer - Phenotypes - England primary care EHR: Cancer diagnosis,PH960,2138,CCU002_01 Cancer,"[{""terminology"": ""SNOMEDCT"", ""code_type"": ""1""}]"
188669003,Mast cell malignancy of lymph nodes of multiple sites,SNOMED  CT codes,C2766,7287,CCU002_01 Cancer - Phenotypes - England primary care EHR: Cancer diagnosis,PH960,2138,CCU002_01 Cancer,"[{""terminology"": ""SNOMEDCT"", ""code_type"": ""1""}]"
188672005,Follicular non-Hodgkin's mixed small cleaved and large cell lymphoma,SNOMED  CT codes,C2766,7287,CCU002_01 Cancer - Phenotypes - England primary care EHR: Cancer diagnosis,PH960,2138,CCU002_01 Cancer,"[{""terminology"": ""SNOMEDCT"", ""code_type"": ""1""}]"
188674006,Diffuse malignant lymphoma - small non-cleaved cell,SNOMED  CT codes,C2766,7287,CCU002_01 Cancer - Phenotypes - England primary care EHR: Cancer diagnosis,PH960,2138,CCU002_01 Cancer,"[{""terminology"": ""SNOMEDCT"", ""code_type"": ""1""}]"
188675007,Malignant lymphoma - small cleaved cell (disorder),SNOMED  CT codes,C2766,7287,CCU002_01 Cancer - Phenotypes - England primary care EHR: Cancer diagnosis,PH960,2138,CCU002_01 Cancer,"[{""terminology"": ""SNOMEDCT"", ""code_type"": ""1""}]"
188676008,Malignant lymphoma - mixed small and large cell,SNOMED  CT codes,C2766,7287,CCU002_01 Cancer - Phenotypes - England primary care EHR: Cancer diagnosis,PH960,2138,CCU002_01 Cancer,"[{""terminology"": ""SNOMEDCT"", ""code_type"": ""1""}]"
188679001,Diffuse non-Hodgkin's lymphoma undifferentiated (diffuse),SNOMED  CT codes,C2766,7287,CCU002_01 Cancer - Phenotypes - England primary care EHR: Cancer diagnosis,PH960,2138,CCU002_01 Cancer,"[{""terminology"": ""SNOMEDCT"", ""code_type"": ""1""}]"
188691005,Malignant immunoproliferative small intestinal disease,SNOMED  CT codes,C2766,7287,CCU002_01 Cancer - Phenotypes - England primary care EHR: Cancer diagnosis,PH960,2138,CCU002_01 Cancer,"[{""terminology"": ""SNOMEDCT"", ""code_type"": ""1""}]"
188718006,Extramedullary plasmacytoma (clinical),SNOMED  CT codes,C2766,7287,CCU002_01 Cancer - Phenotypes - England primary care EHR: Cancer diagnosis,PH960,2138,CCU002_01 Cancer,"[{""terminology"": ""SNOMEDCT"", ""code_type"": ""1""}]"
188725004,Lymphatic leukaemia,SNOMED  CT codes,C2766,7287,CCU002_01 Cancer - Phenotypes - England primary care EHR: Cancer diagnosis,PH960,2138,CCU002_01 Cancer,"[{""terminology"": ""SNOMEDCT"", ""code_type"": ""1""}]"
188726003,Subacute lymphoid leukemia,SNOMED  CT codes,C2766,7287,CCU002_01 Cancer - Phenotypes - England primary care EHR: Cancer diagnosis,PH960,2138,CCU002_01 Cancer,"[{""terminology"": ""SNOMEDCT"", ""code_type"": ""1""}]"
188728002,Aleukemic lymphoid leukemia (disorder),SNOMED  CT codes,C2766,7287,CCU002_01 Cancer - Phenotypes - England primary care EHR: Cancer diagnosis,PH960,2138,CCU002_01 Cancer,"[{""terminology"": ""SNOMEDCT"", ""code_type"": ""1""}]"
188729005,Adult T-cell leukaemia,SNOMED  CT codes,C2766,7287,CCU002_01 Cancer - Phenotypes - England primary care EHR: Cancer diagnosis,PH960,2138,CCU002_01 Cancer,"[{""terminology"": ""SNOMEDCT"", ""code_type"": ""1""}]"
188732008,Myeloid leukemia,SNOMED  CT codes,C2766,7287,CCU002_01 Cancer - Phenotypes - England primary care EHR: Cancer diagnosis,PH960,2138,CCU002_01 Cancer,"[{""terminology"": ""SNOMEDCT"", ""code_type"": ""1""}]"
188733003,Chronic eosinophilic leukaemia,SNOMED  CT codes,C2766,7287,CCU002_01 Cancer - Phenotypes - England primary care EHR: Cancer diagnosis,PH960,2138,CCU002_01 Cancer,"[{""terminology"": ""SNOMEDCT"", ""code_type"": ""1""}]"
188734009,Chronic neutrophilic leukemia,SNOMED  CT codes,C2766,7287,CCU002_01 Cancer - Phenotypes - England primary care EHR: Cancer diagnosis,PH960,2138,CCU002_01 Cancer,"[{""terminology"": ""SNOMEDCT"", ""code_type"": ""1""}]"
188736006,Subacute myeloid leukaemia,SNOMED  CT codes,C2766,7287,CCU002_01 Cancer - Phenotypes - England primary care EHR: Cancer diagnosis,PH960,2138,CCU002_01 Cancer,"[{""terminology"": ""SNOMEDCT"", ""code_type"": ""1""}]"
188737002,Chloroma,SNOMED  CT codes,C2766,7287,CCU002_01 Cancer - Phenotypes - England primary care EHR: Cancer diagnosis,PH960,2138,CCU002_01 Cancer,"[{""terminology"": ""SNOMEDCT"", ""code_type"": ""1""}]"
188738007,Granulocytic sarcoma,SNOMED  CT codes,C2766,7287,CCU002_01 Cancer - Phenotypes - England primary care EHR: Cancer diagnosis,PH960,2138,CCU002_01 Cancer,"[{""terminology"": ""SNOMEDCT"", ""code_type"": ""1""}]"
188741003,Aleukemic myeloid leukemia (disorder),SNOMED  CT codes,C2766,7287,CCU002_01 Cancer - Phenotypes - England primary care EHR: Cancer diagnosis,PH960,2138,CCU002_01 Cancer,"[{""terminology"": ""SNOMEDCT"", ""code_type"": ""1""}]"
188744006,Histiocytic leukemia,SNOMED  CT codes,C2766,7287,CCU002_01 Cancer - Phenotypes - England primary care EHR: Cancer diagnosis,PH960,2138,CCU002_01 Cancer,"[{""terminology"": ""SNOMEDCT"", ""code_type"": ""1""}]"
188745007,Chronic monocytic leukemia,SNOMED  CT codes,C2766,7287,CCU002_01 Cancer - Phenotypes - England primary care EHR: Cancer diagnosis,PH960,2138,CCU002_01 Cancer,"[{""terminology"": ""SNOMEDCT"", ""code_type"": ""1""}]"
188746008,Subacute monocytic leukaemia,SNOMED  CT codes,C2766,7287,CCU002_01 Cancer - Phenotypes - England primary care EHR: Cancer diagnosis,PH960,2138,CCU002_01 Cancer,"[{""terminology"": ""SNOMEDCT"", ""code_type"": ""1""}]"
188754005,Thrombocytic leukemia,SNOMED  CT codes,C2766,7287,CCU002_01 Cancer - Phenotypes - England primary care EHR: Cancer diagnosis,PH960,2138,CCU002_01 Cancer,"[{""terminology"": ""SNOMEDCT"", ""code_type"": ""1""}]"
188768003,Myelomonocytic leukaemia,SNOMED  CT codes,C2766,7287,CCU002_01 Cancer - Phenotypes - England primary care EHR: Cancer diagnosis,PH960,2138,CCU002_01 Cancer,"[{""terminology"": ""SNOMEDCT"", ""code_type"": ""1""}]"
188770007,Subacute myelomonocytic leukaemia,SNOMED  CT codes,C2766,7287,CCU002_01 Cancer - Phenotypes - England primary care EHR: Cancer diagnosis,PH960,2138,CCU002_01 Cancer,"[{""terminology"": ""SNOMEDCT"", ""code_type"": ""1""}]"
189509003,"Refractory anemia without sideroblasts, so stated (disorder)",SNOMED  CT codes,C2766,7287,CCU002_01 Cancer - Phenotypes - England primary care EHR: Cancer diagnosis,PH960,2138,CCU002_01 Cancer,"[{""terminology"": ""SNOMEDCT"", ""code_type"": ""1""}]"
190030009,Compound leukemias (disorder),SNOMED  CT codes,C2766,7287,CCU002_01 Cancer - Phenotypes - England primary care EHR: Cancer diagnosis,PH960,2138,CCU002_01 Cancer,"[{""terminology"": ""SNOMEDCT"", ""code_type"": ""1""}]"
190818004,waldenstrom's macroglobulinemia (disorder),SNOMED  CT codes,C2766,7287,CCU002_01 Cancer - Phenotypes - England primary care EHR: Cancer diagnosis,PH960,2138,CCU002_01 Cancer,"[{""terminology"": ""SNOMEDCT"", ""code_type"": ""1""}]"
190955000,Histiocytosis X syndrome (disorder),SNOMED  CT codes,C2766,7287,CCU002_01 Cancer - Phenotypes - England primary care EHR: Cancer diagnosis,PH960,2138,CCU002_01 Cancer,"[{""terminology"": ""SNOMEDCT"", ""code_type"": ""1""}]"
230156002,Malignant meningitis (disorder),SNOMED  CT codes,C2766,7287,CCU002_01 Cancer - Phenotypes - England primary care EHR: Cancer diagnosis,PH960,2138,CCU002_01 Cancer,"[{""terminology"": ""SNOMEDCT"", ""code_type"": ""1""}]"
230257000,Paraneoplastic motor neurone disease,SNOMED  CT codes,C2766,7287,CCU002_01 Cancer - Phenotypes - England primary care EHR: Cancer diagnosis,PH960,2138,CCU002_01 Cancer,"[{""terminology"": ""SNOMEDCT"", ""code_type"": ""1""}]"
230586003,Neuropathy due to multiple myeloma,SNOMED  CT codes,C2766,7287,CCU002_01 Cancer - Phenotypes - England primary care EHR: Cancer diagnosis,PH960,2138,CCU002_01 Cancer,"[{""terminology"": ""SNOMEDCT"", ""code_type"": ""1""}]"
230685009,Myasthenia gravis associated with thymoma (disorder),SNOMED  CT codes,C2766,7287,CCU002_01 Cancer - Phenotypes - England primary care EHR: Cancer diagnosis,PH960,2138,CCU002_01 Cancer,"[{""terminology"": ""SNOMEDCT"", ""code_type"": ""1""}]"
231829006,Malignant neoplasm of eyelid (disorder),SNOMED  CT codes,C2766,7287,CCU002_01 Cancer - Phenotypes - England primary care EHR: Cancer diagnosis,PH960,2138,CCU002_01 Cancer,"[{""terminology"": ""SNOMEDCT"", ""code_type"": ""1""}]"
231831002,Squamous cell carcinoma of eyelid (disorder),SNOMED  CT codes,C2766,7287,CCU002_01 Cancer - Phenotypes - England primary care EHR: Cancer diagnosis,PH960,2138,CCU002_01 Cancer,"[{""terminology"": ""SNOMEDCT"", ""code_type"": ""1""}]"
231833004,Sebaceous adenocarcinoma of eyelid (disorder),SNOMED  CT codes,C2766,7287,CCU002_01 Cancer - Phenotypes - England primary care EHR: Cancer diagnosis,PH960,2138,CCU002_01 Cancer,"[{""terminology"": ""SNOMEDCT"", ""code_type"": ""1""}]"
231834005,Malignant melanoma of eyelid,SNOMED  CT codes,C2766,7287,CCU002_01 Cancer - Phenotypes - England primary care EHR: Cancer diagnosis,PH960,2138,CCU002_01 Cancer,"[{""terminology"": ""SNOMEDCT"", ""code_type"": ""1""}]"
231835006,Kaposi's sarcoma of eyelid (disorder),SNOMED  CT codes,C2766,7287,CCU002_01 Cancer - Phenotypes - England primary care EHR: Cancer diagnosis,PH960,2138,CCU002_01 Cancer,"[{""terminology"": ""SNOMEDCT"", ""code_type"": ""1""}]"
232075002,Lymphoma of retina (disorder),SNOMED  CT codes,C2766,7287,CCU002_01 Cancer - Phenotypes - England primary care EHR: Cancer diagnosis,PH960,2138,CCU002_01 Cancer,"[{""terminology"": ""SNOMEDCT"", ""code_type"": ""1""}]"
2.32681E+14,Chemotherapy delivery (procedure),SNOMED  CT codes,C2766,7287,CCU002_01 Cancer - Phenotypes - England primary care EHR: Cancer diagnosis,PH960,2138,CCU002_01 Cancer,"[{""terminology"": ""SNOMEDCT"", ""code_type"": ""1""}]"
233940007,Pulmonary tumor embolism (disorder),SNOMED  CT codes,C2766,7287,CCU002_01 Cancer - Phenotypes - England primary care EHR: Cancer diagnosis,PH960,2138,CCU002_01 Cancer,"[{""terminology"": ""SNOMEDCT"", ""code_type"": ""1""}]"
2.35331E+14,Delivery of oral chemotherapy for neoplasm (regime/therapy),SNOMED  CT codes,C2766,7287,CCU002_01 Cancer - Phenotypes - England primary care EHR: Cancer diagnosis,PH960,2138,CCU002_01 Cancer,"[{""terminology"": ""SNOMEDCT"", ""code_type"": ""1""}]"
2.35391E+14,Delivery of chemotherapy for neoplasm (procedure),SNOMED  CT codes,C2766,7287,CCU002_01 Cancer - Phenotypes - England primary care EHR: Cancer diagnosis,PH960,2138,CCU002_01 Cancer,"[{""terminology"": ""SNOMEDCT"", ""code_type"": ""1""}]"
235966007,Cystadenocarcinoma of pancreas (disorder),SNOMED  CT codes,C2766,7287,CCU002_01 Cancer - Phenotypes - England primary care EHR: Cancer diagnosis,PH960,2138,CCU002_01 Cancer,"[{""terminology"": ""SNOMEDCT"", ""code_type"": ""1""}]"
236005001,Malignant ascites,SNOMED  CT codes,C2766,7287,CCU002_01 Cancer - Phenotypes - England primary care EHR: Cancer diagnosis,PH960,2138,CCU002_01 Cancer,"[{""terminology"": ""SNOMEDCT"", ""code_type"": ""1""}]"
236513009,Lymphoma of kidney (disorder),SNOMED  CT codes,C2766,7287,CCU002_01 Cancer - Phenotypes - England primary care EHR: Cancer diagnosis,PH960,2138,CCU002_01 Cancer,"[{""terminology"": ""SNOMEDCT"", ""code_type"": ""1""}]"
237252008,Placental site trophoblastic tumor (disorder),SNOMED  CT codes,C2766,7287,CCU002_01 Cancer - Phenotypes - England primary care EHR: Cancer diagnosis,PH960,2138,CCU002_01 Cancer,"[{""terminology"": ""SNOMEDCT"", ""code_type"": ""1""}]"
237833006,Carcinoid crisis (disorder),SNOMED  CT codes,C2766,7287,CCU002_01 Cancer - Phenotypes - England primary care EHR: Cancer diagnosis,PH960,2138,CCU002_01 Cancer,"[{""terminology"": ""SNOMEDCT"", ""code_type"": ""1""}]"
23833000,Poisoning caused by antineoplastic AND/OR immunosuppressive drug (disorder),SNOMED  CT codes,C2766,7287,CCU002_01 Cancer - Phenotypes - England primary care EHR: Cancer diagnosis,PH960,2138,CCU002_01 Cancer,"[{""terminology"": ""SNOMEDCT"", ""code_type"": ""1""}]"
2.38831E+14,Delivery of exclusively oral chemotherapy for neoplasm (regime/therapy),SNOMED  CT codes,C2766,7287,CCU002_01 Cancer - Phenotypes - England primary care EHR: Cancer diagnosis,PH960,2138,CCU002_01 Cancer,"[{""terminology"": ""SNOMEDCT"", ""code_type"": ""1""}]"
2.38841E+14,Delivery of complex chemotherapy for neoplasm including prolonged infusional treatment at first attendance (procedure),SNOMED  CT codes,C2766,7287,CCU002_01 Cancer - Phenotypes - England primary care EHR: Cancer diagnosis,PH960,2138,CCU002_01 Cancer,"[{""terminology"": ""SNOMEDCT"", ""code_type"": ""1""}]"
2.38851E+14,Delivery of complex parenteral chemotherapy for neoplasm at first attendance (procedure),SNOMED  CT codes,C2766,7287,CCU002_01 Cancer - Phenotypes - England primary care EHR: Cancer diagnosis,PH960,2138,CCU002_01 Cancer,"[{""terminology"": ""SNOMEDCT"", ""code_type"": ""1""}]"
2.38861E+14,Delivery of simple parenteral chemotherapy for neoplasm at first attendance (procedure),SNOMED  CT codes,C2766,7287,CCU002_01 Cancer - Phenotypes - England primary care EHR: Cancer diagnosis,PH960,2138,CCU002_01 Cancer,"[{""terminology"": ""SNOMEDCT"", ""code_type"": ""1""}]"
2.39071E+14,Delivery of subsequent element of cycle of chemotherapy for neoplasm (procedure),SNOMED  CT codes,C2766,7287,CCU002_01 Cancer - Phenotypes - England primary care EHR: Cancer diagnosis,PH960,2138,CCU002_01 Cancer,"[{""terminology"": ""SNOMEDCT"", ""code_type"": ""1""}]"
239297008,Lymphomatoid granulomatosis of the lung (disorder),SNOMED  CT codes,C2766,7287,CCU002_01 Cancer - Phenotypes - England primary care EHR: Cancer diagnosis,PH960,2138,CCU002_01 Cancer,"[{""terminology"": ""SNOMEDCT"", ""code_type"": ""1""}]"
239898008,Polymyositis with malignant disease,SNOMED  CT codes,C2766,7287,CCU002_01 Cancer - Phenotypes - England primary care EHR: Cancer diagnosis,PH960,2138,CCU002_01 Cancer,"[{""terminology"": ""SNOMEDCT"", ""code_type"": ""1""}]"
239901009,Dermatopolymyositis in neoplastic disease,SNOMED  CT codes,C2766,7287,CCU002_01 Cancer - Phenotypes - England primary care EHR: Cancer diagnosis,PH960,2138,CCU002_01 Cancer,"[{""terminology"": ""SNOMEDCT"", ""code_type"": ""1""}]"
240531002,African Burkitt's lymphoma (disorder),SNOMED  CT codes,C2766,7287,CCU002_01 Cancer - Phenotypes - England primary care EHR: Cancer diagnosis,PH960,2138,CCU002_01 Cancer,"[{""terminology"": ""SNOMEDCT"", ""code_type"": ""1""}]"
240794006,Splenic schistosomal giant cell lymphoma (disorder),SNOMED  CT codes,C2766,7287,CCU002_01 Cancer - Phenotypes - England primary care EHR: Cancer diagnosis,PH960,2138,CCU002_01 Cancer,"[{""terminology"": ""SNOMEDCT"", ""code_type"": ""1""}]"
2.48331E+14,Cancer monitoring telephone invitation (procedure),SNOMED  CT codes,C2766,7287,CCU002_01 Cancer - Phenotypes - England primary care EHR: Cancer diagnosis,PH960,2138,CCU002_01 Cancer,"[{""terminology"": ""SNOMEDCT"", ""code_type"": ""1""}]"
253000007,Neuroendocrine carcinoma (disorder),SNOMED  CT codes,C2766,7287,CCU002_01 Cancer - Phenotypes - England primary care EHR: Cancer diagnosis,PH960,2138,CCU002_01 Cancer,"[{""terminology"": ""SNOMEDCT"", ""code_type"": ""1""}]"
253001006,Merkel cell carcinoma (disorder),SNOMED  CT codes,C2766,7287,CCU002_01 Cancer - Phenotypes - England primary care EHR: Cancer diagnosis,PH960,2138,CCU002_01 Cancer,"[{""terminology"": ""SNOMEDCT"", ""code_type"": ""1""}]"
253003009,Carcinoid bronchial adenoma (disorder),SNOMED  CT codes,C2766,7287,CCU002_01 Cancer - Phenotypes - England primary care EHR: Cancer diagnosis,PH960,2138,CCU002_01 Cancer,"[{""terminology"": ""SNOMEDCT"", ""code_type"": ""1""}]"
253006001,Somatostatinoma (disorder),SNOMED  CT codes,C2766,7287,CCU002_01 Cancer - Phenotypes - England primary care EHR: Cancer diagnosis,PH960,2138,CCU002_01 Cancer,"[{""terminology"": ""SNOMEDCT"", ""code_type"": ""1""}]"
253017000,Klatskin's tumor (disorder),SNOMED  CT codes,C2766,7287,CCU002_01 Cancer - Phenotypes - England primary care EHR: Cancer diagnosis,PH960,2138,CCU002_01 Cancer,"[{""terminology"": ""SNOMEDCT"", ""code_type"": ""1""}]"
253018005,Fibrolamellar hepatocellular carcinoma (disorder),SNOMED  CT codes,C2766,7287,CCU002_01 Cancer - Phenotypes - England primary care EHR: Cancer diagnosis,PH960,2138,CCU002_01 Cancer,"[{""terminology"": ""SNOMEDCT"", ""code_type"": ""1""}]"
253042009,Myxoid dermatofibrosarcoma protuberans (disorder),SNOMED  CT codes,C2766,7287,CCU002_01 Cancer - Phenotypes - England primary care EHR: Cancer diagnosis,PH960,2138,CCU002_01 Cancer,"[{""terminology"": ""SNOMEDCT"", ""code_type"": ""1""}]"
253096008,Peripheral neuroectodermal tumor (disorder),SNOMED  CT codes,C2766,7287,CCU002_01 Cancer - Phenotypes - England primary care EHR: Cancer diagnosis,PH960,2138,CCU002_01 Cancer,"[{""terminology"": ""SNOMEDCT"", ""code_type"": ""1""}]"
254389005,Carcinoma of vermilion border of upper lip (disorder),SNOMED  CT codes,C2766,7287,CCU002_01 Cancer - Phenotypes - England primary care EHR: Cancer diagnosis,PH960,2138,CCU002_01 Cancer,"[{""terminology"": ""SNOMEDCT"", ""code_type"": ""1""}]"
254412006,Malignant tumor of tip of tongue (disorder),SNOMED  CT codes,C2766,7287,CCU002_01 Cancer - Phenotypes - England primary care EHR: Cancer diagnosis,PH960,2138,CCU002_01 Cancer,"[{""terminology"": ""SNOMEDCT"", ""code_type"": ""1""}]"
254423005,Carcinoma of lingual tonsil (disorder),SNOMED  CT codes,C2766,7287,CCU002_01 Cancer - Phenotypes - England primary care EHR: Cancer diagnosis,PH960,2138,CCU002_01 Cancer,"[{""terminology"": ""SNOMEDCT"", ""code_type"": ""1""}]"
254424004,Carcinoma of upper gum (disorder),SNOMED  CT codes,C2766,7287,CCU002_01 Cancer - Phenotypes - England primary care EHR: Cancer diagnosis,PH960,2138,CCU002_01 Cancer,"[{""terminology"": ""SNOMEDCT"", ""code_type"": ""1""}]"
254425003,Carcinoma of lower gum (disorder),SNOMED  CT codes,C2766,7287,CCU002_01 Cancer - Phenotypes - England primary care EHR: Cancer diagnosis,PH960,2138,CCU002_01 Cancer,"[{""terminology"": ""SNOMEDCT"", ""code_type"": ""1""}]"
254427006,Carcinoma of anterior part of floor of mouth (disorder),SNOMED  CT codes,C2766,7287,CCU002_01 Cancer - Phenotypes - England primary care EHR: Cancer diagnosis,PH960,2138,CCU002_01 Cancer,"[{""terminology"": ""SNOMEDCT"", ""code_type"": ""1""}]"
254431000,Carcinoma of lateral part of floor of mouth (disorder),SNOMED  CT codes,C2766,7287,CCU002_01 Cancer - Phenotypes - England primary care EHR: Cancer diagnosis,PH960,2138,CCU002_01 Cancer,"[{""terminology"": ""SNOMEDCT"", ""code_type"": ""1""}]"
254434008,Carcinoma of hard palate (disorder),SNOMED  CT codes,C2766,7287,CCU002_01 Cancer - Phenotypes - England primary care EHR: Cancer diagnosis,PH960,2138,CCU002_01 Cancer,"[{""terminology"": ""SNOMEDCT"", ""code_type"": ""1""}]"
254435009,Carcinoma of soft palate (disorder),SNOMED  CT codes,C2766,7287,CCU002_01 Cancer - Phenotypes - England primary care EHR: Cancer diagnosis,PH960,2138,CCU002_01 Cancer,"[{""terminology"": ""SNOMEDCT"", ""code_type"": ""1""}]"
254436005,Carcinoma of uvula (disorder),SNOMED  CT codes,C2766,7287,CCU002_01 Cancer - Phenotypes - England primary care EHR: Cancer diagnosis,PH960,2138,CCU002_01 Cancer,"[{""terminology"": ""SNOMEDCT"", ""code_type"": ""1""}]"
254437001,Squamous cell carcinoma of buccal mucosa (disorder),SNOMED  CT codes,C2766,7287,CCU002_01 Cancer - Phenotypes - England primary care EHR: Cancer diagnosis,PH960,2138,CCU002_01 Cancer,"[{""terminology"": ""SNOMEDCT"", ""code_type"": ""1""}]"
254441002,Carcinoma of upper buccal sulcus (disorder),SNOMED  CT codes,C2766,7287,CCU002_01 Cancer - Phenotypes - England primary care EHR: Cancer diagnosis,PH960,2138,CCU002_01 Cancer,"[{""terminology"": ""SNOMEDCT"", ""code_type"": ""1""}]"
254445006,Carcinoma of lower buccal sulcus (disorder),SNOMED  CT codes,C2766,7287,CCU002_01 Cancer - Phenotypes - England primary care EHR: Cancer diagnosis,PH960,2138,CCU002_01 Cancer,"[{""terminology"": ""SNOMEDCT"", ""code_type"": ""1""}]"
254454009,Carcinoma of lower labial sulcus (disorder),SNOMED  CT codes,C2766,7287,CCU002_01 Cancer - Phenotypes - England primary care EHR: Cancer diagnosis,PH960,2138,CCU002_01 Cancer,"[{""terminology"": ""SNOMEDCT"", ""code_type"": ""1""}]"
254457002,Carcinoma of retromolar area (disorder),SNOMED  CT codes,C2766,7287,CCU002_01 Cancer - Phenotypes - England primary care EHR: Cancer diagnosis,PH960,2138,CCU002_01 Cancer,"[{""terminology"": ""SNOMEDCT"", ""code_type"": ""1""}]"
254459004,Malignant tumour of anterior pillar of fauces,SNOMED  CT codes,C2766,7287,CCU002_01 Cancer - Phenotypes - England primary care EHR: Cancer diagnosis,PH960,2138,CCU002_01 Cancer,"[{""terminology"": ""SNOMEDCT"", ""code_type"": ""1""}]"
254462001,Carcinoma of parotid gland (disorder),SNOMED  CT codes,C2766,7287,CCU002_01 Cancer - Phenotypes - England primary care EHR: Cancer diagnosis,PH960,2138,CCU002_01 Cancer,"[{""terminology"": ""SNOMEDCT"", ""code_type"": ""1""}]"
254465004,Carcinoma of submandibular gland (disorder),SNOMED  CT codes,C2766,7287,CCU002_01 Cancer - Phenotypes - England primary care EHR: Cancer diagnosis,PH960,2138,CCU002_01 Cancer,"[{""terminology"": ""SNOMEDCT"", ""code_type"": ""1""}]"
254466003,Carcinoma of sublingual gland (disorder),SNOMED  CT codes,C2766,7287,CCU002_01 Cancer - Phenotypes - England primary care EHR: Cancer diagnosis,PH960,2138,CCU002_01 Cancer,"[{""terminology"": ""SNOMEDCT"", ""code_type"": ""1""}]"
254474002,Malignant tumor of nasal skeleton (disorder),SNOMED  CT codes,C2766,7287,CCU002_01 Cancer - Phenotypes - England primary care EHR: Cancer diagnosis,PH960,2138,CCU002_01 Cancer,"[{""terminology"": ""SNOMEDCT"", ""code_type"": ""1""}]"
254478004,Malignant tumor of inferior turbinate (disorder),SNOMED  CT codes,C2766,7287,CCU002_01 Cancer - Phenotypes - England primary care EHR: Cancer diagnosis,PH960,2138,CCU002_01 Cancer,"[{""terminology"": ""SNOMEDCT"", ""code_type"": ""1""}]"
254484001,Malignant tumor of posterior margin of nasal septum and choanae,SNOMED  CT codes,C2766,7287,CCU002_01 Cancer - Phenotypes - England primary care EHR: Cancer diagnosis,PH960,2138,CCU002_01 Cancer,"[{""terminology"": ""SNOMEDCT"", ""code_type"": ""1""}]"
254503007,Malignant tumor of inferior surface of soft palate (disorder),SNOMED  CT codes,C2766,7287,CCU002_01 Cancer - Phenotypes - England primary care EHR: Cancer diagnosis,PH960,2138,CCU002_01 Cancer,"[{""terminology"": ""SNOMEDCT"", ""code_type"": ""1""}]"
254509006,Malignant tumor of anterior commissure (disorder),SNOMED  CT codes,C2766,7287,CCU002_01 Cancer - Phenotypes - England primary care EHR: Cancer diagnosis,PH960,2138,CCU002_01 Cancer,"[{""terminology"": ""SNOMEDCT"", ""code_type"": ""1""}]"
254517003,Malignant tumor of suprahyoid epiglottis (disorder),SNOMED  CT codes,C2766,7287,CCU002_01 Cancer - Phenotypes - England primary care EHR: Cancer diagnosis,PH960,2138,CCU002_01 Cancer,"[{""terminology"": ""SNOMEDCT"", ""code_type"": ""1""}]"
254520006,Malignant tumor of infrahyoid epiglottis (disorder),SNOMED  CT codes,C2766,7287,CCU002_01 Cancer - Phenotypes - England primary care EHR: Cancer diagnosis,PH960,2138,CCU002_01 Cancer,"[{""terminology"": ""SNOMEDCT"", ""code_type"": ""1""}]"
254526000,Malignant tumor of laryngeal ventricle (disorder),SNOMED  CT codes,C2766,7287,CCU002_01 Cancer - Phenotypes - England primary care EHR: Cancer diagnosis,PH960,2138,CCU002_01 Cancer,"[{""terminology"": ""SNOMEDCT"", ""code_type"": ""1""}]"
254530002,Malignant tumor of parapharyngeal space (disorder),SNOMED  CT codes,C2766,7287,CCU002_01 Cancer - Phenotypes - England primary care EHR: Cancer diagnosis,PH960,2138,CCU002_01 Cancer,"[{""terminology"": ""SNOMEDCT"", ""code_type"": ""1""}]"
254535007,Carcinoma of cervical part of esophagus (disorder),SNOMED  CT codes,C2766,7287,CCU002_01 Cancer - Phenotypes - England primary care EHR: Cancer diagnosis,PH960,2138,CCU002_01 Cancer,"[{""terminology"": ""SNOMEDCT"", ""code_type"": ""1""}]"
254539001,Carcinoma of thoracic part of esophagus (disorder),SNOMED  CT codes,C2766,7287,CCU002_01 Cancer - Phenotypes - England primary care EHR: Cancer diagnosis,PH960,2138,CCU002_01 Cancer,"[{""terminology"": ""SNOMEDCT"", ""code_type"": ""1""}]"
254543002,Carcinoma of abdominal part of esophagus (disorder),SNOMED  CT codes,C2766,7287,CCU002_01 Cancer - Phenotypes - England primary care EHR: Cancer diagnosis,PH960,2138,CCU002_01 Cancer,"[{""terminology"": ""SNOMEDCT"", ""code_type"": ""1""}]"
254547001,Carcinoma of upper third of esophagus (disorder),SNOMED  CT codes,C2766,7287,CCU002_01 Cancer - Phenotypes - England primary care EHR: Cancer diagnosis,PH960,2138,CCU002_01 Cancer,"[{""terminology"": ""SNOMEDCT"", ""code_type"": ""1""}]"
254549003,Carcinoma of middle third of esophagus (disorder),SNOMED  CT codes,C2766,7287,CCU002_01 Cancer - Phenotypes - England primary care EHR: Cancer diagnosis,PH960,2138,CCU002_01 Cancer,"[{""terminology"": ""SNOMEDCT"", ""code_type"": ""1""}]"
254551004,Carcinoma of lower third of esophagus (disorder),SNOMED  CT codes,C2766,7287,CCU002_01 Cancer - Phenotypes - England primary care EHR: Cancer diagnosis,PH960,2138,CCU002_01 Cancer,"[{""terminology"": ""SNOMEDCT"", ""code_type"": ""1""}]"
254553001,Carcinoma of cardia (disorder),SNOMED  CT codes,C2766,7287,CCU002_01 Cancer - Phenotypes - England primary care EHR: Cancer diagnosis,PH960,2138,CCU002_01 Cancer,"[{""terminology"": ""SNOMEDCT"", ""code_type"": ""1""}]"
254555008,Carcinoma of fundus of stomach (disorder),SNOMED  CT codes,C2766,7287,CCU002_01 Cancer - Phenotypes - England primary care EHR: Cancer diagnosis,PH960,2138,CCU002_01 Cancer,"[{""terminology"": ""SNOMEDCT"", ""code_type"": ""1""}]"
254557000,Carcinoma of body of stomach (disorder),SNOMED  CT codes,C2766,7287,CCU002_01 Cancer - Phenotypes - England primary care EHR: Cancer diagnosis,PH960,2138,CCU002_01 Cancer,"[{""terminology"": ""SNOMEDCT"", ""code_type"": ""1""}]"
254559002,Carcinoma of pyloric antrum (disorder),SNOMED  CT codes,C2766,7287,CCU002_01 Cancer - Phenotypes - England primary care EHR: Cancer diagnosis,PH960,2138,CCU002_01 Cancer,"[{""terminology"": ""SNOMEDCT"", ""code_type"": ""1""}]"
254561006,Carcinoma of pylorus (disorder),SNOMED  CT codes,C2766,7287,CCU002_01 Cancer - Phenotypes - England primary care EHR: Cancer diagnosis,PH960,2138,CCU002_01 Cancer,"[{""terminology"": ""SNOMEDCT"", ""code_type"": ""1""}]"
254563009,Carcinoma of lesser curve of stomach (disorder),SNOMED  CT codes,C2766,7287,CCU002_01 Cancer - Phenotypes - England primary care EHR: Cancer diagnosis,PH960,2138,CCU002_01 Cancer,"[{""terminology"": ""SNOMEDCT"", ""code_type"": ""1""}]"
254567005,Carcinoma of greater curve of stomach (disorder),SNOMED  CT codes,C2766,7287,CCU002_01 Cancer - Phenotypes - England primary care EHR: Cancer diagnosis,PH960,2138,CCU002_01 Cancer,"[{""terminology"": ""SNOMEDCT"", ""code_type"": ""1""}]"
254570009,Carcinoma of duodenum (disorder),SNOMED  CT codes,C2766,7287,CCU002_01 Cancer - Phenotypes - England primary care EHR: Cancer diagnosis,PH960,2138,CCU002_01 Cancer,"[{""terminology"": ""SNOMEDCT"", ""code_type"": ""1""}]"
254582000,Carcinoma of rectum,SNOMED  CT codes,C2766,7287,CCU002_01 Cancer - Phenotypes - England primary care EHR: Cancer diagnosis,PH960,2138,CCU002_01 Cancer,"[{""terminology"": ""SNOMEDCT"", ""code_type"": ""1""}]"
254586002,Malignant tumor of anorectal junction (disorder),SNOMED  CT codes,C2766,7287,CCU002_01 Cancer - Phenotypes - England primary care EHR: Cancer diagnosis,PH960,2138,CCU002_01 Cancer,"[{""terminology"": ""SNOMEDCT"", ""code_type"": ""1""}]"
254601002,Sarcoma of liver (disorder),SNOMED  CT codes,C2766,7287,CCU002_01 Cancer - Phenotypes - England primary care EHR: Cancer diagnosis,PH960,2138,CCU002_01 Cancer,"[{""terminology"": ""SNOMEDCT"", ""code_type"": ""1""}]"
254609000,Carcinoma of ampulla of Vater (disorder),SNOMED  CT codes,C2766,7287,CCU002_01 Cancer - Phenotypes - England primary care EHR: Cancer diagnosis,PH960,2138,CCU002_01 Cancer,"[{""terminology"": ""SNOMEDCT"", ""code_type"": ""1""}]"
254611009,Malignant tumor of endocrine pancreas (disorder),SNOMED  CT codes,C2766,7287,CCU002_01 Cancer - Phenotypes - England primary care EHR: Cancer diagnosis,PH960,2138,CCU002_01 Cancer,"[{""terminology"": ""SNOMEDCT"", ""code_type"": ""1""}]"
254612002,Carcinoma of endocrine pancreas (disorder),SNOMED  CT codes,C2766,7287,CCU002_01 Cancer - Phenotypes - England primary care EHR: Cancer diagnosis,PH960,2138,CCU002_01 Cancer,"[{""terminology"": ""SNOMEDCT"", ""code_type"": ""1""}]"
254619006,Adenoid cystic carcinoma of trachea (disorder),SNOMED  CT codes,C2766,7287,CCU002_01 Cancer - Phenotypes - England primary care EHR: Cancer diagnosis,PH960,2138,CCU002_01 Cancer,"[{""terminology"": ""SNOMEDCT"", ""code_type"": ""1""}]"
254620000,Squamous cell carcinoma of trachea (disorder),SNOMED  CT codes,C2766,7287,CCU002_01 Cancer - Phenotypes - England primary care EHR: Cancer diagnosis,PH960,2138,CCU002_01 Cancer,"[{""terminology"": ""SNOMEDCT"", ""code_type"": ""1""}]"
254622008,Squamous cell carcinoma of bronchus (disorder),SNOMED  CT codes,C2766,7287,CCU002_01 Cancer - Phenotypes - England primary care EHR: Cancer diagnosis,PH960,2138,CCU002_01 Cancer,"[{""terminology"": ""SNOMEDCT"", ""code_type"": ""1""}]"
254625005,Malignant tumor of lung parenchyma (disorder),SNOMED  CT codes,C2766,7287,CCU002_01 Cancer - Phenotypes - England primary care EHR: Cancer diagnosis,PH960,2138,CCU002_01 Cancer,"[{""terminology"": ""SNOMEDCT"", ""code_type"": ""1""}]"
254626006,Adenocarcinoma of lung (disorder),SNOMED  CT codes,C2766,7287,CCU002_01 Cancer - Phenotypes - England primary care EHR: Cancer diagnosis,PH960,2138,CCU002_01 Cancer,"[{""terminology"": ""SNOMEDCT"", ""code_type"": ""1""}]"
254627002,Carcinoid tumor of lung (disorder),SNOMED  CT codes,C2766,7287,CCU002_01 Cancer - Phenotypes - England primary care EHR: Cancer diagnosis,PH960,2138,CCU002_01 Cancer,"[{""terminology"": ""SNOMEDCT"", ""code_type"": ""1""}]"
254628007,Carcinoma of lung parenchyma (disorder),SNOMED  CT codes,C2766,7287,CCU002_01 Cancer - Phenotypes - England primary care EHR: Cancer diagnosis,PH960,2138,CCU002_01 Cancer,"[{""terminology"": ""SNOMEDCT"", ""code_type"": ""1""}]"
254629004,Large cell carcinoma of lung (disorder),SNOMED  CT codes,C2766,7287,CCU002_01 Cancer - Phenotypes - England primary care EHR: Cancer diagnosis,PH960,2138,CCU002_01 Cancer,"[{""terminology"": ""SNOMEDCT"", ""code_type"": ""1""}]"
254631008,Giant cell carcinoma of lung (disorder),SNOMED  CT codes,C2766,7287,CCU002_01 Cancer - Phenotypes - England primary care EHR: Cancer diagnosis,PH960,2138,CCU002_01 Cancer,"[{""terminology"": ""SNOMEDCT"", ""code_type"": ""1""}]"
254632001,Small cell carcinoma of lung (disorder),SNOMED  CT codes,C2766,7287,CCU002_01 Cancer - Phenotypes - England primary care EHR: Cancer diagnosis,PH960,2138,CCU002_01 Cancer,"[{""terminology"": ""SNOMEDCT"", ""code_type"": ""1""}]"
254633006,Oat cell carcinoma of lung (disorder),SNOMED  CT codes,C2766,7287,CCU002_01 Cancer - Phenotypes - England primary care EHR: Cancer diagnosis,PH960,2138,CCU002_01 Cancer,"[{""terminology"": ""SNOMEDCT"", ""code_type"": ""1""}]"
254634000,Squamous cell carcinoma of lung (disorder),SNOMED  CT codes,C2766,7287,CCU002_01 Cancer - Phenotypes - England primary care EHR: Cancer diagnosis,PH960,2138,CCU002_01 Cancer,"[{""terminology"": ""SNOMEDCT"", ""code_type"": ""1""}]"
254635004,Epithelioid hemangioendothelioma of lung (disorder),SNOMED  CT codes,C2766,7287,CCU002_01 Cancer - Phenotypes - England primary care EHR: Cancer diagnosis,PH960,2138,CCU002_01 Cancer,"[{""terminology"": ""SNOMEDCT"", ""code_type"": ""1""}]"
254637007,Non-small cell lung cancer (disorder),SNOMED  CT codes,C2766,7287,CCU002_01 Cancer - Phenotypes - England primary care EHR: Cancer diagnosis,PH960,2138,CCU002_01 Cancer,"[{""terminology"": ""SNOMEDCT"", ""code_type"": ""1""}]"
254638002,Pancoast tumor (disorder),SNOMED  CT codes,C2766,7287,CCU002_01 Cancer - Phenotypes - England primary care EHR: Cancer diagnosis,PH960,2138,CCU002_01 Cancer,"[{""terminology"": ""SNOMEDCT"", ""code_type"": ""1""}]"
254645002,Malignant mesothelioma of pleura,SNOMED  CT codes,C2766,7287,CCU002_01 Cancer - Phenotypes - England primary care EHR: Cancer diagnosis,PH960,2138,CCU002_01 Cancer,"[{""terminology"": ""SNOMEDCT"", ""code_type"": ""1""}]"
254653005,Spindle cell squamous carcinoma of skin (disorder),SNOMED  CT codes,C2766,7287,CCU002_01 Cancer - Phenotypes - England primary care EHR: Cancer diagnosis,PH960,2138,CCU002_01 Cancer,"[{""terminology"": ""SNOMEDCT"", ""code_type"": ""1""}]"
254707006,Malignant skin tumor with eccrine differentiation (disorder),SNOMED  CT codes,C2766,7287,CCU002_01 Cancer - Phenotypes - England primary care EHR: Cancer diagnosis,PH960,2138,CCU002_01 Cancer,"[{""terminology"": ""SNOMEDCT"", ""code_type"": ""1""}]"
254708001,Eccrine porocarcinoma of skin (disorder),SNOMED  CT codes,C2766,7287,CCU002_01 Cancer - Phenotypes - England primary care EHR: Cancer diagnosis,PH960,2138,CCU002_01 Cancer,"[{""terminology"": ""SNOMEDCT"", ""code_type"": ""1""}]"
254709009,Digital papillary eccrine carcinoma of skin (disorder),SNOMED  CT codes,C2766,7287,CCU002_01 Cancer - Phenotypes - England primary care EHR: Cancer diagnosis,PH960,2138,CCU002_01 Cancer,"[{""terminology"": ""SNOMEDCT"", ""code_type"": ""1""}]"
254711000,Adenoid cystic eccrine carcinoma of skin (disorder),SNOMED  CT codes,C2766,7287,CCU002_01 Cancer - Phenotypes - England primary care EHR: Cancer diagnosis,PH960,2138,CCU002_01 Cancer,"[{""terminology"": ""SNOMEDCT"", ""code_type"": ""1""}]"
254712007,Microcystic adnexal carcinoma of skin (disorder),SNOMED  CT codes,C2766,7287,CCU002_01 Cancer - Phenotypes - England primary care EHR: Cancer diagnosis,PH960,2138,CCU002_01 Cancer,"[{""terminology"": ""SNOMEDCT"", ""code_type"": ""1""}]"
254713002,Mucoepidermoid carcinoma of skin (disorder),SNOMED  CT codes,C2766,7287,CCU002_01 Cancer - Phenotypes - England primary care EHR: Cancer diagnosis,PH960,2138,CCU002_01 Cancer,"[{""terminology"": ""SNOMEDCT"", ""code_type"": ""1""}]"
254714008,Mucinous eccrine carcinoma of skin (disorder),SNOMED  CT codes,C2766,7287,CCU002_01 Cancer - Phenotypes - England primary care EHR: Cancer diagnosis,PH960,2138,CCU002_01 Cancer,"[{""terminology"": ""SNOMEDCT"", ""code_type"": ""1""}]"
254726003,Malignant skin tumor with apocrine differentiation (disorder),SNOMED  CT codes,C2766,7287,CCU002_01 Cancer - Phenotypes - England primary care EHR: Cancer diagnosis,PH960,2138,CCU002_01 Cancer,"[{""terminology"": ""SNOMEDCT"", ""code_type"": ""1""}]"
254730000,Superficial spreading malignant melanoma of skin (disorder),SNOMED  CT codes,C2766,7287,CCU002_01 Cancer - Phenotypes - England primary care EHR: Cancer diagnosis,PH960,2138,CCU002_01 Cancer,"[{""terminology"": ""SNOMEDCT"", ""code_type"": ""1""}]"
254731001,Nodular malignant melanoma of skin (disorder),SNOMED  CT codes,C2766,7287,CCU002_01 Cancer - Phenotypes - England primary care EHR: Cancer diagnosis,PH960,2138,CCU002_01 Cancer,"[{""terminology"": ""SNOMEDCT"", ""code_type"": ""1""}]"
254732008,Acral lentiginous malignant melanoma of skin (disorder),SNOMED  CT codes,C2766,7287,CCU002_01 Cancer - Phenotypes - England primary care EHR: Cancer diagnosis,PH960,2138,CCU002_01 Cancer,"[{""terminology"": ""SNOMEDCT"", ""code_type"": ""1""}]"
254733003,Malignant melanoma arising in intradermal nevus (disorder),SNOMED  CT codes,C2766,7287,CCU002_01 Cancer - Phenotypes - England primary care EHR: Cancer diagnosis,PH960,2138,CCU002_01 Cancer,"[{""terminology"": ""SNOMEDCT"", ""code_type"": ""1""}]"
254734009,Malignant melanoma arising in congenital nevus (disorder),SNOMED  CT codes,C2766,7287,CCU002_01 Cancer - Phenotypes - England primary care EHR: Cancer diagnosis,PH960,2138,CCU002_01 Cancer,"[{""terminology"": ""SNOMEDCT"", ""code_type"": ""1""}]"
254748009,Cutaneous fibrosarcoma (disorder),SNOMED  CT codes,C2766,7287,CCU002_01 Cancer - Phenotypes - England primary care EHR: Cancer diagnosis,PH960,2138,CCU002_01 Cancer,"[{""terminology"": ""SNOMEDCT"", ""code_type"": ""1""}]"
254764001,Peripheral neuroepithelioma (disorder),SNOMED  CT codes,C2766,7287,CCU002_01 Cancer - Phenotypes - England primary care EHR: Cancer diagnosis,PH960,2138,CCU002_01 Cancer,"[{""terminology"": ""SNOMEDCT"", ""code_type"": ""1""}]"
254771006,Cutaneous leiomyosarcoma (disorder),SNOMED  CT codes,C2766,7287,CCU002_01 Cancer - Phenotypes - England primary care EHR: Cancer diagnosis,PH960,2138,CCU002_01 Cancer,"[{""terminology"": ""SNOMEDCT"", ""code_type"": ""1""}]"
254792006,Proliferating angioendotheliomatosis,SNOMED  CT codes,C2766,7287,CCU002_01 Cancer - Phenotypes - England primary care EHR: Cancer diagnosis,PH960,2138,CCU002_01 Cancer,"[{""terminology"": ""SNOMEDCT"", ""code_type"": ""1""}]"
254794007,Angiosarcoma of skin (disorder),SNOMED  CT codes,C2766,7287,CCU002_01 Cancer - Phenotypes - England primary care EHR: Cancer diagnosis,PH960,2138,CCU002_01 Cancer,"[{""terminology"": ""SNOMEDCT"", ""code_type"": ""1""}]"
254797000,Malignant hemangiopericytoma of skin (disorder),SNOMED  CT codes,C2766,7287,CCU002_01 Cancer - Phenotypes - England primary care EHR: Cancer diagnosis,PH960,2138,CCU002_01 Cancer,"[{""terminology"": ""SNOMEDCT"", ""code_type"": ""1""}]"
254800003,Epithelioid cell sarcoma of skin (disorder),SNOMED  CT codes,C2766,7287,CCU002_01 Cancer - Phenotypes - England primary care EHR: Cancer diagnosis,PH960,2138,CCU002_01 Cancer,"[{""terminology"": ""SNOMEDCT"", ""code_type"": ""1""}]"
254824006,Malignant tumor of mesothelial tissue (disorder),SNOMED  CT codes,C2766,7287,CCU002_01 Cancer - Phenotypes - England primary care EHR: Cancer diagnosis,PH960,2138,CCU002_01 Cancer,"[{""terminology"": ""SNOMEDCT"", ""code_type"": ""1""}]"
254828009,Malignant lipomatous tumor (disorder),SNOMED  CT codes,C2766,7287,CCU002_01 Cancer - Phenotypes - England primary care EHR: Cancer diagnosis,PH960,2138,CCU002_01 Cancer,"[{""terminology"": ""SNOMEDCT"", ""code_type"": ""1""}]"
254829001,Liposarcoma (disorder),SNOMED  CT codes,C2766,7287,CCU002_01 Cancer - Phenotypes - England primary care EHR: Cancer diagnosis,PH960,2138,CCU002_01 Cancer,"[{""terminology"": ""SNOMEDCT"", ""code_type"": ""1""}]"
254837009,Malignant tumor of breast,SNOMED  CT codes,C2766,7287,CCU002_01 Cancer - Phenotypes - England primary care EHR: Cancer diagnosis,PH960,2138,CCU002_01 Cancer,"[{""terminology"": ""SNOMEDCT"", ""code_type"": ""1""}]"
254838004,Carcinoma of breast (disorder),SNOMED  CT codes,C2766,7287,CCU002_01 Cancer - Phenotypes - England primary care EHR: Cancer diagnosis,PH960,2138,CCU002_01 Cancer,"[{""terminology"": ""SNOMEDCT"", ""code_type"": ""1""}]"
254839007,Scirrhous carcinoma of breast (disorder),SNOMED  CT codes,C2766,7287,CCU002_01 Cancer - Phenotypes - England primary care EHR: Cancer diagnosis,PH960,2138,CCU002_01 Cancer,"[{""terminology"": ""SNOMEDCT"", ""code_type"": ""1""}]"
254840009,Inflammatory carcinoma of breast (disorder),SNOMED  CT codes,C2766,7287,CCU002_01 Cancer - Phenotypes - England primary care EHR: Cancer diagnosis,PH960,2138,CCU002_01 Cancer,"[{""terminology"": ""SNOMEDCT"", ""code_type"": ""1""}]"
254841008,Cancer en cuirasse (disorder),SNOMED  CT codes,C2766,7287,CCU002_01 Cancer - Phenotypes - England primary care EHR: Cancer diagnosis,PH960,2138,CCU002_01 Cancer,"[{""terminology"": ""SNOMEDCT"", ""code_type"": ""1""}]"
254843006,Familial cancer of breast (disorder),SNOMED  CT codes,C2766,7287,CCU002_01 Cancer - Phenotypes - England primary care EHR: Cancer diagnosis,PH960,2138,CCU002_01 Cancer,"[{""terminology"": ""SNOMEDCT"", ""code_type"": ""1""}]"
254844000,Malignant phyllodes tumor of breast (disorder),SNOMED  CT codes,C2766,7287,CCU002_01 Cancer - Phenotypes - England primary care EHR: Cancer diagnosis,PH960,2138,CCU002_01 Cancer,"[{""terminology"": ""SNOMEDCT"", ""code_type"": ""1""}]"
254849005,Malignant epithelial tumor of ovary (disorder),SNOMED  CT codes,C2766,7287,CCU002_01 Cancer - Phenotypes - England primary care EHR: Cancer diagnosis,PH960,2138,CCU002_01 Cancer,"[{""terminology"": ""SNOMEDCT"", ""code_type"": ""1""}]"
254850005,Serous papillary cystadenocarcinoma ovary (disorder),SNOMED  CT codes,C2766,7287,CCU002_01 Cancer - Phenotypes - England primary care EHR: Cancer diagnosis,PH960,2138,CCU002_01 Cancer,"[{""terminology"": ""SNOMEDCT"", ""code_type"": ""1""}]"
254851009,Mucinous cystadenocarcinoma of ovary (disorder),SNOMED  CT codes,C2766,7287,CCU002_01 Cancer - Phenotypes - England primary care EHR: Cancer diagnosis,PH960,2138,CCU002_01 Cancer,"[{""terminology"": ""SNOMEDCT"", ""code_type"": ""1""}]"
254852002,Endometrioid carcinoma ovary (disorder),SNOMED  CT codes,C2766,7287,CCU002_01 Cancer - Phenotypes - England primary care EHR: Cancer diagnosis,PH960,2138,CCU002_01 Cancer,"[{""terminology"": ""SNOMEDCT"", ""code_type"": ""1""}]"
254855000,Mixed epithelial tumor of ovary (disorder),SNOMED  CT codes,C2766,7287,CCU002_01 Cancer - Phenotypes - England primary care EHR: Cancer diagnosis,PH960,2138,CCU002_01 Cancer,"[{""terminology"": ""SNOMEDCT"", ""code_type"": ""1""}]"
254856004,Undifferentiated carcinoma of ovary (disorder),SNOMED  CT codes,C2766,7287,CCU002_01 Cancer - Phenotypes - England primary care EHR: Cancer diagnosis,PH960,2138,CCU002_01 Cancer,"[{""terminology"": ""SNOMEDCT"", ""code_type"": ""1""}]"
254860001,Malignant sex cord tumor of ovary (disorder),SNOMED  CT codes,C2766,7287,CCU002_01 Cancer - Phenotypes - England primary care EHR: Cancer diagnosis,PH960,2138,CCU002_01 Cancer,"[{""terminology"": ""SNOMEDCT"", ""code_type"": ""1""}]"
254861002,Malignant granulosa cell tumor of ovary (disorder),SNOMED  CT codes,C2766,7287,CCU002_01 Cancer - Phenotypes - England primary care EHR: Cancer diagnosis,PH960,2138,CCU002_01 Cancer,"[{""terminology"": ""SNOMEDCT"", ""code_type"": ""1""}]"
254863004,Granulosa cell tumor of ovary (disorder),SNOMED  CT codes,C2766,7287,CCU002_01 Cancer - Phenotypes - England primary care EHR: Cancer diagnosis,PH960,2138,CCU002_01 Cancer,"[{""terminology"": ""SNOMEDCT"", ""code_type"": ""1""}]"
254869000,Malignant germ cell tumor of ovary (disorder),SNOMED  CT codes,C2766,7287,CCU002_01 Cancer - Phenotypes - England primary care EHR: Cancer diagnosis,PH960,2138,CCU002_01 Cancer,"[{""terminology"": ""SNOMEDCT"", ""code_type"": ""1""}]"
254870004,Choriocarcinoma of ovary (disorder),SNOMED  CT codes,C2766,7287,CCU002_01 Cancer - Phenotypes - England primary care EHR: Cancer diagnosis,PH960,2138,CCU002_01 Cancer,"[{""terminology"": ""SNOMEDCT"", ""code_type"": ""1""}]"
254871000,Immature teratoma of ovary (disorder),SNOMED  CT codes,C2766,7287,CCU002_01 Cancer - Phenotypes - England primary care EHR: Cancer diagnosis,PH960,2138,CCU002_01 Cancer,"[{""terminology"": ""SNOMEDCT"", ""code_type"": ""1""}]"
254872007,Embryonal carcinoma of ovary (disorder),SNOMED  CT codes,C2766,7287,CCU002_01 Cancer - Phenotypes - England primary care EHR: Cancer diagnosis,PH960,2138,CCU002_01 Cancer,"[{""terminology"": ""SNOMEDCT"", ""code_type"": ""1""}]"
254874008,Dysgerminoma of ovary (disorder),SNOMED  CT codes,C2766,7287,CCU002_01 Cancer - Phenotypes - England primary care EHR: Cancer diagnosis,PH960,2138,CCU002_01 Cancer,"[{""terminology"": ""SNOMEDCT"", ""code_type"": ""1""}]"
254876005,Endodermal sinus tumor of ovary (disorder),SNOMED  CT codes,C2766,7287,CCU002_01 Cancer - Phenotypes - England primary care EHR: Cancer diagnosis,PH960,2138,CCU002_01 Cancer,"[{""terminology"": ""SNOMEDCT"", ""code_type"": ""1""}]"
254877001,Sarcoma of uterus (disorder),SNOMED  CT codes,C2766,7287,CCU002_01 Cancer - Phenotypes - England primary care EHR: Cancer diagnosis,PH960,2138,CCU002_01 Cancer,"[{""terminology"": ""SNOMEDCT"", ""code_type"": ""1""}]"
254878006,Endometrial carcinoma (disorder),SNOMED  CT codes,C2766,7287,CCU002_01 Cancer - Phenotypes - England primary care EHR: Cancer diagnosis,PH960,2138,CCU002_01 Cancer,"[{""terminology"": ""SNOMEDCT"", ""code_type"": ""1""}]"
254886006,Squamous cell carcinoma of cervix (disorder),SNOMED  CT codes,C2766,7287,CCU002_01 Cancer - Phenotypes - England primary care EHR: Cancer diagnosis,PH960,2138,CCU002_01 Cancer,"[{""terminology"": ""SNOMEDCT"", ""code_type"": ""1""}]"
254887002,Adenocarcinoma of cervix (disorder),SNOMED  CT codes,C2766,7287,CCU002_01 Cancer - Phenotypes - England primary care EHR: Cancer diagnosis,PH960,2138,CCU002_01 Cancer,"[{""terminology"": ""SNOMEDCT"", ""code_type"": ""1""}]"
254888007,Adenosquamous carcinoma of cervix (disorder),SNOMED  CT codes,C2766,7287,CCU002_01 Cancer - Phenotypes - England primary care EHR: Cancer diagnosis,PH960,2138,CCU002_01 Cancer,"[{""terminology"": ""SNOMEDCT"", ""code_type"": ""1""}]"
254889004,Carcinoma of cervix stage 0 (disorder),SNOMED  CT codes,C2766,7287,CCU002_01 Cancer - Phenotypes - England primary care EHR: Cancer diagnosis,PH960,2138,CCU002_01 Cancer,"[{""terminology"": ""SNOMEDCT"", ""code_type"": ""1""}]"
254893005,Carcinoma of vagina (disorder),SNOMED  CT codes,C2766,7287,CCU002_01 Cancer - Phenotypes - England primary care EHR: Cancer diagnosis,PH960,2138,CCU002_01 Cancer,"[{""terminology"": ""SNOMEDCT"", ""code_type"": ""1""}]"
254895003,Squamous cell carcinoma of vulva (disorder),SNOMED  CT codes,C2766,7287,CCU002_01 Cancer - Phenotypes - England primary care EHR: Cancer diagnosis,PH960,2138,CCU002_01 Cancer,"[{""terminology"": ""SNOMEDCT"", ""code_type"": ""1""}]"
254896002,Malignant melanoma of vulva (disorder),SNOMED  CT codes,C2766,7287,CCU002_01 Cancer - Phenotypes - England primary care EHR: Cancer diagnosis,PH960,2138,CCU002_01 Cancer,"[{""terminology"": ""SNOMEDCT"", ""code_type"": ""1""}]"
254897006,Sarcoma of vulva (disorder),SNOMED  CT codes,C2766,7287,CCU002_01 Cancer - Phenotypes - England primary care EHR: Cancer diagnosis,PH960,2138,CCU002_01 Cancer,"[{""terminology"": ""SNOMEDCT"", ""code_type"": ""1""}]"
254900004,Carcinoma of prostate (disorder),SNOMED  CT codes,C2766,7287,CCU002_01 Cancer - Phenotypes - England primary care EHR: Cancer diagnosis,PH960,2138,CCU002_01 Cancer,"[{""terminology"": ""SNOMEDCT"", ""code_type"": ""1""}]"
254904008,Carcinoma of glans penis (disorder),SNOMED  CT codes,C2766,7287,CCU002_01 Cancer - Phenotypes - England primary care EHR: Cancer diagnosis,PH960,2138,CCU002_01 Cancer,"[{""terminology"": ""SNOMEDCT"", ""code_type"": ""1""}]"
254912000,Regressed malignant testicular tumor (disorder),SNOMED  CT codes,C2766,7287,CCU002_01 Cancer - Phenotypes - England primary care EHR: Cancer diagnosis,PH960,2138,CCU002_01 Cancer,"[{""terminology"": ""SNOMEDCT"", ""code_type"": ""1""}]"
254915003,Clear cell carcinoma of kidney (disorder),SNOMED  CT codes,C2766,7287,CCU002_01 Cancer - Phenotypes - England primary care EHR: Cancer diagnosis,PH960,2138,CCU002_01 Cancer,"[{""terminology"": ""SNOMEDCT"", ""code_type"": ""1""}]"
254917006,Papillary cystadenocarcinoma of kidney (disorder),SNOMED  CT codes,C2766,7287,CCU002_01 Cancer - Phenotypes - England primary care EHR: Cancer diagnosis,PH960,2138,CCU002_01 Cancer,"[{""terminology"": ""SNOMEDCT"", ""code_type"": ""1""}]"
254918001,Sarcoma of kidney (disorder),SNOMED  CT codes,C2766,7287,CCU002_01 Cancer - Phenotypes - England primary care EHR: Cancer diagnosis,PH960,2138,CCU002_01 Cancer,"[{""terminology"": ""SNOMEDCT"", ""code_type"": ""1""}]"
254934003,Malignant tumor of urethral stump (disorder),SNOMED  CT codes,C2766,7287,CCU002_01 Cancer - Phenotypes - England primary care EHR: Cancer diagnosis,PH960,2138,CCU002_01 Cancer,"[{""terminology"": ""SNOMEDCT"", ""code_type"": ""1""}]"
254938000,Astrocytoma of brain (disorder),SNOMED  CT codes,C2766,7287,CCU002_01 Cancer - Phenotypes - England primary care EHR: Cancer diagnosis,PH960,2138,CCU002_01 Cancer,"[{""terminology"": ""SNOMEDCT"", ""code_type"": ""1""}]"
254940005,Oligodendroglioma of brain (disorder),SNOMED  CT codes,C2766,7287,CCU002_01 Cancer - Phenotypes - England primary care EHR: Cancer diagnosis,PH960,2138,CCU002_01 Cancer,"[{""terminology"": ""SNOMEDCT"", ""code_type"": ""1""}]"
254948003,Astrocytoma of spinal cord (disorder),SNOMED  CT codes,C2766,7287,CCU002_01 Cancer - Phenotypes - England primary care EHR: Cancer diagnosis,PH960,2138,CCU002_01 Cancer,"[{""terminology"": ""SNOMEDCT"", ""code_type"": ""1""}]"
254950006,Oligodendroglioma of spinal cord (disorder),SNOMED  CT codes,C2766,7287,CCU002_01 Cancer - Phenotypes - England primary care EHR: Cancer diagnosis,PH960,2138,CCU002_01 Cancer,"[{""terminology"": ""SNOMEDCT"", ""code_type"": ""1""}]"
254955001,Pituitary carcinoma (disorder),SNOMED  CT codes,C2766,7287,CCU002_01 Cancer - Phenotypes - England primary care EHR: Cancer diagnosis,PH960,2138,CCU002_01 Cancer,"[{""terminology"": ""SNOMEDCT"", ""code_type"": ""1""}]"
254969001,Malignant tumor of olfactory tract (disorder),SNOMED  CT codes,C2766,7287,CCU002_01 Cancer - Phenotypes - England primary care EHR: Cancer diagnosis,PH960,2138,CCU002_01 Cancer,"[{""terminology"": ""SNOMEDCT"", ""code_type"": ""1""}]"
254972008,Malignant tumor of optic nerve and sheath (disorder),SNOMED  CT codes,C2766,7287,CCU002_01 Cancer - Phenotypes - England primary care EHR: Cancer diagnosis,PH960,2138,CCU002_01 Cancer,"[{""terminology"": ""SNOMEDCT"", ""code_type"": ""1""}]"
254973003,Malignant astrocytoma of optic nerve (disorder),SNOMED  CT codes,C2766,7287,CCU002_01 Cancer - Phenotypes - England primary care EHR: Cancer diagnosis,PH960,2138,CCU002_01 Cancer,"[{""terminology"": ""SNOMEDCT"", ""code_type"": ""1""}]"
254974009,Malignant tumor of optic nerve sheath (disorder),SNOMED  CT codes,C2766,7287,CCU002_01 Cancer - Phenotypes - England primary care EHR: Cancer diagnosis,PH960,2138,CCU002_01 Cancer,"[{""terminology"": ""SNOMEDCT"", ""code_type"": ""1""}]"
254975005,Malignant meningioma of optic nerve sheath (disorder),SNOMED  CT codes,C2766,7287,CCU002_01 Cancer - Phenotypes - England primary care EHR: Cancer diagnosis,PH960,2138,CCU002_01 Cancer,"[{""terminology"": ""SNOMEDCT"", ""code_type"": ""1""}]"
254980001,Malignant tumor of acoustic vestibular nerve,SNOMED  CT codes,C2766,7287,CCU002_01 Cancer - Phenotypes - England primary care EHR: Cancer diagnosis,PH960,2138,CCU002_01 Cancer,"[{""terminology"": ""SNOMEDCT"", ""code_type"": ""1""}]"
254983004,Malignant tumor of spinal nerve and sheath (disorder),SNOMED  CT codes,C2766,7287,CCU002_01 Cancer - Phenotypes - England primary care EHR: Cancer diagnosis,PH960,2138,CCU002_01 Cancer,"[{""terminology"": ""SNOMEDCT"", ""code_type"": ""1""}]"
254986007,Malignant tumour of peripheral nerve,SNOMED  CT codes,C2766,7287,CCU002_01 Cancer - Phenotypes - England primary care EHR: Cancer diagnosis,PH960,2138,CCU002_01 Cancer,"[{""terminology"": ""SNOMEDCT"", ""code_type"": ""1""}]"
254987003,Adenoid cystic carcinoma of lacrimal gland (disorder),SNOMED  CT codes,C2766,7287,CCU002_01 Cancer - Phenotypes - England primary care EHR: Cancer diagnosis,PH960,2138,CCU002_01 Cancer,"[{""terminology"": ""SNOMEDCT"", ""code_type"": ""1""}]"
254988008,Adenocarcinoma of lacrimal gland (disorder),SNOMED  CT codes,C2766,7287,CCU002_01 Cancer - Phenotypes - England primary care EHR: Cancer diagnosis,PH960,2138,CCU002_01 Cancer,"[{""terminology"": ""SNOMEDCT"", ""code_type"": ""1""}]"
254989000,Carcinoma ex pleomorphic adenoma of lacrimal gland (disorder),SNOMED  CT codes,C2766,7287,CCU002_01 Cancer - Phenotypes - England primary care EHR: Cancer diagnosis,PH960,2138,CCU002_01 Cancer,"[{""terminology"": ""SNOMEDCT"", ""code_type"": ""1""}]"
254990009,Mucoepidermoid tumor of lacrimal gland (disorder),SNOMED  CT codes,C2766,7287,CCU002_01 Cancer - Phenotypes - England primary care EHR: Cancer diagnosis,PH960,2138,CCU002_01 Cancer,"[{""terminology"": ""SNOMEDCT"", ""code_type"": ""1""}]"
254993006,Liposarcoma of orbit (disorder),SNOMED  CT codes,C2766,7287,CCU002_01 Cancer - Phenotypes - England primary care EHR: Cancer diagnosis,PH960,2138,CCU002_01 Cancer,"[{""terminology"": ""SNOMEDCT"", ""code_type"": ""1""}]"
254994000,Rhabdomyosarcoma of orbit (disorder),SNOMED  CT codes,C2766,7287,CCU002_01 Cancer - Phenotypes - England primary care EHR: Cancer diagnosis,PH960,2138,CCU002_01 Cancer,"[{""terminology"": ""SNOMEDCT"", ""code_type"": ""1""}]"
254995004,Malignant hemangiopericytoma of orbit (disorder),SNOMED  CT codes,C2766,7287,CCU002_01 Cancer - Phenotypes - England primary care EHR: Cancer diagnosis,PH960,2138,CCU002_01 Cancer,"[{""terminology"": ""SNOMEDCT"", ""code_type"": ""1""}]"
254996003,Malignant fibrous histiocytoma of orbit (disorder),SNOMED  CT codes,C2766,7287,CCU002_01 Cancer - Phenotypes - England primary care EHR: Cancer diagnosis,PH960,2138,CCU002_01 Cancer,"[{""terminology"": ""SNOMEDCT"", ""code_type"": ""1""}]"
255003007,Squamous cell carcinoma of conjunctiva (disorder),SNOMED  CT codes,C2766,7287,CCU002_01 Cancer - Phenotypes - England primary care EHR: Cancer diagnosis,PH960,2138,CCU002_01 Cancer,"[{""terminology"": ""SNOMEDCT"", ""code_type"": ""1""}]"
255004001,Malignant melanoma of conjunctiva (disorder),SNOMED  CT codes,C2766,7287,CCU002_01 Cancer - Phenotypes - England primary care EHR: Cancer diagnosis,PH960,2138,CCU002_01 Cancer,"[{""terminology"": ""SNOMEDCT"", ""code_type"": ""1""}]"
255008003,Squamous cell carcinoma of cornea (disorder),SNOMED  CT codes,C2766,7287,CCU002_01 Cancer - Phenotypes - England primary care EHR: Cancer diagnosis,PH960,2138,CCU002_01 Cancer,"[{""terminology"": ""SNOMEDCT"", ""code_type"": ""1""}]"
255012009,Malignant melanoma of iris (disorder),SNOMED  CT codes,C2766,7287,CCU002_01 Cancer - Phenotypes - England primary care EHR: Cancer diagnosis,PH960,2138,CCU002_01 Cancer,"[{""terminology"": ""SNOMEDCT"", ""code_type"": ""1""}]"
255015006,Malignant melanoma of ciliary body (disorder),SNOMED  CT codes,C2766,7287,CCU002_01 Cancer - Phenotypes - England primary care EHR: Cancer diagnosis,PH960,2138,CCU002_01 Cancer,"[{""terminology"": ""SNOMEDCT"", ""code_type"": ""1""}]"
255016007,Adenocarcinoma of pigmented epithelium of ciliary body (disorder),SNOMED  CT codes,C2766,7287,CCU002_01 Cancer - Phenotypes - England primary care EHR: Cancer diagnosis,PH960,2138,CCU002_01 Cancer,"[{""terminology"": ""SNOMEDCT"", ""code_type"": ""1""}]"
255017003,Adenocarcinoma of non-pigmented epithelium of ciliary body (disorder),SNOMED  CT codes,C2766,7287,CCU002_01 Cancer - Phenotypes - England primary care EHR: Cancer diagnosis,PH960,2138,CCU002_01 Cancer,"[{""terminology"": ""SNOMEDCT"", ""code_type"": ""1""}]"
255021005,Malignant melanoma of choroid (disorder),SNOMED  CT codes,C2766,7287,CCU002_01 Cancer - Phenotypes - England primary care EHR: Cancer diagnosis,PH960,2138,CCU002_01 Cancer,"[{""terminology"": ""SNOMEDCT"", ""code_type"": ""1""}]"
255028004,Follicular thyroid carcinoma (disorder),SNOMED  CT codes,C2766,7287,CCU002_01 Cancer - Phenotypes - England primary care EHR: Cancer diagnosis,PH960,2138,CCU002_01 Cancer,"[{""terminology"": ""SNOMEDCT"", ""code_type"": ""1""}]"
255029007,Papillary thyroid carcinoma (disorder),SNOMED  CT codes,C2766,7287,CCU002_01 Cancer - Phenotypes - England primary care EHR: Cancer diagnosis,PH960,2138,CCU002_01 Cancer,"[{""terminology"": ""SNOMEDCT"", ""code_type"": ""1""}]"
255030002,Mixed follicular and papillary thyroid carcinoma (disorder),SNOMED  CT codes,C2766,7287,CCU002_01 Cancer - Phenotypes - England primary care EHR: Cancer diagnosis,PH960,2138,CCU002_01 Cancer,"[{""terminology"": ""SNOMEDCT"", ""code_type"": ""1""}]"
255031003,Anaplastic thyroid carcinoma (disorder),SNOMED  CT codes,C2766,7287,CCU002_01 Cancer - Phenotypes - England primary care EHR: Cancer diagnosis,PH960,2138,CCU002_01 Cancer,"[{""terminology"": ""SNOMEDCT"", ""code_type"": ""1""}]"
255032005,Medullary thyroid carcinoma (disorder),SNOMED  CT codes,C2766,7287,CCU002_01 Cancer - Phenotypes - England primary care EHR: Cancer diagnosis,PH960,2138,CCU002_01 Cancer,"[{""terminology"": ""SNOMEDCT"", ""code_type"": ""1""}]"
255035007,Adrenal carcinoma (disorder),SNOMED  CT codes,C2766,7287,CCU002_01 Cancer - Phenotypes - England primary care EHR: Cancer diagnosis,PH960,2138,CCU002_01 Cancer,"[{""terminology"": ""SNOMEDCT"", ""code_type"": ""1""}]"
255037004,Parathyroid carcinoma (disorder),SNOMED  CT codes,C2766,7287,CCU002_01 Cancer - Phenotypes - England primary care EHR: Cancer diagnosis,PH960,2138,CCU002_01 Cancer,"[{""terminology"": ""SNOMEDCT"", ""code_type"": ""1""}]"
255044008,Malignant pinealoma (disorder),SNOMED  CT codes,C2766,7287,CCU002_01 Cancer - Phenotypes - England primary care EHR: Cancer diagnosis,PH960,2138,CCU002_01 Cancer,"[{""terminology"": ""SNOMEDCT"", ""code_type"": ""1""}]"
255052006,Malignant tumor of unknown origin,SNOMED  CT codes,C2766,7287,CCU002_01 Cancer - Phenotypes - England primary care EHR: Cancer diagnosis,PH960,2138,CCU002_01 Cancer,"[{""terminology"": ""SNOMEDCT"", ""code_type"": ""1""}]"
255056009,Malignant tumor of head and neck,SNOMED  CT codes,C2766,7287,CCU002_01 Cancer - Phenotypes - England primary care EHR: Cancer diagnosis,PH960,2138,CCU002_01 Cancer,"[{""terminology"": ""SNOMEDCT"", ""code_type"": ""1""}]"
255066001,Carcinoma of genitourinary organ,SNOMED  CT codes,C2766,7287,CCU002_01 Cancer - Phenotypes - England primary care EHR: Cancer diagnosis,PH960,2138,CCU002_01 Cancer,"[{""terminology"": ""SNOMEDCT"", ""code_type"": ""1""}]"
255067005,Sarcoma of bone and connective tissue,SNOMED  CT codes,C2766,7287,CCU002_01 Cancer - Phenotypes - England primary care EHR: Cancer diagnosis,PH960,2138,CCU002_01 Cancer,"[{""terminology"": ""SNOMEDCT"", ""code_type"": ""1""}]"
255068000,"Carcinoma of bone, connective tissue, skin and breast",SNOMED  CT codes,C2766,7287,CCU002_01 Cancer - Phenotypes - England primary care EHR: Cancer diagnosis,PH960,2138,CCU002_01 Cancer,"[{""terminology"": ""SNOMEDCT"", ""code_type"": ""1""}]"
255069008,"Carcinoma of lip, oral cavity and pharynx",SNOMED  CT codes,C2766,7287,CCU002_01 Cancer - Phenotypes - England primary care EHR: Cancer diagnosis,PH960,2138,CCU002_01 Cancer,"[{""terminology"": ""SNOMEDCT"", ""code_type"": ""1""}]"
255071008,Squamous cell carcinoma of lip (disorder),SNOMED  CT codes,C2766,7287,CCU002_01 Cancer - Phenotypes - England primary care EHR: Cancer diagnosis,PH960,2138,CCU002_01 Cancer,"[{""terminology"": ""SNOMEDCT"", ""code_type"": ""1""}]"
255072001,Malignant tumor of salivary gland (disorder),SNOMED  CT codes,C2766,7287,CCU002_01 Cancer - Phenotypes - England primary care EHR: Cancer diagnosis,PH960,2138,CCU002_01 Cancer,"[{""terminology"": ""SNOMEDCT"", ""code_type"": ""1""}]"
255073006,"Malignant tumor of ear, nose and throat",SNOMED  CT codes,C2766,7287,CCU002_01 Cancer - Phenotypes - England primary care EHR: Cancer diagnosis,PH960,2138,CCU002_01 Cancer,"[{""terminology"": ""SNOMEDCT"", ""code_type"": ""1""}]"
255074000,Malignant tumor of nasal cavity and nasopharynx (disorder),SNOMED  CT codes,C2766,7287,CCU002_01 Cancer - Phenotypes - England primary care EHR: Cancer diagnosis,PH960,2138,CCU002_01 Cancer,"[{""terminology"": ""SNOMEDCT"", ""code_type"": ""1""}]"
255075004,Malignant tumor of lateral nasal wall (disorder),SNOMED  CT codes,C2766,7287,CCU002_01 Cancer - Phenotypes - England primary care EHR: Cancer diagnosis,PH960,2138,CCU002_01 Cancer,"[{""terminology"": ""SNOMEDCT"", ""code_type"": ""1""}]"
255077007,Malignant tumour of digestive organ,SNOMED  CT codes,C2766,7287,CCU002_01 Cancer - Phenotypes - England primary care EHR: Cancer diagnosis,PH960,2138,CCU002_01 Cancer,"[{""terminology"": ""SNOMEDCT"", ""code_type"": ""1""}]"
255078002,"Malignant tumor of esophagus, stomach and duodenum (disorder)",SNOMED  CT codes,C2766,7287,CCU002_01 Cancer - Phenotypes - England primary care EHR: Cancer diagnosis,PH960,2138,CCU002_01 Cancer,"[{""terminology"": ""SNOMEDCT"", ""code_type"": ""1""}]"
255081007,Carcinoma of cecum,SNOMED  CT codes,C2766,7287,CCU002_01 Cancer - Phenotypes - England primary care EHR: Cancer diagnosis,PH960,2138,CCU002_01 Cancer,"[{""terminology"": ""SNOMEDCT"", ""code_type"": ""1""}]"
255083005,Malignant tumor of anus and anal canal,SNOMED  CT codes,C2766,7287,CCU002_01 Cancer - Phenotypes - England primary care EHR: Cancer diagnosis,PH960,2138,CCU002_01 Cancer,"[{""terminology"": ""SNOMEDCT"", ""code_type"": ""1""}]"
255084004,Squamous cell carcinoma of anal margin,SNOMED  CT codes,C2766,7287,CCU002_01 Cancer - Phenotypes - England primary care EHR: Cancer diagnosis,PH960,2138,CCU002_01 Cancer,"[{""terminology"": ""SNOMEDCT"", ""code_type"": ""1""}]"
255086002,Carcinoma common bile duct,SNOMED  CT codes,C2766,7287,CCU002_01 Cancer - Phenotypes - England primary care EHR: Cancer diagnosis,PH960,2138,CCU002_01 Cancer,"[{""terminology"": ""SNOMEDCT"", ""code_type"": ""1""}]"
255087006,Malignant polyp of biliary tract (disorder),SNOMED  CT codes,C2766,7287,CCU002_01 Cancer - Phenotypes - England primary care EHR: Cancer diagnosis,PH960,2138,CCU002_01 Cancer,"[{""terminology"": ""SNOMEDCT"", ""code_type"": ""1""}]"
255088001,Malignant tumor of exocrine pancreas (disorder),SNOMED  CT codes,C2766,7287,CCU002_01 Cancer - Phenotypes - England primary care EHR: Cancer diagnosis,PH960,2138,CCU002_01 Cancer,"[{""terminology"": ""SNOMEDCT"", ""code_type"": ""1""}]"
255090000,Malignant neoplasm of carpal bones,SNOMED  CT codes,C2766,7287,CCU002_01 Cancer - Phenotypes - England primary care EHR: Cancer diagnosis,PH960,2138,CCU002_01 Cancer,"[{""terminology"": ""SNOMEDCT"", ""code_type"": ""1""}]"
255091001,Malignant neoplasm of metacarpal bones,SNOMED  CT codes,C2766,7287,CCU002_01 Cancer - Phenotypes - England primary care EHR: Cancer diagnosis,PH960,2138,CCU002_01 Cancer,"[{""terminology"": ""SNOMEDCT"", ""code_type"": ""1""}]"
255093003,Malignant skin tumor with adnexal differentiation (disorder),SNOMED  CT codes,C2766,7287,CCU002_01 Cancer - Phenotypes - England primary care EHR: Cancer diagnosis,PH960,2138,CCU002_01 Cancer,"[{""terminology"": ""SNOMEDCT"", ""code_type"": ""1""}]"
255096006,Malignant tumor of dermis (disorder),SNOMED  CT codes,C2766,7287,CCU002_01 Cancer - Phenotypes - England primary care EHR: Cancer diagnosis,PH960,2138,CCU002_01 Cancer,"[{""terminology"": ""SNOMEDCT"", ""code_type"": ""1""}]"
255101006,Sezary disease of skin (disorder),SNOMED  CT codes,C2766,7287,CCU002_01 Cancer - Phenotypes - England primary care EHR: Cancer diagnosis,PH960,2138,CCU002_01 Cancer,"[{""terminology"": ""SNOMEDCT"", ""code_type"": ""1""}]"
255102004,Angioendotheliomatosis (disorder),SNOMED  CT codes,C2766,7287,CCU002_01 Cancer - Phenotypes - England primary care EHR: Cancer diagnosis,PH960,2138,CCU002_01 Cancer,"[{""terminology"": ""SNOMEDCT"", ""code_type"": ""1""}]"
255107005,Seminoma of testis,SNOMED  CT codes,C2766,7287,CCU002_01 Cancer - Phenotypes - England primary care EHR: Cancer diagnosis,PH960,2138,CCU002_01 Cancer,"[{""terminology"": ""SNOMEDCT"", ""code_type"": ""1""}]"
255108000,Carcinoma of bladder (disorder),SNOMED  CT codes,C2766,7287,CCU002_01 Cancer - Phenotypes - England primary care EHR: Cancer diagnosis,PH960,2138,CCU002_01 Cancer,"[{""terminology"": ""SNOMEDCT"", ""code_type"": ""1""}]"
255109008,Transitional cell carcinoma of bladder (disorder),SNOMED  CT codes,C2766,7287,CCU002_01 Cancer - Phenotypes - England primary care EHR: Cancer diagnosis,PH960,2138,CCU002_01 Cancer,"[{""terminology"": ""SNOMEDCT"", ""code_type"": ""1""}]"
255110003,Adenocarcinoma of bladder (disorder),SNOMED  CT codes,C2766,7287,CCU002_01 Cancer - Phenotypes - England primary care EHR: Cancer diagnosis,PH960,2138,CCU002_01 Cancer,"[{""terminology"": ""SNOMEDCT"", ""code_type"": ""1""}]"
255111004,Squamous cell carcinoma of bladder (disorder),SNOMED  CT codes,C2766,7287,CCU002_01 Cancer - Phenotypes - England primary care EHR: Cancer diagnosis,PH960,2138,CCU002_01 Cancer,"[{""terminology"": ""SNOMEDCT"", ""code_type"": ""1""}]"
255114007,Kaposi's sarcoma of conjunctiva (disorder),SNOMED  CT codes,C2766,7287,CCU002_01 Cancer - Phenotypes - England primary care EHR: Cancer diagnosis,PH960,2138,CCU002_01 Cancer,"[{""terminology"": ""SNOMEDCT"", ""code_type"": ""1""}]"
255118005,Secondary lymphangitic carcinoma (disorder),SNOMED  CT codes,C2766,7287,CCU002_01 Cancer - Phenotypes - England primary care EHR: Cancer diagnosis,PH960,2138,CCU002_01 Cancer,"[{""terminology"": ""SNOMEDCT"", ""code_type"": ""1""}]"
255119002,Lymphangitis carcinomatosa (disorder),SNOMED  CT codes,C2766,7287,CCU002_01 Cancer - Phenotypes - England primary care EHR: Cancer diagnosis,PH960,2138,CCU002_01 Cancer,"[{""terminology"": ""SNOMEDCT"", ""code_type"": ""1""}]"
255121007,Carcinomatosis of peritoneal cavity (disorder),SNOMED  CT codes,C2766,7287,CCU002_01 Cancer - Phenotypes - England primary care EHR: Cancer diagnosis,PH960,2138,CCU002_01 Cancer,"[{""terminology"": ""SNOMEDCT"", ""code_type"": ""1""}]"
255123005,Metastasis to nervous system and eye (disorder),SNOMED  CT codes,C2766,7287,CCU002_01 Cancer - Phenotypes - England primary care EHR: Cancer diagnosis,PH960,2138,CCU002_01 Cancer,"[{""terminology"": ""SNOMEDCT"", ""code_type"": ""1""}]"
255124004,Metastasis to peripheral nerve (disorder),SNOMED  CT codes,C2766,7287,CCU002_01 Cancer - Phenotypes - England primary care EHR: Cancer diagnosis,PH960,2138,CCU002_01 Cancer,"[{""terminology"": ""SNOMEDCT"", ""code_type"": ""1""}]"
255127006,Local tumor spread (disorder),SNOMED  CT codes,C2766,7287,CCU002_01 Cancer - Phenotypes - England primary care EHR: Cancer diagnosis,PH960,2138,CCU002_01 Cancer,"[{""terminology"": ""SNOMEDCT"", ""code_type"": ""1""}]"
255128001,Malignant infiltration of peripheral nerve (disorder),SNOMED  CT codes,C2766,7287,CCU002_01 Cancer - Phenotypes - England primary care EHR: Cancer diagnosis,PH960,2138,CCU002_01 Cancer,"[{""terminology"": ""SNOMEDCT"", ""code_type"": ""1""}]"
255129009,Malignant infiltration of peripheral nerve plexus (disorder),SNOMED  CT codes,C2766,7287,CCU002_01 Cancer - Phenotypes - England primary care EHR: Cancer diagnosis,PH960,2138,CCU002_01 Cancer,"[{""terminology"": ""SNOMEDCT"", ""code_type"": ""1""}]"
265760000,Intravenous chemotherapy (procedure),SNOMED  CT codes,C2766,7287,CCU002_01 Cancer - Phenotypes - England primary care EHR: Cancer diagnosis,PH960,2138,CCU002_01 Cancer,"[{""terminology"": ""SNOMEDCT"", ""code_type"": ""1""}]"
265761001,Intramuscular chemotherapy (procedure),SNOMED  CT codes,C2766,7287,CCU002_01 Cancer - Phenotypes - England primary care EHR: Cancer diagnosis,PH960,2138,CCU002_01 Cancer,"[{""terminology"": ""SNOMEDCT"", ""code_type"": ""1""}]"
265762008,Subcutaneous chemotherapy (procedure),SNOMED  CT codes,C2766,7287,CCU002_01 Cancer - Phenotypes - England primary care EHR: Cancer diagnosis,PH960,2138,CCU002_01 Cancer,"[{""terminology"": ""SNOMEDCT"", ""code_type"": ""1""}]"
266719004,Oral chemotherapy (procedure),SNOMED  CT codes,C2766,7287,CCU002_01 Cancer - Phenotypes - England primary care EHR: Cancer diagnosis,PH960,2138,CCU002_01 Cancer,"[{""terminology"": ""SNOMEDCT"", ""code_type"": ""1""}]"
267540007,Neutropenia caused by irradiation (disorder),SNOMED  CT codes,C2766,7287,CCU002_01 Cancer - Phenotypes - England primary care EHR: Cancer diagnosis,PH960,2138,CCU002_01 Cancer,"[{""terminology"": ""SNOMEDCT"", ""code_type"": ""1""}]"
268500004,Prophylactic chemotherapy (procedure),SNOMED  CT codes,C2766,7287,CCU002_01 Cancer - Phenotypes - England primary care EHR: Cancer diagnosis,PH960,2138,CCU002_01 Cancer,"[{""terminology"": ""SNOMEDCT"", ""code_type"": ""1""}]"
269459004,Malignant tumour of lesser curve of stomach,SNOMED  CT codes,C2766,7287,CCU002_01 Cancer - Phenotypes - England primary care EHR: Cancer diagnosis,PH960,2138,CCU002_01 Cancer,"[{""terminology"": ""SNOMEDCT"", ""code_type"": ""1""}]"
269460009,Malignant tumor of greater curve of stomach,SNOMED  CT codes,C2766,7287,CCU002_01 Cancer - Phenotypes - England primary care EHR: Cancer diagnosis,PH960,2138,CCU002_01 Cancer,"[{""terminology"": ""SNOMEDCT"", ""code_type"": ""1""}]"
269463006,Malignant tumor of middle ear and mastoid,SNOMED  CT codes,C2766,7287,CCU002_01 Cancer - Phenotypes - England primary care EHR: Cancer diagnosis,PH960,2138,CCU002_01 Cancer,"[{""terminology"": ""SNOMEDCT"", ""code_type"": ""1""}]"
269464000,"Malignant neoplasm of upper lobe, bronchus or lung",SNOMED  CT codes,C2766,7287,CCU002_01 Cancer - Phenotypes - England primary care EHR: Cancer diagnosis,PH960,2138,CCU002_01 Cancer,"[{""terminology"": ""SNOMEDCT"", ""code_type"": ""1""}]"
269467007,Malignant neoplasm of hand bones,SNOMED  CT codes,C2766,7287,CCU002_01 Cancer - Phenotypes - England primary care EHR: Cancer diagnosis,PH960,2138,CCU002_01 Cancer,"[{""terminology"": ""SNOMEDCT"", ""code_type"": ""1""}]"
269469005,Malignant neoplasm of soft tissue,SNOMED  CT codes,C2766,7287,CCU002_01 Cancer - Phenotypes - England primary care EHR: Cancer diagnosis,PH960,2138,CCU002_01 Cancer,"[{""terminology"": ""SNOMEDCT"", ""code_type"": ""1""}]"
269473008,Secondary malignant neoplasm of respiratory and digestive systems,SNOMED  CT codes,C2766,7287,CCU002_01 Cancer - Phenotypes - England primary care EHR: Cancer diagnosis,PH960,2138,CCU002_01 Cancer,"[{""terminology"": ""SNOMEDCT"", ""code_type"": ""1""}]"
269475001,Malignant neoplasm of lymphatic and haemopoietic tissue,SNOMED  CT codes,C2766,7287,CCU002_01 Cancer - Phenotypes - England primary care EHR: Cancer diagnosis,PH960,2138,CCU002_01 Cancer,"[{""terminology"": ""SNOMEDCT"", ""code_type"": ""1""}]"
269476000,Nodular lymphoma,SNOMED  CT codes,C2766,7287,CCU002_01 Cancer - Phenotypes - England primary care EHR: Cancer diagnosis,PH960,2138,CCU002_01 Cancer,"[{""terminology"": ""SNOMEDCT"", ""code_type"": ""1""}]"
269515006,Carcinoma of lip,SNOMED  CT codes,C2766,7287,CCU002_01 Cancer - Phenotypes - England primary care EHR: Cancer diagnosis,PH960,2138,CCU002_01 Cancer,"[{""terminology"": ""SNOMEDCT"", ""code_type"": ""1""}]"
269516007,Tongue carcinoma (disorder),SNOMED  CT codes,C2766,7287,CCU002_01 Cancer - Phenotypes - England primary care EHR: Cancer diagnosis,PH960,2138,CCU002_01 Cancer,"[{""terminology"": ""SNOMEDCT"", ""code_type"": ""1""}]"
269533000,Carcinoma of colon (disorder),SNOMED  CT codes,C2766,7287,CCU002_01 Cancer - Phenotypes - England primary care EHR: Cancer diagnosis,PH960,2138,CCU002_01 Cancer,"[{""terminology"": ""SNOMEDCT"", ""code_type"": ""1""}]"
269544008,Carcinoma of the rectosigmoid junction (disorder),SNOMED  CT codes,C2766,7287,CCU002_01 Cancer - Phenotypes - England primary care EHR: Cancer diagnosis,PH960,2138,CCU002_01 Cancer,"[{""terminology"": ""SNOMEDCT"", ""code_type"": ""1""}]"
269578002,Malignant melanoma of head and neck,SNOMED  CT codes,C2766,7287,CCU002_01 Cancer - Phenotypes - England primary care EHR: Cancer diagnosis,PH960,2138,CCU002_01 Cancer,"[{""terminology"": ""SNOMEDCT"", ""code_type"": ""1""}]"
269579005,Malignant melanoma of trunk,SNOMED  CT codes,C2766,7287,CCU002_01 Cancer - Phenotypes - England primary care EHR: Cancer diagnosis,PH960,2138,CCU002_01 Cancer,"[{""terminology"": ""SNOMEDCT"", ""code_type"": ""1""}]"
269580008,Malignant melanoma of upper limb,SNOMED  CT codes,C2766,7287,CCU002_01 Cancer - Phenotypes - England primary care EHR: Cancer diagnosis,PH960,2138,CCU002_01 Cancer,"[{""terminology"": ""SNOMEDCT"", ""code_type"": ""1""}]"
269581007,Malignant melanoma of lower limb (disorder),SNOMED  CT codes,C2766,7287,CCU002_01 Cancer - Phenotypes - England primary care EHR: Cancer diagnosis,PH960,2138,CCU002_01 Cancer,"[{""terminology"": ""SNOMEDCT"", ""code_type"": ""1""}]"
269616004,Secondary nodes - axilla/arm (disorder),SNOMED  CT codes,C2766,7287,CCU002_01 Cancer - Phenotypes - England primary care EHR: Cancer diagnosis,PH960,2138,CCU002_01 Cancer,"[{""terminology"": ""SNOMEDCT"", ""code_type"": ""1""}]"
269617008,Secondary nodes - inguinal/leg (disorder),SNOMED  CT codes,C2766,7287,CCU002_01 Cancer - Phenotypes - England primary care EHR: Cancer diagnosis,PH960,2138,CCU002_01 Cancer,"[{""terminology"": ""SNOMEDCT"", ""code_type"": ""1""}]"
271323007,"Malignant neoplasm of lip, oral cavity and pharynx",SNOMED  CT codes,C2766,7287,CCU002_01 Cancer - Phenotypes - England primary care EHR: Cancer diagnosis,PH960,2138,CCU002_01 Cancer,"[{""terminology"": ""SNOMEDCT"", ""code_type"": ""1""}]"
271467005,"Malignant neoplasm of bone, connective tissue, skin and breast",SNOMED  CT codes,C2766,7287,CCU002_01 Cancer - Phenotypes - England primary care EHR: Cancer diagnosis,PH960,2138,CCU002_01 Cancer,"[{""terminology"": ""SNOMEDCT"", ""code_type"": ""1""}]"
271468000,Malignant neoplasm of genitourinary organ,SNOMED  CT codes,C2766,7287,CCU002_01 Cancer - Phenotypes - England primary care EHR: Cancer diagnosis,PH960,2138,CCU002_01 Cancer,"[{""terminology"": ""SNOMEDCT"", ""code_type"": ""1""}]"
271568003,"Malig neoplasm of lower lip, oral aspect",SNOMED  CT codes,C2766,7287,CCU002_01 Cancer - Phenotypes - England primary care EHR: Cancer diagnosis,PH960,2138,CCU002_01 Cancer,"[{""terminology"": ""SNOMEDCT"", ""code_type"": ""1""}]"
271943005,Carcinoma of base of tongue (disorder),SNOMED  CT codes,C2766,7287,CCU002_01 Cancer - Phenotypes - England primary care EHR: Cancer diagnosis,PH960,2138,CCU002_01 Cancer,"[{""terminology"": ""SNOMEDCT"", ""code_type"": ""1""}]"
274084007,Palate carcinoma (disorder),SNOMED  CT codes,C2766,7287,CCU002_01 Cancer - Phenotypes - England primary care EHR: Cancer diagnosis,PH960,2138,CCU002_01 Cancer,"[{""terminology"": ""SNOMEDCT"", ""code_type"": ""1""}]"
274085008,Tonsil carcinoma (disorder),SNOMED  CT codes,C2766,7287,CCU002_01 Cancer - Phenotypes - England primary care EHR: Cancer diagnosis,PH960,2138,CCU002_01 Cancer,"[{""terminology"": ""SNOMEDCT"", ""code_type"": ""1""}]"
274087000,Malignant melanoma of eye (disorder),SNOMED  CT codes,C2766,7287,CCU002_01 Cancer - Phenotypes - England primary care EHR: Cancer diagnosis,PH960,2138,CCU002_01 Cancer,"[{""terminology"": ""SNOMEDCT"", ""code_type"": ""1""}]"
274088005,Secondary malignant neoplasm of unknown site,SNOMED  CT codes,C2766,7287,CCU002_01 Cancer - Phenotypes - England primary care EHR: Cancer diagnosis,PH960,2138,CCU002_01 Cancer,"[{""terminology"": ""SNOMEDCT"", ""code_type"": ""1""}]"
274902006,Combined hepatocellular carcinoma and cholangiocarcinoma (disorder),SNOMED  CT codes,C2766,7287,CCU002_01 Cancer - Phenotypes - England primary care EHR: Cancer diagnosis,PH960,2138,CCU002_01 Cancer,"[{""terminology"": ""SNOMEDCT"", ""code_type"": ""1""}]"
274905008,"Malignant lymphoma - lymphocytic, intermediate differentiation",SNOMED  CT codes,C2766,7287,CCU002_01 Cancer - Phenotypes - England primary care EHR: Cancer diagnosis,PH960,2138,CCU002_01 Cancer,"[{""terminology"": ""SNOMEDCT"", ""code_type"": ""1""}]"
275266006,Metastasis to digestive organs (disorder),SNOMED  CT codes,C2766,7287,CCU002_01 Cancer - Phenotypes - England primary care EHR: Cancer diagnosis,PH960,2138,CCU002_01 Cancer,"[{""terminology"": ""SNOMEDCT"", ""code_type"": ""1""}]"
275394001,Carcinoma ventral surface of tongue (disorder),SNOMED  CT codes,C2766,7287,CCU002_01 Cancer - Phenotypes - England primary care EHR: Cancer diagnosis,PH960,2138,CCU002_01 Cancer,"[{""terminology"": ""SNOMEDCT"", ""code_type"": ""1""}]"
275395000,Carcinoma anterior 2/3 tongue ventrum (disorder),SNOMED  CT codes,C2766,7287,CCU002_01 Cancer - Phenotypes - England primary care EHR: Cancer diagnosis,PH960,2138,CCU002_01 Cancer,"[{""terminology"": ""SNOMEDCT"", ""code_type"": ""1""}]"
275396004,Carcinoma of anterior two-thirds of tongue - dorsal surface (disorder),SNOMED  CT codes,C2766,7287,CCU002_01 Cancer - Phenotypes - England primary care EHR: Cancer diagnosis,PH960,2138,CCU002_01 Cancer,"[{""terminology"": ""SNOMEDCT"", ""code_type"": ""1""}]"
275399006,Malignant tumour of lipstick area of lip,SNOMED  CT codes,C2766,7287,CCU002_01 Cancer - Phenotypes - England primary care EHR: Cancer diagnosis,PH960,2138,CCU002_01 Cancer,"[{""terminology"": ""SNOMEDCT"", ""code_type"": ""1""}]"
275419009,Primary vulval cancer,SNOMED  CT codes,C2766,7287,CCU002_01 Cancer - Phenotypes - England primary care EHR: Cancer diagnosis,PH960,2138,CCU002_01 Cancer,"[{""terminology"": ""SNOMEDCT"", ""code_type"": ""1""}]"
275490009,Carcinoma of tongue base - dorsal surface (disorder),SNOMED  CT codes,C2766,7287,CCU002_01 Cancer - Phenotypes - England primary care EHR: Cancer diagnosis,PH960,2138,CCU002_01 Cancer,"[{""terminology"": ""SNOMEDCT"", ""code_type"": ""1""}]"
275524009,Immunoproliferative neoplasm,SNOMED  CT codes,C2766,7287,CCU002_01 Cancer - Phenotypes - England primary care EHR: Cancer diagnosis,PH960,2138,CCU002_01 Cancer,"[{""terminology"": ""SNOMEDCT"", ""code_type"": ""1""}]"
276420005,Malignant tumor of corpus cavernosum (disorder),SNOMED  CT codes,C2766,7287,CCU002_01 Cancer - Phenotypes - England primary care EHR: Cancer diagnosis,PH960,2138,CCU002_01 Cancer,"[{""terminology"": ""SNOMEDCT"", ""code_type"": ""1""}]"
276738009,Primary signet ring carcinoma of skin (disorder),SNOMED  CT codes,C2766,7287,CCU002_01 Cancer - Phenotypes - England primary care EHR: Cancer diagnosis,PH960,2138,CCU002_01 Cancer,"[{""terminology"": ""SNOMEDCT"", ""code_type"": ""1""}]"
276750003,Malignant tumor of skin with pilar differentiation (disorder),SNOMED  CT codes,C2766,7287,CCU002_01 Cancer - Phenotypes - England primary care EHR: Cancer diagnosis,PH960,2138,CCU002_01 Cancer,"[{""terminology"": ""SNOMEDCT"", ""code_type"": ""1""}]"
276751004,Amelanotic malignant melanoma of skin (disorder),SNOMED  CT codes,C2766,7287,CCU002_01 Cancer - Phenotypes - England primary care EHR: Cancer diagnosis,PH960,2138,CCU002_01 Cancer,"[{""terminology"": ""SNOMEDCT"", ""code_type"": ""1""}]"
276797002,Malignant tumor of fibrous tissue (disorder),SNOMED  CT codes,C2766,7287,CCU002_01 Cancer - Phenotypes - England primary care EHR: Cancer diagnosis,PH960,2138,CCU002_01 Cancer,"[{""terminology"": ""SNOMEDCT"", ""code_type"": ""1""}]"
276799004,Dermatofibrosarcoma protuberans (disorder),SNOMED  CT codes,C2766,7287,CCU002_01 Cancer - Phenotypes - England primary care EHR: Cancer diagnosis,PH960,2138,CCU002_01 Cancer,"[{""terminology"": ""SNOMEDCT"", ""code_type"": ""1""}]"
276803003,Adenocarcinoma of esophagus (disorder),SNOMED  CT codes,C2766,7287,CCU002_01 Cancer - Phenotypes - England primary care EHR: Cancer diagnosis,PH960,2138,CCU002_01 Cancer,"[{""terminology"": ""SNOMEDCT"", ""code_type"": ""1""}]"
276804009,Squamous cell carcinoma of esophagus (disorder),SNOMED  CT codes,C2766,7287,CCU002_01 Cancer - Phenotypes - England primary care EHR: Cancer diagnosis,PH960,2138,CCU002_01 Cancer,"[{""terminology"": ""SNOMEDCT"", ""code_type"": ""1""}]"
276808007,Carcinoid tumor of stomach (disorder),SNOMED  CT codes,C2766,7287,CCU002_01 Cancer - Phenotypes - England primary care EHR: Cancer diagnosis,PH960,2138,CCU002_01 Cancer,"[{""terminology"": ""SNOMEDCT"", ""code_type"": ""1""}]"
276809004,Early gastric cancer (disorder),SNOMED  CT codes,C2766,7287,CCU002_01 Cancer - Phenotypes - England primary care EHR: Cancer diagnosis,PH960,2138,CCU002_01 Cancer,"[{""terminology"": ""SNOMEDCT"", ""code_type"": ""1""}]"
276810009,Late gastric cancer (disorder),SNOMED  CT codes,C2766,7287,CCU002_01 Cancer - Phenotypes - England primary care EHR: Cancer diagnosis,PH960,2138,CCU002_01 Cancer,"[{""terminology"": ""SNOMEDCT"", ""code_type"": ""1""}]"
276811008,Gastric lymphoma (disorder),SNOMED  CT codes,C2766,7287,CCU002_01 Cancer - Phenotypes - England primary care EHR: Cancer diagnosis,PH960,2138,CCU002_01 Cancer,"[{""terminology"": ""SNOMEDCT"", ""code_type"": ""1""}]"
276815004,Lymphoma of intestine (disorder),SNOMED  CT codes,C2766,7287,CCU002_01 Cancer - Phenotypes - England primary care EHR: Cancer diagnosis,PH960,2138,CCU002_01 Cancer,"[{""terminology"": ""SNOMEDCT"", ""code_type"": ""1""}]"
276821000,Malignant melanoma of anus (disorder),SNOMED  CT codes,C2766,7287,CCU002_01 Cancer - Phenotypes - England primary care EHR: Cancer diagnosis,PH960,2138,CCU002_01 Cancer,"[{""terminology"": ""SNOMEDCT"", ""code_type"": ""1""}]"
276822007,Malignant melanoma of rectum (disorder),SNOMED  CT codes,C2766,7287,CCU002_01 Cancer - Phenotypes - England primary care EHR: Cancer diagnosis,PH960,2138,CCU002_01 Cancer,"[{""terminology"": ""SNOMEDCT"", ""code_type"": ""1""}]"
276826005,Malignant glioma of brain (disorder),SNOMED  CT codes,C2766,7287,CCU002_01 Cancer - Phenotypes - England primary care EHR: Cancer diagnosis,PH960,2138,CCU002_01 Cancer,"[{""terminology"": ""SNOMEDCT"", ""code_type"": ""1""}]"
276827001,Malignant glioma of spinal cord (disorder),SNOMED  CT codes,C2766,7287,CCU002_01 Cancer - Phenotypes - England primary care EHR: Cancer diagnosis,PH960,2138,CCU002_01 Cancer,"[{""terminology"": ""SNOMEDCT"", ""code_type"": ""1""}]"
276828006,Glioblastoma multiforme of brain (disorder),SNOMED  CT codes,C2766,7287,CCU002_01 Cancer - Phenotypes - England primary care EHR: Cancer diagnosis,PH960,2138,CCU002_01 Cancer,"[{""terminology"": ""SNOMEDCT"", ""code_type"": ""1""}]"
276829003,Glioblastoma multiforme of spinal cord (disorder),SNOMED  CT codes,C2766,7287,CCU002_01 Cancer - Phenotypes - England primary care EHR: Cancer diagnosis,PH960,2138,CCU002_01 Cancer,"[{""terminology"": ""SNOMEDCT"", ""code_type"": ""1""}]"
276836002,Primary cerebral lymphoma (disorder),SNOMED  CT codes,C2766,7287,CCU002_01 Cancer - Phenotypes - England primary care EHR: Cancer diagnosis,PH960,2138,CCU002_01 Cancer,"[{""terminology"": ""SNOMEDCT"", ""code_type"": ""1""}]"
276870001,Carcinoma of fallopian tube (disorder),SNOMED  CT codes,C2766,7287,CCU002_01 Cancer - Phenotypes - England primary care EHR: Cancer diagnosis,PH960,2138,CCU002_01 Cancer,"[{""terminology"": ""SNOMEDCT"", ""code_type"": ""1""}]"
276876007,Carcinoma of Bartholin's gland (disorder),SNOMED  CT codes,C2766,7287,CCU002_01 Cancer - Phenotypes - England primary care EHR: Cancer diagnosis,PH960,2138,CCU002_01 Cancer,"[{""terminology"": ""SNOMEDCT"", ""code_type"": ""1""}]"
276952000,Squamous cell carcinoma of tongue (disorder),SNOMED  CT codes,C2766,7287,CCU002_01 Cancer - Phenotypes - England primary care EHR: Cancer diagnosis,PH960,2138,CCU002_01 Cancer,"[{""terminology"": ""SNOMEDCT"", ""code_type"": ""1""}]"
276953005,Squamous cell carcinoma of gum (disorder),SNOMED  CT codes,C2766,7287,CCU002_01 Cancer - Phenotypes - England primary care EHR: Cancer diagnosis,PH960,2138,CCU002_01 Cancer,"[{""terminology"": ""SNOMEDCT"", ""code_type"": ""1""}]"
276954004,Squamous cell carcinoma of floor of mouth (disorder),SNOMED  CT codes,C2766,7287,CCU002_01 Cancer - Phenotypes - England primary care EHR: Cancer diagnosis,PH960,2138,CCU002_01 Cancer,"[{""terminology"": ""SNOMEDCT"", ""code_type"": ""1""}]"
276962007,Squamous cell carcinoma of palate (disorder),SNOMED  CT codes,C2766,7287,CCU002_01 Cancer - Phenotypes - England primary care EHR: Cancer diagnosis,PH960,2138,CCU002_01 Cancer,"[{""terminology"": ""SNOMEDCT"", ""code_type"": ""1""}]"
276975007,Carcinoma of larynx (disorder),SNOMED  CT codes,C2766,7287,CCU002_01 Cancer - Phenotypes - England primary care EHR: Cancer diagnosis,PH960,2138,CCU002_01 Cancer,"[{""terminology"": ""SNOMEDCT"", ""code_type"": ""1""}]"
277156006,Malignant tumor of external ear (disorder),SNOMED  CT codes,C2766,7287,CCU002_01 Cancer - Phenotypes - England primary care EHR: Cancer diagnosis,PH960,2138,CCU002_01 Cancer,"[{""terminology"": ""SNOMEDCT"", ""code_type"": ""1""}]"
277461004,Anaplastic astrocytoma of brain (disorder),SNOMED  CT codes,C2766,7287,CCU002_01 Cancer - Phenotypes - England primary care EHR: Cancer diagnosis,PH960,2138,CCU002_01 Cancer,"[{""terminology"": ""SNOMEDCT"", ""code_type"": ""1""}]"
277466009,Lymphoproliferative disorder (disorder),SNOMED  CT codes,C2766,7287,CCU002_01 Cancer - Phenotypes - England primary care EHR: Cancer diagnosis,PH960,2138,CCU002_01 Cancer,"[{""terminology"": ""SNOMEDCT"", ""code_type"": ""1""}]"
277473004,B-CLL - B-cell chronic lymphocytic leukemia,SNOMED  CT codes,C2766,7287,CCU002_01 Cancer - Phenotypes - England primary care EHR: Cancer diagnosis,PH960,2138,CCU002_01 Cancer,"[{""terminology"": ""SNOMEDCT"", ""code_type"": ""1""}]"
277474005,B-cell chronic lymphocytic leukaemia variant,SNOMED  CT codes,C2766,7287,CCU002_01 Cancer - Phenotypes - England primary care EHR: Cancer diagnosis,PH960,2138,CCU002_01 Cancer,"[{""terminology"": ""SNOMEDCT"", ""code_type"": ""1""}]"
277505007,Medulloblastoma of cerebellum (disorder),SNOMED  CT codes,C2766,7287,CCU002_01 Cancer - Phenotypes - England primary care EHR: Cancer diagnosis,PH960,2138,CCU002_01 Cancer,"[{""terminology"": ""SNOMEDCT"", ""code_type"": ""1""}]"
277530005,Malignant melanoma of meninges (disorder),SNOMED  CT codes,C2766,7287,CCU002_01 Cancer - Phenotypes - England primary care EHR: Cancer diagnosis,PH960,2138,CCU002_01 Cancer,"[{""terminology"": ""SNOMEDCT"", ""code_type"": ""1""}]"
277543005,Malignant white blood cell disorder (disorder),SNOMED  CT codes,C2766,7287,CCU002_01 Cancer - Phenotypes - England primary care EHR: Cancer diagnosis,PH960,2138,CCU002_01 Cancer,"[{""terminology"": ""SNOMEDCT"", ""code_type"": ""1""}]"
277545003,T-cell chronic lymphocytic leukaemia,SNOMED  CT codes,C2766,7287,CCU002_01 Cancer - Phenotypes - England primary care EHR: Cancer diagnosis,PH960,2138,CCU002_01 Cancer,"[{""terminology"": ""SNOMEDCT"", ""code_type"": ""1""}]"
277549009,Chronic lymphocytic prolymphocytic leukemia syndrome,SNOMED  CT codes,C2766,7287,CCU002_01 Cancer - Phenotypes - England primary care EHR: Cancer diagnosis,PH960,2138,CCU002_01 Cancer,"[{""terminology"": ""SNOMEDCT"", ""code_type"": ""1""}]"
277550009,Richter's syndrome,SNOMED  CT codes,C2766,7287,CCU002_01 Cancer - Phenotypes - England primary care EHR: Cancer diagnosis,PH960,2138,CCU002_01 Cancer,"[{""terminology"": ""SNOMEDCT"", ""code_type"": ""1""}]"
277551008,Splenic lymphoma with villous lymphocytes,SNOMED  CT codes,C2766,7287,CCU002_01 Cancer - Phenotypes - England primary care EHR: Cancer diagnosis,PH960,2138,CCU002_01 Cancer,"[{""terminology"": ""SNOMEDCT"", ""code_type"": ""1""}]"
277567002,T-cell prolymphocytic leukemia,SNOMED  CT codes,C2766,7287,CCU002_01 Cancer - Phenotypes - England primary care EHR: Cancer diagnosis,PH960,2138,CCU002_01 Cancer,"[{""terminology"": ""SNOMEDCT"", ""code_type"": ""1""}]"
277568007,Hairy cell leukaemia variant,SNOMED  CT codes,C2766,7287,CCU002_01 Cancer - Phenotypes - England primary care EHR: Cancer diagnosis,PH960,2138,CCU002_01 Cancer,"[{""terminology"": ""SNOMEDCT"", ""code_type"": ""1""}]"
277569004,Large granular lymphocytic leukemia,SNOMED  CT codes,C2766,7287,CCU002_01 Cancer - Phenotypes - England primary care EHR: Cancer diagnosis,PH960,2138,CCU002_01 Cancer,"[{""terminology"": ""SNOMEDCT"", ""code_type"": ""1""}]"
277570003,Lymphoma with spill,SNOMED  CT codes,C2766,7287,CCU002_01 Cancer - Phenotypes - England primary care EHR: Cancer diagnosis,PH960,2138,CCU002_01 Cancer,"[{""terminology"": ""SNOMEDCT"", ""code_type"": ""1""}]"
277571004,B-cell acute lymphoblastic leukemia,SNOMED  CT codes,C2766,7287,CCU002_01 Cancer - Phenotypes - England primary care EHR: Cancer diagnosis,PH960,2138,CCU002_01 Cancer,"[{""terminology"": ""SNOMEDCT"", ""code_type"": ""1""}]"
277572006,Pre B-cell acute lymphoblastic leukemia (disorder),SNOMED  CT codes,C2766,7287,CCU002_01 Cancer - Phenotypes - England primary care EHR: Cancer diagnosis,PH960,2138,CCU002_01 Cancer,"[{""terminology"": ""SNOMEDCT"", ""code_type"": ""1""}]"
277573001,Common acute lymphoblastic leukemia (disorder),SNOMED  CT codes,C2766,7287,CCU002_01 Cancer - Phenotypes - England primary care EHR: Cancer diagnosis,PH960,2138,CCU002_01 Cancer,"[{""terminology"": ""SNOMEDCT"", ""code_type"": ""1""}]"
277574007,Null cell acute lymphoblastic leukemia (disorder),SNOMED  CT codes,C2766,7287,CCU002_01 Cancer - Phenotypes - England primary care EHR: Cancer diagnosis,PH960,2138,CCU002_01 Cancer,"[{""terminology"": ""SNOMEDCT"", ""code_type"": ""1""}]"
277575008,T-cell acute lymphoblastic leukemia (disorder),SNOMED  CT codes,C2766,7287,CCU002_01 Cancer - Phenotypes - England primary care EHR: Cancer diagnosis,PH960,2138,CCU002_01 Cancer,"[{""terminology"": ""SNOMEDCT"", ""code_type"": ""1""}]"
277579002,Light chain myeloma (disorder),SNOMED  CT codes,C2766,7287,CCU002_01 Cancer - Phenotypes - England primary care EHR: Cancer diagnosis,PH960,2138,CCU002_01 Cancer,"[{""terminology"": ""SNOMEDCT"", ""code_type"": ""1""}]"
277580004,Non-secretory myeloma (disorder),SNOMED  CT codes,C2766,7287,CCU002_01 Cancer - Phenotypes - England primary care EHR: Cancer diagnosis,PH960,2138,CCU002_01 Cancer,"[{""terminology"": ""SNOMEDCT"", ""code_type"": ""1""}]"
277587001,Juvenile chronic myeloid leukemia (disorder),SNOMED  CT codes,C2766,7287,CCU002_01 Cancer - Phenotypes - England primary care EHR: Cancer diagnosis,PH960,2138,CCU002_01 Cancer,"[{""terminology"": ""SNOMEDCT"", ""code_type"": ""1""}]"
277589003,Atypical chronic myeloid leukemia (disorder),SNOMED  CT codes,C2766,7287,CCU002_01 Cancer - Phenotypes - England primary care EHR: Cancer diagnosis,PH960,2138,CCU002_01 Cancer,"[{""terminology"": ""SNOMEDCT"", ""code_type"": ""1""}]"
277597005,Myelodysplastic syndrome with isolated del(5q) (disorder),SNOMED  CT codes,C2766,7287,CCU002_01 Cancer - Phenotypes - England primary care EHR: Cancer diagnosis,PH960,2138,CCU002_01 Cancer,"[{""terminology"": ""SNOMEDCT"", ""code_type"": ""1""}]"
277601005,Acute monoblastic leukemia (disorder),SNOMED  CT codes,C2766,7287,CCU002_01 Cancer - Phenotypes - England primary care EHR: Cancer diagnosis,PH960,2138,CCU002_01 Cancer,"[{""terminology"": ""SNOMEDCT"", ""code_type"": ""1""}]"
277602003,Acute megakaryoblastic leukemia (disorder),SNOMED  CT codes,C2766,7287,CCU002_01 Cancer - Phenotypes - England primary care EHR: Cancer diagnosis,PH960,2138,CCU002_01 Cancer,"[{""terminology"": ""SNOMEDCT"", ""code_type"": ""1""}]"
277604002,Acute eosinophilic leukemia (disorder),SNOMED  CT codes,C2766,7287,CCU002_01 Cancer - Phenotypes - England primary care EHR: Cancer diagnosis,PH960,2138,CCU002_01 Cancer,"[{""terminology"": ""SNOMEDCT"", ""code_type"": ""1""}]"
277605001,Tumor lysis syndrome (disorder),SNOMED  CT codes,C2766,7287,CCU002_01 Cancer - Phenotypes - England primary care EHR: Cancer diagnosis,PH960,2138,CCU002_01 Cancer,"[{""terminology"": ""SNOMEDCT"", ""code_type"": ""1""}]"
277609007,"Hodgkin's disease, lymphocytic predominance - diffuse (disorder)",SNOMED  CT codes,C2766,7287,CCU002_01 Cancer - Phenotypes - England primary care EHR: Cancer diagnosis,PH960,2138,CCU002_01 Cancer,"[{""terminology"": ""SNOMEDCT"", ""code_type"": ""1""}]"
277610002,"Hodgkin's disease, nodular sclerosis - lymphocytic predominance (disorder)",SNOMED  CT codes,C2766,7287,CCU002_01 Cancer - Phenotypes - England primary care EHR: Cancer diagnosis,PH960,2138,CCU002_01 Cancer,"[{""terminology"": ""SNOMEDCT"", ""code_type"": ""1""}]"
277612005,"Hodgkin's disease, nodular sclerosis - lymphocytic depletion (disorder)",SNOMED  CT codes,C2766,7287,CCU002_01 Cancer - Phenotypes - England primary care EHR: Cancer diagnosis,PH960,2138,CCU002_01 Cancer,"[{""terminology"": ""SNOMEDCT"", ""code_type"": ""1""}]"
277613000,Cutaneous/peripheral T-cell lymphoma,SNOMED  CT codes,C2766,7287,CCU002_01 Cancer - Phenotypes - England primary care EHR: Cancer diagnosis,PH960,2138,CCU002_01 Cancer,"[{""terminology"": ""SNOMEDCT"", ""code_type"": ""1""}]"
277615007,Low grade B-cell lymphoma,SNOMED  CT codes,C2766,7287,CCU002_01 Cancer - Phenotypes - England primary care EHR: Cancer diagnosis,PH960,2138,CCU002_01 Cancer,"[{""terminology"": ""SNOMEDCT"", ""code_type"": ""1""}]"
277616008,Diffuse low grade B-cell lymphoma (disorder),SNOMED  CT codes,C2766,7287,CCU002_01 Cancer - Phenotypes - England primary care EHR: Cancer diagnosis,PH960,2138,CCU002_01 Cancer,"[{""terminology"": ""SNOMEDCT"", ""code_type"": ""1""}]"
277617004,High grade B-cell lymphoma (disorder),SNOMED  CT codes,C2766,7287,CCU002_01 Cancer - Phenotypes - England primary care EHR: Cancer diagnosis,PH960,2138,CCU002_01 Cancer,"[{""terminology"": ""SNOMEDCT"", ""code_type"": ""1""}]"
277618009,Follicular low grade B-cell lymphoma (disorder),SNOMED  CT codes,C2766,7287,CCU002_01 Cancer - Phenotypes - England primary care EHR: Cancer diagnosis,PH960,2138,CCU002_01 Cancer,"[{""terminology"": ""SNOMEDCT"", ""code_type"": ""1""}]"
277619001,B-cell prolymphocytic leukaemia,SNOMED  CT codes,C2766,7287,CCU002_01 Cancer - Phenotypes - England primary care EHR: Cancer diagnosis,PH960,2138,CCU002_01 Cancer,"[{""terminology"": ""SNOMEDCT"", ""code_type"": ""1""}]"
277622004,Mucosa-associated lymphoma,SNOMED  CT codes,C2766,7287,CCU002_01 Cancer - Phenotypes - England primary care EHR: Cancer diagnosis,PH960,2138,CCU002_01 Cancer,"[{""terminology"": ""SNOMEDCT"", ""code_type"": ""1""}]"
277623009,Monocytoid B-cell lymphoma (disorder),SNOMED  CT codes,C2766,7287,CCU002_01 Cancer - Phenotypes - England primary care EHR: Cancer diagnosis,PH960,2138,CCU002_01 Cancer,"[{""terminology"": ""SNOMEDCT"", ""code_type"": ""1""}]"
277624003,Follicular malignant lymphoma - mixed cell type (disorder),SNOMED  CT codes,C2766,7287,CCU002_01 Cancer - Phenotypes - England primary care EHR: Cancer diagnosis,PH960,2138,CCU002_01 Cancer,"[{""terminology"": ""SNOMEDCT"", ""code_type"": ""1""}]"
277625002,Follicular non-Hodgkin's small cleaved cell lymphoma,SNOMED  CT codes,C2766,7287,CCU002_01 Cancer - Phenotypes - England primary care EHR: Cancer diagnosis,PH960,2138,CCU002_01 Cancer,"[{""terminology"": ""SNOMEDCT"", ""code_type"": ""1""}]"
277626001,Diffuse high grade B-cell lymphoma (disorder),SNOMED  CT codes,C2766,7287,CCU002_01 Cancer - Phenotypes - England primary care EHR: Cancer diagnosis,PH960,2138,CCU002_01 Cancer,"[{""terminology"": ""SNOMEDCT"", ""code_type"": ""1""}]"
277627005,Nodular high grade B-cell lymphoma (disorder),SNOMED  CT codes,C2766,7287,CCU002_01 Cancer - Phenotypes - England primary care EHR: Cancer diagnosis,PH960,2138,CCU002_01 Cancer,"[{""terminology"": ""SNOMEDCT"", ""code_type"": ""1""}]"
277628000,Diffuse malignant lymphoma - large cleaved cell (disorder),SNOMED  CT codes,C2766,7287,CCU002_01 Cancer - Phenotypes - England primary care EHR: Cancer diagnosis,PH960,2138,CCU002_01 Cancer,"[{""terminology"": ""SNOMEDCT"", ""code_type"": ""1""}]"
277629008,Diffuse malignant lymphoma - large non-cleaved cell (disorder),SNOMED  CT codes,C2766,7287,CCU002_01 Cancer - Phenotypes - England primary care EHR: Cancer diagnosis,PH960,2138,CCU002_01 Cancer,"[{""terminology"": ""SNOMEDCT"", ""code_type"": ""1""}]"
277637000,Large cell anaplastic lymphoma (disorder),SNOMED  CT codes,C2766,7287,CCU002_01 Cancer - Phenotypes - England primary care EHR: Cancer diagnosis,PH960,2138,CCU002_01 Cancer,"[{""terminology"": ""SNOMEDCT"", ""code_type"": ""1""}]"
277641001,"Malignant lymphoma - histiocytic, nodular",SNOMED  CT codes,C2766,7287,CCU002_01 Cancer - Phenotypes - England primary care EHR: Cancer diagnosis,PH960,2138,CCU002_01 Cancer,"[{""terminology"": ""SNOMEDCT"", ""code_type"": ""1""}]"
277642008,Low grade T-cell lymphoma (disorder),SNOMED  CT codes,C2766,7287,CCU002_01 Cancer - Phenotypes - England primary care EHR: Cancer diagnosis,PH960,2138,CCU002_01 Cancer,"[{""terminology"": ""SNOMEDCT"", ""code_type"": ""1""}]"
277643003,High grade T-cell lymphoma (disorder),SNOMED  CT codes,C2766,7287,CCU002_01 Cancer - Phenotypes - England primary care EHR: Cancer diagnosis,PH960,2138,CCU002_01 Cancer,"[{""terminology"": ""SNOMEDCT"", ""code_type"": ""1""}]"
277651000,Peripheral T-cell lymphoma - pleomorphic small cell (disorder),SNOMED  CT codes,C2766,7287,CCU002_01 Cancer - Phenotypes - England primary care EHR: Cancer diagnosis,PH960,2138,CCU002_01 Cancer,"[{""terminology"": ""SNOMEDCT"", ""code_type"": ""1""}]"
277653002,Peripheral T-cell lymphoma - pleomorphic medium and large cell (disorder),SNOMED  CT codes,C2766,7287,CCU002_01 Cancer - Phenotypes - England primary care EHR: Cancer diagnosis,PH960,2138,CCU002_01 Cancer,"[{""terminology"": ""SNOMEDCT"", ""code_type"": ""1""}]"
277654008,Enteropathy-associated T-cell lymphoma (disorder),SNOMED  CT codes,C2766,7287,CCU002_01 Cancer - Phenotypes - England primary care EHR: Cancer diagnosis,PH960,2138,CCU002_01 Cancer,"[{""terminology"": ""SNOMEDCT"", ""code_type"": ""1""}]"
277664004,Malignant lymphoma of testis (disorder),SNOMED  CT codes,C2766,7287,CCU002_01 Cancer - Phenotypes - England primary care EHR: Cancer diagnosis,PH960,2138,CCU002_01 Cancer,"[{""terminology"": ""SNOMEDCT"", ""code_type"": ""1""}]"
277782009,Malignant peritoneal local recurrence (disorder),SNOMED  CT codes,C2766,7287,CCU002_01 Cancer - Phenotypes - England primary care EHR: Cancer diagnosis,PH960,2138,CCU002_01 Cancer,"[{""terminology"": ""SNOMEDCT"", ""code_type"": ""1""}]"
278024000,Rhabdomyosarcoma of bladder (disorder),SNOMED  CT codes,C2766,7287,CCU002_01 Cancer - Phenotypes - England primary care EHR: Cancer diagnosis,PH960,2138,CCU002_01 Cancer,"[{""terminology"": ""SNOMEDCT"", ""code_type"": ""1""}]"
278042005,Malignant teratoma of mediastinum (disorder),SNOMED  CT codes,C2766,7287,CCU002_01 Cancer - Phenotypes - England primary care EHR: Cancer diagnosis,PH960,2138,CCU002_01 Cancer,"[{""terminology"": ""SNOMEDCT"", ""code_type"": ""1""}]"
278043000,Malignant seminoma of mediastinum (disorder),SNOMED  CT codes,C2766,7287,CCU002_01 Cancer - Phenotypes - England primary care EHR: Cancer diagnosis,PH960,2138,CCU002_01 Cancer,"[{""terminology"": ""SNOMEDCT"", ""code_type"": ""1""}]"
278044006,Malignant neuroma of mediastinum (disorder),SNOMED  CT codes,C2766,7287,CCU002_01 Cancer - Phenotypes - England primary care EHR: Cancer diagnosis,PH960,2138,CCU002_01 Cancer,"[{""terminology"": ""SNOMEDCT"", ""code_type"": ""1""}]"
278046008,Sarcoma of bladder (disorder),SNOMED  CT codes,C2766,7287,CCU002_01 Cancer - Phenotypes - England primary care EHR: Cancer diagnosis,PH960,2138,CCU002_01 Cancer,"[{""terminology"": ""SNOMEDCT"", ""code_type"": ""1""}]"
278050001,Sarcoma of breast (disorder),SNOMED  CT codes,C2766,7287,CCU002_01 Cancer - Phenotypes - England primary care EHR: Cancer diagnosis,PH960,2138,CCU002_01 Cancer,"[{""terminology"": ""SNOMEDCT"", ""code_type"": ""1""}]"
278051002,Malignant lymphoma of thyroid gland (disorder),SNOMED  CT codes,C2766,7287,CCU002_01 Cancer - Phenotypes - England primary care EHR: Cancer diagnosis,PH960,2138,CCU002_01 Cancer,"[{""terminology"": ""SNOMEDCT"", ""code_type"": ""1""}]"
278052009,Malignant lymphoma of breast (disorder),SNOMED  CT codes,C2766,7287,CCU002_01 Cancer - Phenotypes - England primary care EHR: Cancer diagnosis,PH960,2138,CCU002_01 Cancer,"[{""terminology"": ""SNOMEDCT"", ""code_type"": ""1""}]"
278053004,Intraductal carcinoma of breast (disorder),SNOMED  CT codes,C2766,7287,CCU002_01 Cancer - Phenotypes - England primary care EHR: Cancer diagnosis,PH960,2138,CCU002_01 Cancer,"[{""terminology"": ""SNOMEDCT"", ""code_type"": ""1""}]"
278054005,Lobular carcinoma of breast (disorder),SNOMED  CT codes,C2766,7287,CCU002_01 Cancer - Phenotypes - England primary care EHR: Cancer diagnosis,PH960,2138,CCU002_01 Cancer,"[{""terminology"": ""SNOMEDCT"", ""code_type"": ""1""}]"
278055006,Malignant Leydig cell tumor of testis (disorder),SNOMED  CT codes,C2766,7287,CCU002_01 Cancer - Phenotypes - England primary care EHR: Cancer diagnosis,PH960,2138,CCU002_01 Cancer,"[{""terminology"": ""SNOMEDCT"", ""code_type"": ""1""}]"
278057003,Sertoli cell tumor of testis (disorder),SNOMED  CT codes,C2766,7287,CCU002_01 Cancer - Phenotypes - England primary care EHR: Cancer diagnosis,PH960,2138,CCU002_01 Cancer,"[{""terminology"": ""SNOMEDCT"", ""code_type"": ""1""}]"
278060005,Endometrioid carcinoma of prostate (disorder),SNOMED  CT codes,C2766,7287,CCU002_01 Cancer - Phenotypes - England primary care EHR: Cancer diagnosis,PH960,2138,CCU002_01 Cancer,"[{""terminology"": ""SNOMEDCT"", ""code_type"": ""1""}]"
278065000,Superior pulmonary sulcus syndrome,SNOMED  CT codes,C2766,7287,CCU002_01 Cancer - Phenotypes - England primary care EHR: Cancer diagnosis,PH960,2138,CCU002_01 Cancer,"[{""terminology"": ""SNOMEDCT"", ""code_type"": ""1""}]"
278433008,Malignant infiltration of soft tissue (disorder),SNOMED  CT codes,C2766,7287,CCU002_01 Cancer - Phenotypes - England primary care EHR: Cancer diagnosis,PH960,2138,CCU002_01 Cancer,"[{""terminology"": ""SNOMEDCT"", ""code_type"": ""1""}]"
278453007,Acute biphenotypic leukemia (disorder),SNOMED  CT codes,C2766,7287,CCU002_01 Cancer - Phenotypes - England primary care EHR: Cancer diagnosis,PH960,2138,CCU002_01 Cancer,"[{""terminology"": ""SNOMEDCT"", ""code_type"": ""1""}]"
278491007,Mixed seminoma teratoma of testis (disorder),SNOMED  CT codes,C2766,7287,CCU002_01 Cancer - Phenotypes - England primary care EHR: Cancer diagnosis,PH960,2138,CCU002_01 Cancer,"[{""terminology"": ""SNOMEDCT"", ""code_type"": ""1""}]"
280959007,Malignant tumor of lacrimal drainage structure (disorder),SNOMED  CT codes,C2766,7287,CCU002_01 Cancer - Phenotypes - England primary care EHR: Cancer diagnosis,PH960,2138,CCU002_01 Cancer,"[{""terminology"": ""SNOMEDCT"", ""code_type"": ""1""}]"
281560004,Neuroblastoma of brain,SNOMED  CT codes,C2766,7287,CCU002_01 Cancer - Phenotypes - England primary care EHR: Cancer diagnosis,PH960,2138,CCU002_01 Cancer,"[{""terminology"": ""SNOMEDCT"", ""code_type"": ""1""}]"
281562007,Adrenal neuroblastoma,SNOMED  CT codes,C2766,7287,CCU002_01 Cancer - Phenotypes - England primary care EHR: Cancer diagnosis,PH960,2138,CCU002_01 Cancer,"[{""terminology"": ""SNOMEDCT"", ""code_type"": ""1""}]"
281563002,Thoracic neuroblastoma,SNOMED  CT codes,C2766,7287,CCU002_01 Cancer - Phenotypes - England primary care EHR: Cancer diagnosis,PH960,2138,CCU002_01 Cancer,"[{""terminology"": ""SNOMEDCT"", ""code_type"": ""1""}]"
281564008,Pelvic neuroblastoma,SNOMED  CT codes,C2766,7287,CCU002_01 Cancer - Phenotypes - England primary care EHR: Cancer diagnosis,PH960,2138,CCU002_01 Cancer,"[{""terminology"": ""SNOMEDCT"", ""code_type"": ""1""}]"
281565009,Paraspinal neuroblastoma,SNOMED  CT codes,C2766,7287,CCU002_01 Cancer - Phenotypes - England primary care EHR: Cancer diagnosis,PH960,2138,CCU002_01 Cancer,"[{""terminology"": ""SNOMEDCT"", ""code_type"": ""1""}]"
281566005,Abdominothoracic neuroblastoma,SNOMED  CT codes,C2766,7287,CCU002_01 Cancer - Phenotypes - England primary care EHR: Cancer diagnosis,PH960,2138,CCU002_01 Cancer,"[{""terminology"": ""SNOMEDCT"", ""code_type"": ""1""}]"
281702006,Tibial adamantinoma (disorder),SNOMED  CT codes,C2766,7287,CCU002_01 Cancer - Phenotypes - England primary care EHR: Cancer diagnosis,PH960,2138,CCU002_01 Cancer,"[{""terminology"": ""SNOMEDCT"", ""code_type"": ""1""}]"
285310000,Carcinoma of anal canal (disorder),SNOMED  CT codes,C2766,7287,CCU002_01 Cancer - Phenotypes - England primary care EHR: Cancer diagnosis,PH960,2138,CCU002_01 Cancer,"[{""terminology"": ""SNOMEDCT"", ""code_type"": ""1""}]"
285312008,Carcinoma of sigmoid colon (disorder),SNOMED  CT codes,C2766,7287,CCU002_01 Cancer - Phenotypes - England primary care EHR: Cancer diagnosis,PH960,2138,CCU002_01 Cancer,"[{""terminology"": ""SNOMEDCT"", ""code_type"": ""1""}]"
285420006,Immunoglobulin A myeloma (disorder),SNOMED  CT codes,C2766,7287,CCU002_01 Cancer - Phenotypes - England primary care EHR: Cancer diagnosis,PH960,2138,CCU002_01 Cancer,"[{""terminology"": ""SNOMEDCT"", ""code_type"": ""1""}]"
285421005,Immunoglobulin G myeloma (disorder),SNOMED  CT codes,C2766,7287,CCU002_01 Cancer - Phenotypes - England primary care EHR: Cancer diagnosis,PH960,2138,CCU002_01 Cancer,"[{""terminology"": ""SNOMEDCT"", ""code_type"": ""1""}]"
285422003,Immunoglobulin D myeloma (disorder),SNOMED  CT codes,C2766,7287,CCU002_01 Cancer - Phenotypes - England primary care EHR: Cancer diagnosis,PH960,2138,CCU002_01 Cancer,"[{""terminology"": ""SNOMEDCT"", ""code_type"": ""1""}]"
285432005,Carcinoma of cervix,SNOMED  CT codes,C2766,7287,CCU002_01 Cancer - Phenotypes - England primary care EHR: Cancer diagnosis,PH960,2138,CCU002_01 Cancer,"[{""terminology"": ""SNOMEDCT"", ""code_type"": ""1""}]"
285603002,Metastasis to bronchus of unknown primary (disorder),SNOMED  CT codes,C2766,7287,CCU002_01 Cancer - Phenotypes - England primary care EHR: Cancer diagnosis,PH960,2138,CCU002_01 Cancer,"[{""terminology"": ""SNOMEDCT"", ""code_type"": ""1""}]"
285604008,Metastasis to lung of unknown primary (disorder),SNOMED  CT codes,C2766,7287,CCU002_01 Cancer - Phenotypes - England primary care EHR: Cancer diagnosis,PH960,2138,CCU002_01 Cancer,"[{""terminology"": ""SNOMEDCT"", ""code_type"": ""1""}]"
285605009,Metastasis to pleura of unknown primary (disorder),SNOMED  CT codes,C2766,7287,CCU002_01 Cancer - Phenotypes - England primary care EHR: Cancer diagnosis,PH960,2138,CCU002_01 Cancer,"[{""terminology"": ""SNOMEDCT"", ""code_type"": ""1""}]"
285607001,Metastasis to mediastinum of unknown primary (disorder),SNOMED  CT codes,C2766,7287,CCU002_01 Cancer - Phenotypes - England primary care EHR: Cancer diagnosis,PH960,2138,CCU002_01 Cancer,"[{""terminology"": ""SNOMEDCT"", ""code_type"": ""1""}]"
285609003,Metastasis to small intestine of unknown primary (disorder),SNOMED  CT codes,C2766,7287,CCU002_01 Cancer - Phenotypes - England primary care EHR: Cancer diagnosis,PH960,2138,CCU002_01 Cancer,"[{""terminology"": ""SNOMEDCT"", ""code_type"": ""1""}]"
285610008,Metastasis to large intestine of unknown primary (disorder),SNOMED  CT codes,C2766,7287,CCU002_01 Cancer - Phenotypes - England primary care EHR: Cancer diagnosis,PH960,2138,CCU002_01 Cancer,"[{""terminology"": ""SNOMEDCT"", ""code_type"": ""1""}]"
285611007,Metastasis to colon of unknown primary (disorder),SNOMED  CT codes,C2766,7287,CCU002_01 Cancer - Phenotypes - England primary care EHR: Cancer diagnosis,PH960,2138,CCU002_01 Cancer,"[{""terminology"": ""SNOMEDCT"", ""code_type"": ""1""}]"
285612000,Metastasis to rectum of unknown primary (disorder),SNOMED  CT codes,C2766,7287,CCU002_01 Cancer - Phenotypes - England primary care EHR: Cancer diagnosis,PH960,2138,CCU002_01 Cancer,"[{""terminology"": ""SNOMEDCT"", ""code_type"": ""1""}]"
285613005,Metastasis to liver of unknown primary (disorder),SNOMED  CT codes,C2766,7287,CCU002_01 Cancer - Phenotypes - England primary care EHR: Cancer diagnosis,PH960,2138,CCU002_01 Cancer,"[{""terminology"": ""SNOMEDCT"", ""code_type"": ""1""}]"
285614004,Metastasis to pancreas of unknown primary (disorder),SNOMED  CT codes,C2766,7287,CCU002_01 Cancer - Phenotypes - England primary care EHR: Cancer diagnosis,PH960,2138,CCU002_01 Cancer,"[{""terminology"": ""SNOMEDCT"", ""code_type"": ""1""}]"
285615003,Metastasis to spleen of unknown primary (disorder),SNOMED  CT codes,C2766,7287,CCU002_01 Cancer - Phenotypes - England primary care EHR: Cancer diagnosis,PH960,2138,CCU002_01 Cancer,"[{""terminology"": ""SNOMEDCT"", ""code_type"": ""1""}]"
285616002,Metastasis to peritoneum of unknown primary (disorder),SNOMED  CT codes,C2766,7287,CCU002_01 Cancer - Phenotypes - England primary care EHR: Cancer diagnosis,PH960,2138,CCU002_01 Cancer,"[{""terminology"": ""SNOMEDCT"", ""code_type"": ""1""}]"
285617006,Metastasis to retroperitoneum of unknown primary (disorder),SNOMED  CT codes,C2766,7287,CCU002_01 Cancer - Phenotypes - England primary care EHR: Cancer diagnosis,PH960,2138,CCU002_01 Cancer,"[{""terminology"": ""SNOMEDCT"", ""code_type"": ""1""}]"
285618001,Metastasis to bone of unknown primary (disorder),SNOMED  CT codes,C2766,7287,CCU002_01 Cancer - Phenotypes - England primary care EHR: Cancer diagnosis,PH960,2138,CCU002_01 Cancer,"[{""terminology"": ""SNOMEDCT"", ""code_type"": ""1""}]"
285619009,Metastasis to vertebral column of unknown primary (disorder),SNOMED  CT codes,C2766,7287,CCU002_01 Cancer - Phenotypes - England primary care EHR: Cancer diagnosis,PH960,2138,CCU002_01 Cancer,"[{""terminology"": ""SNOMEDCT"", ""code_type"": ""1""}]"
285631006,Metastasis to skin of unknown primary (disorder),SNOMED  CT codes,C2766,7287,CCU002_01 Cancer - Phenotypes - England primary care EHR: Cancer diagnosis,PH960,2138,CCU002_01 Cancer,"[{""terminology"": ""SNOMEDCT"", ""code_type"": ""1""}]"
285633009,Metastasis to soft tissue of unknown primary (disorder),SNOMED  CT codes,C2766,7287,CCU002_01 Cancer - Phenotypes - England primary care EHR: Cancer diagnosis,PH960,2138,CCU002_01 Cancer,"[{""terminology"": ""SNOMEDCT"", ""code_type"": ""1""}]"
285634003,Metastasis to breast of unknown primary (disorder),SNOMED  CT codes,C2766,7287,CCU002_01 Cancer - Phenotypes - England primary care EHR: Cancer diagnosis,PH960,2138,CCU002_01 Cancer,"[{""terminology"": ""SNOMEDCT"", ""code_type"": ""1""}]"
285635002,Metastasis to uterus of unknown primary (disorder),SNOMED  CT codes,C2766,7287,CCU002_01 Cancer - Phenotypes - England primary care EHR: Cancer diagnosis,PH960,2138,CCU002_01 Cancer,"[{""terminology"": ""SNOMEDCT"", ""code_type"": ""1""}]"
285637005,Metastasis to ovary of unknown primary (disorder),SNOMED  CT codes,C2766,7287,CCU002_01 Cancer - Phenotypes - England primary care EHR: Cancer diagnosis,PH960,2138,CCU002_01 Cancer,"[{""terminology"": ""SNOMEDCT"", ""code_type"": ""1""}]"
285639008,Metastasis to kidney of unknown primary (disorder),SNOMED  CT codes,C2766,7287,CCU002_01 Cancer - Phenotypes - England primary care EHR: Cancer diagnosis,PH960,2138,CCU002_01 Cancer,"[{""terminology"": ""SNOMEDCT"", ""code_type"": ""1""}]"
285640005,Metastasis to bladder of unknown primary (disorder),SNOMED  CT codes,C2766,7287,CCU002_01 Cancer - Phenotypes - England primary care EHR: Cancer diagnosis,PH960,2138,CCU002_01 Cancer,"[{""terminology"": ""SNOMEDCT"", ""code_type"": ""1""}]"
285641009,Metastasis to brain of unknown primary (disorder),SNOMED  CT codes,C2766,7287,CCU002_01 Cancer - Phenotypes - England primary care EHR: Cancer diagnosis,PH960,2138,CCU002_01 Cancer,"[{""terminology"": ""SNOMEDCT"", ""code_type"": ""1""}]"
285643007,Metastasis to adrenal gland of unknown primary (disorder),SNOMED  CT codes,C2766,7287,CCU002_01 Cancer - Phenotypes - England primary care EHR: Cancer diagnosis,PH960,2138,CCU002_01 Cancer,"[{""terminology"": ""SNOMEDCT"", ""code_type"": ""1""}]"
285644001,Metastasis to lymph node of unknown primary (disorder),SNOMED  CT codes,C2766,7287,CCU002_01 Cancer - Phenotypes - England primary care EHR: Cancer diagnosis,PH960,2138,CCU002_01 Cancer,"[{""terminology"": ""SNOMEDCT"", ""code_type"": ""1""}]"
285645000,Disseminated malignancy of unknown primary (disorder),SNOMED  CT codes,C2766,7287,CCU002_01 Cancer - Phenotypes - England primary care EHR: Cancer diagnosis,PH960,2138,CCU002_01 Cancer,"[{""terminology"": ""SNOMEDCT"", ""code_type"": ""1""}]"
285769009,Acute promyelocytic leukemia - hypogranular variant (disorder),SNOMED  CT codes,C2766,7287,CCU002_01 Cancer - Phenotypes - England primary care EHR: Cancer diagnosis,PH960,2138,CCU002_01 Cancer,"[{""terminology"": ""SNOMEDCT"", ""code_type"": ""1""}]"
285776004,Intermediate grade B-cell lymphoma (disorder),SNOMED  CT codes,C2766,7287,CCU002_01 Cancer - Phenotypes - England primary care EHR: Cancer diagnosis,PH960,2138,CCU002_01 Cancer,"[{""terminology"": ""SNOMEDCT"", ""code_type"": ""1""}]"
285839005,Acute myelomonocytic leukemia - eosinophilic variant (disorder),SNOMED  CT codes,C2766,7287,CCU002_01 Cancer - Phenotypes - England primary care EHR: Cancer diagnosis,PH960,2138,CCU002_01 Cancer,"[{""terminology"": ""SNOMEDCT"", ""code_type"": ""1""}]"
286887005,Carcinoma liver and/or biliary system (disorder),SNOMED  CT codes,C2766,7287,CCU002_01 Cancer - Phenotypes - England primary care EHR: Cancer diagnosis,PH960,2138,CCU002_01 Cancer,"[{""terminology"": ""SNOMEDCT"", ""code_type"": ""1""}]"
286889008,Carcinoma of upper limb bones/scapula (disorder),SNOMED  CT codes,C2766,7287,CCU002_01 Cancer - Phenotypes - England primary care EHR: Cancer diagnosis,PH960,2138,CCU002_01 Cancer,"[{""terminology"": ""SNOMEDCT"", ""code_type"": ""1""}]"
286890004,Carcinoma of lower limb bones (disorder),SNOMED  CT codes,C2766,7287,CCU002_01 Cancer - Phenotypes - England primary care EHR: Cancer diagnosis,PH960,2138,CCU002_01 Cancer,"[{""terminology"": ""SNOMEDCT"", ""code_type"": ""1""}]"
286893002,"Carcinoma of breast - upper, inner quadrant (disorder)",SNOMED  CT codes,C2766,7287,CCU002_01 Cancer - Phenotypes - England primary care EHR: Cancer diagnosis,PH960,2138,CCU002_01 Cancer,"[{""terminology"": ""SNOMEDCT"", ""code_type"": ""1""}]"
286894008,"Carcinoma of breast - lower, inner quadrant (disorder)",SNOMED  CT codes,C2766,7287,CCU002_01 Cancer - Phenotypes - England primary care EHR: Cancer diagnosis,PH960,2138,CCU002_01 Cancer,"[{""terminology"": ""SNOMEDCT"", ""code_type"": ""1""}]"
286895009,"Carcinoma of breast - upper, outer quadrant (disorder)",SNOMED  CT codes,C2766,7287,CCU002_01 Cancer - Phenotypes - England primary care EHR: Cancer diagnosis,PH960,2138,CCU002_01 Cancer,"[{""terminology"": ""SNOMEDCT"", ""code_type"": ""1""}]"
286896005,"Carcinoma breast - lower, outer quadrant (disorder)",SNOMED  CT codes,C2766,7287,CCU002_01 Cancer - Phenotypes - England primary care EHR: Cancer diagnosis,PH960,2138,CCU002_01 Cancer,"[{""terminology"": ""SNOMEDCT"", ""code_type"": ""1""}]"
286897001,Carcinoma of breast - axillary tail (disorder),SNOMED  CT codes,C2766,7287,CCU002_01 Cancer - Phenotypes - England primary care EHR: Cancer diagnosis,PH960,2138,CCU002_01 Cancer,"[{""terminology"": ""SNOMEDCT"", ""code_type"": ""1""}]"
286899003,Carcinoma of genital organ (disorder),SNOMED  CT codes,C2766,7287,CCU002_01 Cancer - Phenotypes - England primary care EHR: Cancer diagnosis,PH960,2138,CCU002_01 Cancer,"[{""terminology"": ""SNOMEDCT"", ""code_type"": ""1""}]"
286900008,Carcinoma of epididymis/spermatic cord (disorder),SNOMED  CT codes,C2766,7287,CCU002_01 Cancer - Phenotypes - England primary care EHR: Cancer diagnosis,PH960,2138,CCU002_01 Cancer,"[{""terminology"": ""SNOMEDCT"", ""code_type"": ""1""}]"
286902000,Secondary carcinoma of gastrointestinal tract (disorder),SNOMED  CT codes,C2766,7287,CCU002_01 Cancer - Phenotypes - England primary care EHR: Cancer diagnosis,PH960,2138,CCU002_01 Cancer,"[{""terminology"": ""SNOMEDCT"", ""code_type"": ""1""}]"
2.94301E+14,Bowel cancer detected by national screening programme (disorder),SNOMED  CT codes,C2766,7287,CCU002_01 Cancer - Phenotypes - England primary care EHR: Cancer diagnosis,PH960,2138,CCU002_01 Cancer,"[{""terminology"": ""SNOMEDCT"", ""code_type"": ""1""}]"
300988009,Transitional cell carcinoma of ureter (disorder),SNOMED  CT codes,C2766,7287,CCU002_01 Cancer - Phenotypes - England primary care EHR: Cancer diagnosis,PH960,2138,CCU002_01 Cancer,"[{""terminology"": ""SNOMEDCT"", ""code_type"": ""1""}]"
301756000,Adenocarcinoma of sigmoid colon (disorder),SNOMED  CT codes,C2766,7287,CCU002_01 Cancer - Phenotypes - England primary care EHR: Cancer diagnosis,PH960,2138,CCU002_01 Cancer,"[{""terminology"": ""SNOMEDCT"", ""code_type"": ""1""}]"
302816009,"Malignant tumour of soft tissue of head, face and neck",SNOMED  CT codes,C2766,7287,CCU002_01 Cancer - Phenotypes - England primary care EHR: Cancer diagnosis,PH960,2138,CCU002_01 Cancer,"[{""terminology"": ""SNOMEDCT"", ""code_type"": ""1""}]"
302817000,Malignant tumor of unknown origin or ill-defined site,SNOMED  CT codes,C2766,7287,CCU002_01 Cancer - Phenotypes - England primary care EHR: Cancer diagnosis,PH960,2138,CCU002_01 Cancer,"[{""terminology"": ""SNOMEDCT"", ""code_type"": ""1""}]"
302835009,Phaeochromocytoma,SNOMED  CT codes,C2766,7287,CCU002_01 Cancer - Phenotypes - England primary care EHR: Cancer diagnosis,PH960,2138,CCU002_01 Cancer,"[{""terminology"": ""SNOMEDCT"", ""code_type"": ""1""}]"
302837001,Lentigo maligna melanoma (disorder),SNOMED  CT codes,C2766,7287,CCU002_01 Cancer - Phenotypes - England primary care EHR: Cancer diagnosis,PH960,2138,CCU002_01 Cancer,"[{""terminology"": ""SNOMEDCT"", ""code_type"": ""1""}]"
302841002,Malignant lymphoma - small lymphocytic (disorder),SNOMED  CT codes,C2766,7287,CCU002_01 Cancer - Phenotypes - England primary care EHR: Cancer diagnosis,PH960,2138,CCU002_01 Cancer,"[{""terminology"": ""SNOMEDCT"", ""code_type"": ""1""}]"
302842009,Diffuse malignant lymphoma - centroblastic,SNOMED  CT codes,C2766,7287,CCU002_01 Cancer - Phenotypes - England primary care EHR: Cancer diagnosis,PH960,2138,CCU002_01 Cancer,"[{""terminology"": ""SNOMEDCT"", ""code_type"": ""1""}]"
302845006,"Nodular malignant lymphoma, lymphocytic - well differentiated (disorder)",SNOMED  CT codes,C2766,7287,CCU002_01 Cancer - Phenotypes - England primary care EHR: Cancer diagnosis,PH960,2138,CCU002_01 Cancer,"[{""terminology"": ""SNOMEDCT"", ""code_type"": ""1""}]"
302847003,Rhabdomyosarcoma (disorder),SNOMED  CT codes,C2766,7287,CCU002_01 Cancer - Phenotypes - England primary care EHR: Cancer diagnosis,PH960,2138,CCU002_01 Cancer,"[{""terminology"": ""SNOMEDCT"", ""code_type"": ""1""}]"
302849000,Nephroblastoma (disorder),SNOMED  CT codes,C2766,7287,CCU002_01 Cancer - Phenotypes - England primary care EHR: Cancer diagnosis,PH960,2138,CCU002_01 Cancer,"[{""terminology"": ""SNOMEDCT"", ""code_type"": ""1""}]"
302851001,Synovial sarcoma (disorder),SNOMED  CT codes,C2766,7287,CCU002_01 Cancer - Phenotypes - England primary care EHR: Cancer diagnosis,PH960,2138,CCU002_01 Cancer,"[{""terminology"": ""SNOMEDCT"", ""code_type"": ""1""}]"
302855005,Subacute leukemia,SNOMED  CT codes,C2766,7287,CCU002_01 Cancer - Phenotypes - England primary care EHR: Cancer diagnosis,PH960,2138,CCU002_01 Cancer,"[{""terminology"": ""SNOMEDCT"", ""code_type"": ""1""}]"
303012000,Malignant tumor of posterior wall of hypopharynx (disorder),SNOMED  CT codes,C2766,7287,CCU002_01 Cancer - Phenotypes - England primary care EHR: Cancer diagnosis,PH960,2138,CCU002_01 Cancer,"[{""terminology"": ""SNOMEDCT"", ""code_type"": ""1""}]"
303017006,"Malignant lymphoma, convoluted cell type (disorder)",SNOMED  CT codes,C2766,7287,CCU002_01 Cancer - Phenotypes - England primary care EHR: Cancer diagnosis,PH960,2138,CCU002_01 Cancer,"[{""terminology"": ""SNOMEDCT"", ""code_type"": ""1""}]"
303055001,"Malignant lymphoma, follicular center cell (disorder)",SNOMED  CT codes,C2766,7287,CCU002_01 Cancer - Phenotypes - England primary care EHR: Cancer diagnosis,PH960,2138,CCU002_01 Cancer,"[{""terminology"": ""SNOMEDCT"", ""code_type"": ""1""}]"
303057009,"Malignant lymphoma, follicular center cell, non-cleaved (disorder)",SNOMED  CT codes,C2766,7287,CCU002_01 Cancer - Phenotypes - England primary care EHR: Cancer diagnosis,PH960,2138,CCU002_01 Cancer,"[{""terminology"": ""SNOMEDCT"", ""code_type"": ""1""}]"
303194003,Metastasis to head and neck lymph node,SNOMED  CT codes,C2766,7287,CCU002_01 Cancer - Phenotypes - England primary care EHR: Cancer diagnosis,PH960,2138,CCU002_01 Cancer,"[{""terminology"": ""SNOMEDCT"", ""code_type"": ""1""}]"
303201005,Metastasis to multiple lymph nodes,SNOMED  CT codes,C2766,7287,CCU002_01 Cancer - Phenotypes - England primary care EHR: Cancer diagnosis,PH960,2138,CCU002_01 Cancer,"[{""terminology"": ""SNOMEDCT"", ""code_type"": ""1""}]"
304545002,Adenocarcinoma of ileum (disorder),SNOMED  CT codes,C2766,7287,CCU002_01 Cancer - Phenotypes - England primary care EHR: Cancer diagnosis,PH960,2138,CCU002_01 Cancer,"[{""terminology"": ""SNOMEDCT"", ""code_type"": ""1""}]"
30664006,"Multiple endocrine neoplasia, type 1 (disorder)",SNOMED  CT codes,C2766,7287,CCU002_01 Cancer - Phenotypes - England primary care EHR: Cancer diagnosis,PH960,2138,CCU002_01 Cancer,"[{""terminology"": ""SNOMEDCT"", ""code_type"": ""1""}]"
307216009,Perforated carcinoma of esophagus (disorder),SNOMED  CT codes,C2766,7287,CCU002_01 Cancer - Phenotypes - England primary care EHR: Cancer diagnosis,PH960,2138,CCU002_01 Cancer,"[{""terminology"": ""SNOMEDCT"", ""code_type"": ""1""}]"
307219002,Retroperitoneal sarcoma (disorder),SNOMED  CT codes,C2766,7287,CCU002_01 Cancer - Phenotypes - England primary care EHR: Cancer diagnosis,PH960,2138,CCU002_01 Cancer,"[{""terminology"": ""SNOMEDCT"", ""code_type"": ""1""}]"
307226002,Metastatic adenocarcinoma of unknown origin (disorder),SNOMED  CT codes,C2766,7287,CCU002_01 Cancer - Phenotypes - England primary care EHR: Cancer diagnosis,PH960,2138,CCU002_01 Cancer,"[{""terminology"": ""SNOMEDCT"", ""code_type"": ""1""}]"
307341004,Atypical hairy cell leukemia,SNOMED  CT codes,C2766,7287,CCU002_01 Cancer - Phenotypes - England primary care EHR: Cancer diagnosis,PH960,2138,CCU002_01 Cancer,"[{""terminology"": ""SNOMEDCT"", ""code_type"": ""1""}]"
307502000,Squamous cell carcinoma of mouth (disorder),SNOMED  CT codes,C2766,7287,CCU002_01 Cancer - Phenotypes - England primary care EHR: Cancer diagnosis,PH960,2138,CCU002_01 Cancer,"[{""terminology"": ""SNOMEDCT"", ""code_type"": ""1""}]"
307576001,Osteosarcoma of bone,SNOMED  CT codes,C2766,7287,CCU002_01 Cancer - Phenotypes - England primary care EHR: Cancer diagnosis,PH960,2138,CCU002_01 Cancer,"[{""terminology"": ""SNOMEDCT"", ""code_type"": ""1""}]"
307593001,Disseminated carcinomatosis,SNOMED  CT codes,C2766,7287,CCU002_01 Cancer - Phenotypes - England primary care EHR: Cancer diagnosis,PH960,2138,CCU002_01 Cancer,"[{""terminology"": ""SNOMEDCT"", ""code_type"": ""1""}]"
307599002,Sebaceous adenocarcinoma (disorder),SNOMED  CT codes,C2766,7287,CCU002_01 Cancer - Phenotypes - England primary care EHR: Cancer diagnosis,PH960,2138,CCU002_01 Cancer,"[{""terminology"": ""SNOMEDCT"", ""code_type"": ""1""}]"
307601000,Pseudomyxoma peritonei (disorder),SNOMED  CT codes,C2766,7287,CCU002_01 Cancer - Phenotypes - England primary care EHR: Cancer diagnosis,PH960,2138,CCU002_01 Cancer,"[{""terminology"": ""SNOMEDCT"", ""code_type"": ""1""}]"
307603002,Malignant blue nevus of skin (disorder),SNOMED  CT codes,C2766,7287,CCU002_01 Cancer - Phenotypes - England primary care EHR: Cancer diagnosis,PH960,2138,CCU002_01 Cancer,"[{""terminology"": ""SNOMEDCT"", ""code_type"": ""1""}]"
307608006,Ewing's sarcoma of bone (disorder),SNOMED  CT codes,C2766,7287,CCU002_01 Cancer - Phenotypes - England primary care EHR: Cancer diagnosis,PH960,2138,CCU002_01 Cancer,"[{""terminology"": ""SNOMEDCT"", ""code_type"": ""1""}]"
307609003,Adamantinoma of long bone (disorder),SNOMED  CT codes,C2766,7287,CCU002_01 Cancer - Phenotypes - England primary care EHR: Cancer diagnosis,PH960,2138,CCU002_01 Cancer,"[{""terminology"": ""SNOMEDCT"", ""code_type"": ""1""}]"
307610008,Pilomatrix carcinoma of skin (disorder),SNOMED  CT codes,C2766,7287,CCU002_01 Cancer - Phenotypes - England primary care EHR: Cancer diagnosis,PH960,2138,CCU002_01 Cancer,"[{""terminology"": ""SNOMEDCT"", ""code_type"": ""1""}]"
307617006,Neutrophilic leukemia (disorder),SNOMED  CT codes,C2766,7287,CCU002_01 Cancer - Phenotypes - England primary care EHR: Cancer diagnosis,PH960,2138,CCU002_01 Cancer,"[{""terminology"": ""SNOMEDCT"", ""code_type"": ""1""}]"
307623001,Malignant lymphoma - lymphoplasmacytic (disorder),SNOMED  CT codes,C2766,7287,CCU002_01 Cancer - Phenotypes - England primary care EHR: Cancer diagnosis,PH960,2138,CCU002_01 Cancer,"[{""terminology"": ""SNOMEDCT"", ""code_type"": ""1""}]"
307635002,"Hodgkin's disease, nodular sclerosis - cellular phase (disorder)",SNOMED  CT codes,C2766,7287,CCU002_01 Cancer - Phenotypes - England primary care EHR: Cancer diagnosis,PH960,2138,CCU002_01 Cancer,"[{""terminology"": ""SNOMEDCT"", ""code_type"": ""1""}]"
307636001,"Malignant lymphoma, mixed lymphocytic-histiocytic, nodular (disorder)",SNOMED  CT codes,C2766,7287,CCU002_01 Cancer - Phenotypes - England primary care EHR: Cancer diagnosis,PH960,2138,CCU002_01 Cancer,"[{""terminology"": ""SNOMEDCT"", ""code_type"": ""1""}]"
307637005,"Malignant lymphoma, centroblastic-centrocytic, follicular (disorder)",SNOMED  CT codes,C2766,7287,CCU002_01 Cancer - Phenotypes - England primary care EHR: Cancer diagnosis,PH960,2138,CCU002_01 Cancer,"[{""terminology"": ""SNOMEDCT"", ""code_type"": ""1""}]"
307646004,"Malignant lymphoma, lymphocytic, poorly differentiated, nodular (disorder)",SNOMED  CT codes,C2766,7287,CCU002_01 Cancer - Phenotypes - England primary care EHR: Cancer diagnosis,PH960,2138,CCU002_01 Cancer,"[{""terminology"": ""SNOMEDCT"", ""code_type"": ""1""}]"
307647008,"Malignant lymphoma, centroblastic type, follicular (disorder)",SNOMED  CT codes,C2766,7287,CCU002_01 Cancer - Phenotypes - England primary care EHR: Cancer diagnosis,PH960,2138,CCU002_01 Cancer,"[{""terminology"": ""SNOMEDCT"", ""code_type"": ""1""}]"
307649006,Microglioma (disorder),SNOMED  CT codes,C2766,7287,CCU002_01 Cancer - Phenotypes - England primary care EHR: Cancer diagnosis,PH960,2138,CCU002_01 Cancer,"[{""terminology"": ""SNOMEDCT"", ""code_type"": ""1""}]"
307651005,Myelosclerosis with myeloid metaplasia,SNOMED  CT codes,C2766,7287,CCU002_01 Cancer - Phenotypes - England primary care EHR: Cancer diagnosis,PH960,2138,CCU002_01 Cancer,"[{""terminology"": ""SNOMEDCT"", ""code_type"": ""1""}]"
308121000,Follicular non-Hodgkin's lymphoma,SNOMED  CT codes,C2766,7287,CCU002_01 Cancer - Phenotypes - England primary care EHR: Cancer diagnosis,PH960,2138,CCU002_01 Cancer,"[{""terminology"": ""SNOMEDCT"", ""code_type"": ""1""}]"
309245001,Adenocarcinoma of uterus (disorder),SNOMED  CT codes,C2766,7287,CCU002_01 Cancer - Phenotypes - England primary care EHR: Cancer diagnosis,PH960,2138,CCU002_01 Cancer,"[{""terminology"": ""SNOMEDCT"", ""code_type"": ""1""}]"
31047003,Lymphomatoid papulosis (disorder),SNOMED  CT codes,C2766,7287,CCU002_01 Cancer - Phenotypes - England primary care EHR: Cancer diagnosis,PH960,2138,CCU002_01 Cancer,"[{""terminology"": ""SNOMEDCT"", ""code_type"": ""1""}]"
310498001,Malignant melanoma of back,SNOMED  CT codes,C2766,7287,CCU002_01 Cancer - Phenotypes - England primary care EHR: Cancer diagnosis,PH960,2138,CCU002_01 Cancer,"[{""terminology"": ""SNOMEDCT"", ""code_type"": ""1""}]"
310504009,Primary malignant neoplasm of unknown site,SNOMED  CT codes,C2766,7287,CCU002_01 Cancer - Phenotypes - England primary care EHR: Cancer diagnosis,PH960,2138,CCU002_01 Cancer,"[{""terminology"": ""SNOMEDCT"", ""code_type"": ""1""}]"
310526005,Malignant tumor of soft tissue of back (disorder),SNOMED  CT codes,C2766,7287,CCU002_01 Cancer - Phenotypes - England primary care EHR: Cancer diagnosis,PH960,2138,CCU002_01 Cancer,"[{""terminology"": ""SNOMEDCT"", ""code_type"": ""1""}]"
310599006,Malignant neoplasm of canthus (disorder),SNOMED  CT codes,C2766,7287,CCU002_01 Cancer - Phenotypes - England primary care EHR: Cancer diagnosis,PH960,2138,CCU002_01 Cancer,"[{""terminology"": ""SNOMEDCT"", ""code_type"": ""1""}]"
312104005,Cholangiocarcinoma of biliary tract (disorder),SNOMED  CT codes,C2766,7287,CCU002_01 Cancer - Phenotypes - England primary care EHR: Cancer diagnosis,PH960,2138,CCU002_01 Cancer,"[{""terminology"": ""SNOMEDCT"", ""code_type"": ""1""}]"
312111009,Carcinoma of ascending colon (disorder),SNOMED  CT codes,C2766,7287,CCU002_01 Cancer - Phenotypes - England primary care EHR: Cancer diagnosis,PH960,2138,CCU002_01 Cancer,"[{""terminology"": ""SNOMEDCT"", ""code_type"": ""1""}]"
312112002,Carcinoma of transverse colon (disorder),SNOMED  CT codes,C2766,7287,CCU002_01 Cancer - Phenotypes - England primary care EHR: Cancer diagnosis,PH960,2138,CCU002_01 Cancer,"[{""terminology"": ""SNOMEDCT"", ""code_type"": ""1""}]"
312113007,Carcinoma of descending colon (disorder),SNOMED  CT codes,C2766,7287,CCU002_01 Cancer - Phenotypes - England primary care EHR: Cancer diagnosis,PH960,2138,CCU002_01 Cancer,"[{""terminology"": ""SNOMEDCT"", ""code_type"": ""1""}]"
312114001,Carcinoma of hepatic flexure (disorder),SNOMED  CT codes,C2766,7287,CCU002_01 Cancer - Phenotypes - England primary care EHR: Cancer diagnosis,PH960,2138,CCU002_01 Cancer,"[{""terminology"": ""SNOMEDCT"", ""code_type"": ""1""}]"
312115000,Carcinoma of splenic flexure (disorder),SNOMED  CT codes,C2766,7287,CCU002_01 Cancer - Phenotypes - England primary care EHR: Cancer diagnosis,PH960,2138,CCU002_01 Cancer,"[{""terminology"": ""SNOMEDCT"", ""code_type"": ""1""}]"
312949007,Retinal pigment epithelial adenocarcinoma (disorder),SNOMED  CT codes,C2766,7287,CCU002_01 Cancer - Phenotypes - England primary care EHR: Cancer diagnosis,PH960,2138,CCU002_01 Cancer,"[{""terminology"": ""SNOMEDCT"", ""code_type"": ""1""}]"
313248004,Malignant melanoma of chest wall,SNOMED  CT codes,C2766,7287,CCU002_01 Cancer - Phenotypes - England primary care EHR: Cancer diagnosis,PH960,2138,CCU002_01 Cancer,"[{""terminology"": ""SNOMEDCT"", ""code_type"": ""1""}]"
313249007,Malignant neoplasm of upper eyelid (disorder),SNOMED  CT codes,C2766,7287,CCU002_01 Cancer - Phenotypes - England primary care EHR: Cancer diagnosis,PH960,2138,CCU002_01 Cancer,"[{""terminology"": ""SNOMEDCT"", ""code_type"": ""1""}]"
313250007,Malignant neoplasm of lower eyelid (disorder),SNOMED  CT codes,C2766,7287,CCU002_01 Cancer - Phenotypes - England primary care EHR: Cancer diagnosis,PH960,2138,CCU002_01 Cancer,"[{""terminology"": ""SNOMEDCT"", ""code_type"": ""1""}]"
313353007,Squamous cell carcinoma of bronchus in left lower lobe (disorder),SNOMED  CT codes,C2766,7287,CCU002_01 Cancer - Phenotypes - England primary care EHR: Cancer diagnosis,PH960,2138,CCU002_01 Cancer,"[{""terminology"": ""SNOMEDCT"", ""code_type"": ""1""}]"
313354001,Squamous cell carcinoma of bronchus in left upper lobe (disorder),SNOMED  CT codes,C2766,7287,CCU002_01 Cancer - Phenotypes - England primary care EHR: Cancer diagnosis,PH960,2138,CCU002_01 Cancer,"[{""terminology"": ""SNOMEDCT"", ""code_type"": ""1""}]"
313355000,Squamous cell carcinoma of bronchus in right lower lobe (disorder),SNOMED  CT codes,C2766,7287,CCU002_01 Cancer - Phenotypes - England primary care EHR: Cancer diagnosis,PH960,2138,CCU002_01 Cancer,"[{""terminology"": ""SNOMEDCT"", ""code_type"": ""1""}]"
313356004,Squamous cell carcinoma of bronchus in right middle lobe (disorder),SNOMED  CT codes,C2766,7287,CCU002_01 Cancer - Phenotypes - England primary care EHR: Cancer diagnosis,PH960,2138,CCU002_01 Cancer,"[{""terminology"": ""SNOMEDCT"", ""code_type"": ""1""}]"
313357008,Squamous cell carcinoma of bronchus in right upper lobe (disorder),SNOMED  CT codes,C2766,7287,CCU002_01 Cancer - Phenotypes - England primary care EHR: Cancer diagnosis,PH960,2138,CCU002_01 Cancer,"[{""terminology"": ""SNOMEDCT"", ""code_type"": ""1""}]"
313427003,Lambda light chain myeloma,SNOMED  CT codes,C2766,7287,CCU002_01 Cancer - Phenotypes - England primary care EHR: Cancer diagnosis,PH960,2138,CCU002_01 Cancer,"[{""terminology"": ""SNOMEDCT"", ""code_type"": ""1""}]"
313428008,Seminoma of undescended testis,SNOMED  CT codes,C2766,7287,CCU002_01 Cancer - Phenotypes - England primary care EHR: Cancer diagnosis,PH960,2138,CCU002_01 Cancer,"[{""terminology"": ""SNOMEDCT"", ""code_type"": ""1""}]"
313429000,Seminoma of descended testis,SNOMED  CT codes,C2766,7287,CCU002_01 Cancer - Phenotypes - England primary care EHR: Cancer diagnosis,PH960,2138,CCU002_01 Cancer,"[{""terminology"": ""SNOMEDCT"", ""code_type"": ""1""}]"
314191009,Cystadenocarcinoma of ovary (disorder),SNOMED  CT codes,C2766,7287,CCU002_01 Cancer - Phenotypes - England primary care EHR: Cancer diagnosis,PH960,2138,CCU002_01 Cancer,"[{""terminology"": ""SNOMEDCT"", ""code_type"": ""1""}]"
314418005,Leukemic infiltrate of retina (disorder),SNOMED  CT codes,C2766,7287,CCU002_01 Cancer - Phenotypes - England primary care EHR: Cancer diagnosis,PH960,2138,CCU002_01 Cancer,"[{""terminology"": ""SNOMEDCT"", ""code_type"": ""1""}]"
314951005,Local recurrence of malignant tumor of tongue (disorder),SNOMED  CT codes,C2766,7287,CCU002_01 Cancer - Phenotypes - England primary care EHR: Cancer diagnosis,PH960,2138,CCU002_01 Cancer,"[{""terminology"": ""SNOMEDCT"", ""code_type"": ""1""}]"
314952003,Local recurrence of malignant tumor of buccal cavity (disorder),SNOMED  CT codes,C2766,7287,CCU002_01 Cancer - Phenotypes - England primary care EHR: Cancer diagnosis,PH960,2138,CCU002_01 Cancer,"[{""terminology"": ""SNOMEDCT"", ""code_type"": ""1""}]"
314953008,Local recurrence of malignant tumor of thyroid gland (disorder),SNOMED  CT codes,C2766,7287,CCU002_01 Cancer - Phenotypes - England primary care EHR: Cancer diagnosis,PH960,2138,CCU002_01 Cancer,"[{""terminology"": ""SNOMEDCT"", ""code_type"": ""1""}]"
314954002,Local recurrence of malignant tumor of lung (disorder),SNOMED  CT codes,C2766,7287,CCU002_01 Cancer - Phenotypes - England primary care EHR: Cancer diagnosis,PH960,2138,CCU002_01 Cancer,"[{""terminology"": ""SNOMEDCT"", ""code_type"": ""1""}]"
314955001,Local recurrence of malignant tumor of breast (disorder),SNOMED  CT codes,C2766,7287,CCU002_01 Cancer - Phenotypes - England primary care EHR: Cancer diagnosis,PH960,2138,CCU002_01 Cancer,"[{""terminology"": ""SNOMEDCT"", ""code_type"": ""1""}]"
314960002,Local recurrence of malignant tumor of esophagus (disorder),SNOMED  CT codes,C2766,7287,CCU002_01 Cancer - Phenotypes - England primary care EHR: Cancer diagnosis,PH960,2138,CCU002_01 Cancer,"[{""terminology"": ""SNOMEDCT"", ""code_type"": ""1""}]"
314961003,Local recurrence of malignant tumor of stomach (disorder),SNOMED  CT codes,C2766,7287,CCU002_01 Cancer - Phenotypes - England primary care EHR: Cancer diagnosis,PH960,2138,CCU002_01 Cancer,"[{""terminology"": ""SNOMEDCT"", ""code_type"": ""1""}]"
314962005,Local recurrence of malignant tumor of gallbladder (disorder),SNOMED  CT codes,C2766,7287,CCU002_01 Cancer - Phenotypes - England primary care EHR: Cancer diagnosis,PH960,2138,CCU002_01 Cancer,"[{""terminology"": ""SNOMEDCT"", ""code_type"": ""1""}]"
314963000,Local recurrence of malignant tumor of liver (disorder),SNOMED  CT codes,C2766,7287,CCU002_01 Cancer - Phenotypes - England primary care EHR: Cancer diagnosis,PH960,2138,CCU002_01 Cancer,"[{""terminology"": ""SNOMEDCT"", ""code_type"": ""1""}]"
314964006,Local recurrence of malignant tumor of pancreas (disorder),SNOMED  CT codes,C2766,7287,CCU002_01 Cancer - Phenotypes - England primary care EHR: Cancer diagnosis,PH960,2138,CCU002_01 Cancer,"[{""terminology"": ""SNOMEDCT"", ""code_type"": ""1""}]"
314965007,Local recurrence of malignant tumor of colon (disorder),SNOMED  CT codes,C2766,7287,CCU002_01 Cancer - Phenotypes - England primary care EHR: Cancer diagnosis,PH960,2138,CCU002_01 Cancer,"[{""terminology"": ""SNOMEDCT"", ""code_type"": ""1""}]"
314966008,Local recurrence of malignant tumor of rectum (disorder),SNOMED  CT codes,C2766,7287,CCU002_01 Cancer - Phenotypes - England primary care EHR: Cancer diagnosis,PH960,2138,CCU002_01 Cancer,"[{""terminology"": ""SNOMEDCT"", ""code_type"": ""1""}]"
314967004,Local recurrence of malignant tumor of kidney (disorder),SNOMED  CT codes,C2766,7287,CCU002_01 Cancer - Phenotypes - England primary care EHR: Cancer diagnosis,PH960,2138,CCU002_01 Cancer,"[{""terminology"": ""SNOMEDCT"", ""code_type"": ""1""}]"
314968009,Local recurrence of malignant tumor of urinary bladder (disorder),SNOMED  CT codes,C2766,7287,CCU002_01 Cancer - Phenotypes - England primary care EHR: Cancer diagnosis,PH960,2138,CCU002_01 Cancer,"[{""terminology"": ""SNOMEDCT"", ""code_type"": ""1""}]"
314969001,Local recurrence of malignant tumor of prostate (disorder),SNOMED  CT codes,C2766,7287,CCU002_01 Cancer - Phenotypes - England primary care EHR: Cancer diagnosis,PH960,2138,CCU002_01 Cancer,"[{""terminology"": ""SNOMEDCT"", ""code_type"": ""1""}]"
314970000,Local recurrence of malignant tumor of cervix (disorder),SNOMED  CT codes,C2766,7287,CCU002_01 Cancer - Phenotypes - England primary care EHR: Cancer diagnosis,PH960,2138,CCU002_01 Cancer,"[{""terminology"": ""SNOMEDCT"", ""code_type"": ""1""}]"
314973003,Local recurrence of malignant tumor of bone (disorder),SNOMED  CT codes,C2766,7287,CCU002_01 Cancer - Phenotypes - England primary care EHR: Cancer diagnosis,PH960,2138,CCU002_01 Cancer,"[{""terminology"": ""SNOMEDCT"", ""code_type"": ""1""}]"
314974009,Local recurrence of malignant tumor of soft tissue (disorder),SNOMED  CT codes,C2766,7287,CCU002_01 Cancer - Phenotypes - England primary care EHR: Cancer diagnosis,PH960,2138,CCU002_01 Cancer,"[{""terminology"": ""SNOMEDCT"", ""code_type"": ""1""}]"
314976006,Local recurrence of malignant melanoma of skin (disorder),SNOMED  CT codes,C2766,7287,CCU002_01 Cancer - Phenotypes - England primary care EHR: Cancer diagnosis,PH960,2138,CCU002_01 Cancer,"[{""terminology"": ""SNOMEDCT"", ""code_type"": ""1""}]"
314987003,Metastasis from malignant melanoma of skin (disorder),SNOMED  CT codes,C2766,7287,CCU002_01 Cancer - Phenotypes - England primary care EHR: Cancer diagnosis,PH960,2138,CCU002_01 Cancer,"[{""terminology"": ""SNOMEDCT"", ""code_type"": ""1""}]"
314988008,Metastasis from malignant tumor of skin (disorder),SNOMED  CT codes,C2766,7287,CCU002_01 Cancer - Phenotypes - England primary care EHR: Cancer diagnosis,PH960,2138,CCU002_01 Cancer,"[{""terminology"": ""SNOMEDCT"", ""code_type"": ""1""}]"
314989000,Metastasis from malignant tumor of soft tissues (disorder),SNOMED  CT codes,C2766,7287,CCU002_01 Cancer - Phenotypes - England primary care EHR: Cancer diagnosis,PH960,2138,CCU002_01 Cancer,"[{""terminology"": ""SNOMEDCT"", ""code_type"": ""1""}]"
314990009,Metastasis from malignant tumor of bone (disorder),SNOMED  CT codes,C2766,7287,CCU002_01 Cancer - Phenotypes - England primary care EHR: Cancer diagnosis,PH960,2138,CCU002_01 Cancer,"[{""terminology"": ""SNOMEDCT"", ""code_type"": ""1""}]"
314991008,Metastasis from malignant tumor of adrenal gland (disorder),SNOMED  CT codes,C2766,7287,CCU002_01 Cancer - Phenotypes - England primary care EHR: Cancer diagnosis,PH960,2138,CCU002_01 Cancer,"[{""terminology"": ""SNOMEDCT"", ""code_type"": ""1""}]"
314992001,Metastasis from malignant tumor of cervix (disorder),SNOMED  CT codes,C2766,7287,CCU002_01 Cancer - Phenotypes - England primary care EHR: Cancer diagnosis,PH960,2138,CCU002_01 Cancer,"[{""terminology"": ""SNOMEDCT"", ""code_type"": ""1""}]"
314993006,Metastasis from malignant tumor of uterus (disorder),SNOMED  CT codes,C2766,7287,CCU002_01 Cancer - Phenotypes - England primary care EHR: Cancer diagnosis,PH960,2138,CCU002_01 Cancer,"[{""terminology"": ""SNOMEDCT"", ""code_type"": ""1""}]"
314994000,Metastasis from malignant tumor of prostate (disorder),SNOMED  CT codes,C2766,7287,CCU002_01 Cancer - Phenotypes - England primary care EHR: Cancer diagnosis,PH960,2138,CCU002_01 Cancer,"[{""terminology"": ""SNOMEDCT"", ""code_type"": ""1""}]"
314995004,Metastasis from malignant tumor of bladder (disorder),SNOMED  CT codes,C2766,7287,CCU002_01 Cancer - Phenotypes - England primary care EHR: Cancer diagnosis,PH960,2138,CCU002_01 Cancer,"[{""terminology"": ""SNOMEDCT"", ""code_type"": ""1""}]"
314996003,Metastasis from malignant tumor of kidney (disorder),SNOMED  CT codes,C2766,7287,CCU002_01 Cancer - Phenotypes - England primary care EHR: Cancer diagnosis,PH960,2138,CCU002_01 Cancer,"[{""terminology"": ""SNOMEDCT"", ""code_type"": ""1""}]"
314997007,Metastasis from malignant tumor of rectum (disorder),SNOMED  CT codes,C2766,7287,CCU002_01 Cancer - Phenotypes - England primary care EHR: Cancer diagnosis,PH960,2138,CCU002_01 Cancer,"[{""terminology"": ""SNOMEDCT"", ""code_type"": ""1""}]"
314998002,Metastasis from malignant tumor of colon (disorder),SNOMED  CT codes,C2766,7287,CCU002_01 Cancer - Phenotypes - England primary care EHR: Cancer diagnosis,PH960,2138,CCU002_01 Cancer,"[{""terminology"": ""SNOMEDCT"", ""code_type"": ""1""}]"
314999005,Metastasis from malignant tumor of pancreas (disorder),SNOMED  CT codes,C2766,7287,CCU002_01 Cancer - Phenotypes - England primary care EHR: Cancer diagnosis,PH960,2138,CCU002_01 Cancer,"[{""terminology"": ""SNOMEDCT"", ""code_type"": ""1""}]"
315000005,Metastasis from malignant tumor of liver (disorder),SNOMED  CT codes,C2766,7287,CCU002_01 Cancer - Phenotypes - England primary care EHR: Cancer diagnosis,PH960,2138,CCU002_01 Cancer,"[{""terminology"": ""SNOMEDCT"", ""code_type"": ""1""}]"
315001009,Metastasis from malignant tumor of gallbladder (disorder),SNOMED  CT codes,C2766,7287,CCU002_01 Cancer - Phenotypes - England primary care EHR: Cancer diagnosis,PH960,2138,CCU002_01 Cancer,"[{""terminology"": ""SNOMEDCT"", ""code_type"": ""1""}]"
315002002,Metastasis from malignant tumor of stomach (disorder),SNOMED  CT codes,C2766,7287,CCU002_01 Cancer - Phenotypes - England primary care EHR: Cancer diagnosis,PH960,2138,CCU002_01 Cancer,"[{""terminology"": ""SNOMEDCT"", ""code_type"": ""1""}]"
315003007,Metastasis from malignant tumor of esophagus (disorder),SNOMED  CT codes,C2766,7287,CCU002_01 Cancer - Phenotypes - England primary care EHR: Cancer diagnosis,PH960,2138,CCU002_01 Cancer,"[{""terminology"": ""SNOMEDCT"", ""code_type"": ""1""}]"
315004001,Metastasis from malignant tumor of breast (disorder),SNOMED  CT codes,C2766,7287,CCU002_01 Cancer - Phenotypes - England primary care EHR: Cancer diagnosis,PH960,2138,CCU002_01 Cancer,"[{""terminology"": ""SNOMEDCT"", ""code_type"": ""1""}]"
315005000,Metastasis from malignant tumor of bronchus (disorder),SNOMED  CT codes,C2766,7287,CCU002_01 Cancer - Phenotypes - England primary care EHR: Cancer diagnosis,PH960,2138,CCU002_01 Cancer,"[{""terminology"": ""SNOMEDCT"", ""code_type"": ""1""}]"
315006004,Metastasis from malignant tumor of lung (disorder),SNOMED  CT codes,C2766,7287,CCU002_01 Cancer - Phenotypes - England primary care EHR: Cancer diagnosis,PH960,2138,CCU002_01 Cancer,"[{""terminology"": ""SNOMEDCT"", ""code_type"": ""1""}]"
315007008,Metastasis from malignant tumor of thyroid (disorder),SNOMED  CT codes,C2766,7287,CCU002_01 Cancer - Phenotypes - England primary care EHR: Cancer diagnosis,PH960,2138,CCU002_01 Cancer,"[{""terminology"": ""SNOMEDCT"", ""code_type"": ""1""}]"
315008003,Metastasis from malignant tumor of buccal cavity (disorder),SNOMED  CT codes,C2766,7287,CCU002_01 Cancer - Phenotypes - England primary care EHR: Cancer diagnosis,PH960,2138,CCU002_01 Cancer,"[{""terminology"": ""SNOMEDCT"", ""code_type"": ""1""}]"
315009006,Metastasis from malignant tumor of tongue (disorder),SNOMED  CT codes,C2766,7287,CCU002_01 Cancer - Phenotypes - England primary care EHR: Cancer diagnosis,PH960,2138,CCU002_01 Cancer,"[{""terminology"": ""SNOMEDCT"", ""code_type"": ""1""}]"
315058005,Hereditary nonpolyposis colon cancer,SNOMED  CT codes,C2766,7287,CCU002_01 Cancer - Phenotypes - England primary care EHR: Cancer diagnosis,PH960,2138,CCU002_01 Cancer,"[{""terminology"": ""SNOMEDCT"", ""code_type"": ""1""}]"
315601005,Ambulatory chemotherapy (procedure),SNOMED  CT codes,C2766,7287,CCU002_01 Cancer - Phenotypes - England primary care EHR: Cancer diagnosis,PH960,2138,CCU002_01 Cancer,"[{""terminology"": ""SNOMEDCT"", ""code_type"": ""1""}]"
32278006,Myeloma kidney,SNOMED  CT codes,C2766,7287,CCU002_01 Cancer - Phenotypes - England primary care EHR: Cancer diagnosis,PH960,2138,CCU002_01 Cancer,"[{""terminology"": ""SNOMEDCT"", ""code_type"": ""1""}]"
326072005,Carcinoma of head of pancreas (disorder),SNOMED  CT codes,C2766,7287,CCU002_01 Cancer - Phenotypes - England primary care EHR: Cancer diagnosis,PH960,2138,CCU002_01 Cancer,"[{""terminology"": ""SNOMEDCT"", ""code_type"": ""1""}]"
3.42511E+14,Siewert type II adenocarcinoma (disorder),SNOMED  CT codes,C2766,7287,CCU002_01 Cancer - Phenotypes - England primary care EHR: Cancer diagnosis,PH960,2138,CCU002_01 Cancer,"[{""terminology"": ""SNOMEDCT"", ""code_type"": ""1""}]"
3.42561E+14,Siewert type III adenocarcinoma (disorder),SNOMED  CT codes,C2766,7287,CCU002_01 Cancer - Phenotypes - England primary care EHR: Cancer diagnosis,PH960,2138,CCU002_01 Cancer,"[{""terminology"": ""SNOMEDCT"", ""code_type"": ""1""}]"
3.42571E+14,Siewert type I adenocarcinoma (disorder),SNOMED  CT codes,C2766,7287,CCU002_01 Cancer - Phenotypes - England primary care EHR: Cancer diagnosis,PH960,2138,CCU002_01 Cancer,"[{""terminology"": ""SNOMEDCT"", ""code_type"": ""1""}]"
3.54351E+14,Primary malignant neoplasm of left kidney (disorder),SNOMED  CT codes,C2766,7287,CCU002_01 Cancer - Phenotypes - England primary care EHR: Cancer diagnosis,PH960,2138,CCU002_01 Cancer,"[{""terminology"": ""SNOMEDCT"", ""code_type"": ""1""}]"
3.54361E+14,Primary malignant neoplasm of right kidney (disorder),SNOMED  CT codes,C2766,7287,CCU002_01 Cancer - Phenotypes - England primary care EHR: Cancer diagnosis,PH960,2138,CCU002_01 Cancer,"[{""terminology"": ""SNOMEDCT"", ""code_type"": ""1""}]"
35868009,Carcinoid syndrome (disorder),SNOMED  CT codes,C2766,7287,CCU002_01 Cancer - Phenotypes - England primary care EHR: Cancer diagnosis,PH960,2138,CCU002_01 Cancer,"[{""terminology"": ""SNOMEDCT"", ""code_type"": ""1""}]"
359631009,"Acute myeloid leukemia, minimal differentiation, FAB M0 (disorder)",SNOMED  CT codes,C2766,7287,CCU002_01 Cancer - Phenotypes - England primary care EHR: Cancer diagnosis,PH960,2138,CCU002_01 Cancer,"[{""terminology"": ""SNOMEDCT"", ""code_type"": ""1""}]"
359785002,Metastatic malignant neoplasm to dome of urinary bladder (disorder),SNOMED  CT codes,C2766,7287,CCU002_01 Cancer - Phenotypes - England primary care EHR: Cancer diagnosis,PH960,2138,CCU002_01 Cancer,"[{""terminology"": ""SNOMEDCT"", ""code_type"": ""1""}]"
359987004,Krukenberg tumor (disorder),SNOMED  CT codes,C2766,7287,CCU002_01 Cancer - Phenotypes - England primary care EHR: Cancer diagnosis,PH960,2138,CCU002_01 Cancer,"[{""terminology"": ""SNOMEDCT"", ""code_type"": ""1""}]"
363346000,Malignant tumour,SNOMED  CT codes,C2766,7287,CCU002_01 Cancer - Phenotypes - England primary care EHR: Cancer diagnosis,PH960,2138,CCU002_01 Cancer,"[{""terminology"": ""SNOMEDCT"", ""code_type"": ""1""}]"
363348004,Malignant tumour of lip,SNOMED  CT codes,C2766,7287,CCU002_01 Cancer - Phenotypes - England primary care EHR: Cancer diagnosis,PH960,2138,CCU002_01 Cancer,"[{""terminology"": ""SNOMEDCT"", ""code_type"": ""1""}]"
363349007,Malignant tumor of stomach,SNOMED  CT codes,C2766,7287,CCU002_01 Cancer - Phenotypes - England primary care EHR: Cancer diagnosis,PH960,2138,CCU002_01 Cancer,"[{""terminology"": ""SNOMEDCT"", ""code_type"": ""1""}]"
363350007,Malignant tumour of caecum,SNOMED  CT codes,C2766,7287,CCU002_01 Cancer - Phenotypes - England primary care EHR: Cancer diagnosis,PH960,2138,CCU002_01 Cancer,"[{""terminology"": ""SNOMEDCT"", ""code_type"": ""1""}]"
363351006,Malignant tumor of rectum,SNOMED  CT codes,C2766,7287,CCU002_01 Cancer - Phenotypes - England primary care EHR: Cancer diagnosis,PH960,2138,CCU002_01 Cancer,"[{""terminology"": ""SNOMEDCT"", ""code_type"": ""1""}]"
363352004,Malignant tumour of anal canal,SNOMED  CT codes,C2766,7287,CCU002_01 Cancer - Phenotypes - England primary care EHR: Cancer diagnosis,PH960,2138,CCU002_01 Cancer,"[{""terminology"": ""SNOMEDCT"", ""code_type"": ""1""}]"
363353009,Malignant tumor of gallbladder,SNOMED  CT codes,C2766,7287,CCU002_01 Cancer - Phenotypes - England primary care EHR: Cancer diagnosis,PH960,2138,CCU002_01 Cancer,"[{""terminology"": ""SNOMEDCT"", ""code_type"": ""1""}]"
363354003,Malignant tumour of cervix,SNOMED  CT codes,C2766,7287,CCU002_01 Cancer - Phenotypes - England primary care EHR: Cancer diagnosis,PH960,2138,CCU002_01 Cancer,"[{""terminology"": ""SNOMEDCT"", ""code_type"": ""1""}]"
363355002,Malignant tumor of adrenal gland,SNOMED  CT codes,C2766,7287,CCU002_01 Cancer - Phenotypes - England primary care EHR: Cancer diagnosis,PH960,2138,CCU002_01 Cancer,"[{""terminology"": ""SNOMEDCT"", ""code_type"": ""1""}]"
363357005,Malignant tumor of ill-defined site (disorder),SNOMED  CT codes,C2766,7287,CCU002_01 Cancer - Phenotypes - England primary care EHR: Cancer diagnosis,PH960,2138,CCU002_01 Cancer,"[{""terminology"": ""SNOMEDCT"", ""code_type"": ""1""}]"
363358000,Malignant tumor of lung,SNOMED  CT codes,C2766,7287,CCU002_01 Cancer - Phenotypes - England primary care EHR: Cancer diagnosis,PH960,2138,CCU002_01 Cancer,"[{""terminology"": ""SNOMEDCT"", ""code_type"": ""1""}]"
363359008,Malignant tumor of middle ear (disorder),SNOMED  CT codes,C2766,7287,CCU002_01 Cancer - Phenotypes - England primary care EHR: Cancer diagnosis,PH960,2138,CCU002_01 Cancer,"[{""terminology"": ""SNOMEDCT"", ""code_type"": ""1""}]"
363360003,Malignant tumor of anterior two-thirds of tongue,SNOMED  CT codes,C2766,7287,CCU002_01 Cancer - Phenotypes - England primary care EHR: Cancer diagnosis,PH960,2138,CCU002_01 Cancer,"[{""terminology"": ""SNOMEDCT"", ""code_type"": ""1""}]"
363363001,Malignant tumor of soft tissue of shoulder (disorder),SNOMED  CT codes,C2766,7287,CCU002_01 Cancer - Phenotypes - England primary care EHR: Cancer diagnosis,PH960,2138,CCU002_01 Cancer,"[{""terminology"": ""SNOMEDCT"", ""code_type"": ""1""}]"
363364007,Malignant tumor of soft tissue of hip (disorder),SNOMED  CT codes,C2766,7287,CCU002_01 Cancer - Phenotypes - England primary care EHR: Cancer diagnosis,PH960,2138,CCU002_01 Cancer,"[{""terminology"": ""SNOMEDCT"", ""code_type"": ""1""}]"
363365008,Malignant tumor of soft tissue of thorax,SNOMED  CT codes,C2766,7287,CCU002_01 Cancer - Phenotypes - England primary care EHR: Cancer diagnosis,PH960,2138,CCU002_01 Cancer,"[{""terminology"": ""SNOMEDCT"", ""code_type"": ""1""}]"
363366009,Malignant tumour of soft tissue of pelvis,SNOMED  CT codes,C2766,7287,CCU002_01 Cancer - Phenotypes - England primary care EHR: Cancer diagnosis,PH960,2138,CCU002_01 Cancer,"[{""terminology"": ""SNOMEDCT"", ""code_type"": ""1""}]"
363367000,Malignant tumor of vulva,SNOMED  CT codes,C2766,7287,CCU002_01 Cancer - Phenotypes - England primary care EHR: Cancer diagnosis,PH960,2138,CCU002_01 Cancer,"[{""terminology"": ""SNOMEDCT"", ""code_type"": ""1""}]"
363368005,Carcinoma of body of pancreas (disorder),SNOMED  CT codes,C2766,7287,CCU002_01 Cancer - Phenotypes - England primary care EHR: Cancer diagnosis,PH960,2138,CCU002_01 Cancer,"[{""terminology"": ""SNOMEDCT"", ""code_type"": ""1""}]"
363369002,Carcinoma of tail of pancreas (disorder),SNOMED  CT codes,C2766,7287,CCU002_01 Cancer - Phenotypes - England primary care EHR: Cancer diagnosis,PH960,2138,CCU002_01 Cancer,"[{""terminology"": ""SNOMEDCT"", ""code_type"": ""1""}]"
363370001,Malignant neoplasm of mesentery,SNOMED  CT codes,C2766,7287,CCU002_01 Cancer - Phenotypes - England primary care EHR: Cancer diagnosis,PH960,2138,CCU002_01 Cancer,"[{""terminology"": ""SNOMEDCT"", ""code_type"": ""1""}]"
363372009,Malignant tumor of vermilion border of upper lip,SNOMED  CT codes,C2766,7287,CCU002_01 Cancer - Phenotypes - England primary care EHR: Cancer diagnosis,PH960,2138,CCU002_01 Cancer,"[{""terminology"": ""SNOMEDCT"", ""code_type"": ""1""}]"
363373004,Malignant tumour of vermilion border of lower lip,SNOMED  CT codes,C2766,7287,CCU002_01 Cancer - Phenotypes - England primary care EHR: Cancer diagnosis,PH960,2138,CCU002_01 Cancer,"[{""terminology"": ""SNOMEDCT"", ""code_type"": ""1""}]"
363374005,Malignant tumor of commissure of lip,SNOMED  CT codes,C2766,7287,CCU002_01 Cancer - Phenotypes - England primary care EHR: Cancer diagnosis,PH960,2138,CCU002_01 Cancer,"[{""terminology"": ""SNOMEDCT"", ""code_type"": ""1""}]"
363375006,Malignant tumour of tongue,SNOMED  CT codes,C2766,7287,CCU002_01 Cancer - Phenotypes - England primary care EHR: Cancer diagnosis,PH960,2138,CCU002_01 Cancer,"[{""terminology"": ""SNOMEDCT"", ""code_type"": ""1""}]"
363376007,Malignant tumor of base of tongue,SNOMED  CT codes,C2766,7287,CCU002_01 Cancer - Phenotypes - England primary care EHR: Cancer diagnosis,PH960,2138,CCU002_01 Cancer,"[{""terminology"": ""SNOMEDCT"", ""code_type"": ""1""}]"
363377003,Malignant tumour of lingual tonsil,SNOMED  CT codes,C2766,7287,CCU002_01 Cancer - Phenotypes - England primary care EHR: Cancer diagnosis,PH960,2138,CCU002_01 Cancer,"[{""terminology"": ""SNOMEDCT"", ""code_type"": ""1""}]"
363378008,Malignant tumor of major salivary gland,SNOMED  CT codes,C2766,7287,CCU002_01 Cancer - Phenotypes - England primary care EHR: Cancer diagnosis,PH960,2138,CCU002_01 Cancer,"[{""terminology"": ""SNOMEDCT"", ""code_type"": ""1""}]"
363379000,Malignant tumour of parotid gland,SNOMED  CT codes,C2766,7287,CCU002_01 Cancer - Phenotypes - England primary care EHR: Cancer diagnosis,PH960,2138,CCU002_01 Cancer,"[{""terminology"": ""SNOMEDCT"", ""code_type"": ""1""}]"
363380002,Malignant tumor of submandibular gland,SNOMED  CT codes,C2766,7287,CCU002_01 Cancer - Phenotypes - England primary care EHR: Cancer diagnosis,PH960,2138,CCU002_01 Cancer,"[{""terminology"": ""SNOMEDCT"", ""code_type"": ""1""}]"
363381003,Malignant tumour of sublingual gland,SNOMED  CT codes,C2766,7287,CCU002_01 Cancer - Phenotypes - England primary care EHR: Cancer diagnosis,PH960,2138,CCU002_01 Cancer,"[{""terminology"": ""SNOMEDCT"", ""code_type"": ""1""}]"
363382005,Malignant tumor of gum,SNOMED  CT codes,C2766,7287,CCU002_01 Cancer - Phenotypes - England primary care EHR: Cancer diagnosis,PH960,2138,CCU002_01 Cancer,"[{""terminology"": ""SNOMEDCT"", ""code_type"": ""1""}]"
363383000,Malignant tumour of upper gingiva,SNOMED  CT codes,C2766,7287,CCU002_01 Cancer - Phenotypes - England primary care EHR: Cancer diagnosis,PH960,2138,CCU002_01 Cancer,"[{""terminology"": ""SNOMEDCT"", ""code_type"": ""1""}]"
363384006,Malignant tumour of lower gingiva,SNOMED  CT codes,C2766,7287,CCU002_01 Cancer - Phenotypes - England primary care EHR: Cancer diagnosis,PH960,2138,CCU002_01 Cancer,"[{""terminology"": ""SNOMEDCT"", ""code_type"": ""1""}]"
363385007,Malignant tumor of floor of mouth,SNOMED  CT codes,C2766,7287,CCU002_01 Cancer - Phenotypes - England primary care EHR: Cancer diagnosis,PH960,2138,CCU002_01 Cancer,"[{""terminology"": ""SNOMEDCT"", ""code_type"": ""1""}]"
363386008,Malignant tumour of buccal mucosa,SNOMED  CT codes,C2766,7287,CCU002_01 Cancer - Phenotypes - England primary care EHR: Cancer diagnosis,PH960,2138,CCU002_01 Cancer,"[{""terminology"": ""SNOMEDCT"", ""code_type"": ""1""}]"
363387004,Malignant tumor of hard palate,SNOMED  CT codes,C2766,7287,CCU002_01 Cancer - Phenotypes - England primary care EHR: Cancer diagnosis,PH960,2138,CCU002_01 Cancer,"[{""terminology"": ""SNOMEDCT"", ""code_type"": ""1""}]"
363388009,Malignant tumour of soft palate,SNOMED  CT codes,C2766,7287,CCU002_01 Cancer - Phenotypes - England primary care EHR: Cancer diagnosis,PH960,2138,CCU002_01 Cancer,"[{""terminology"": ""SNOMEDCT"", ""code_type"": ""1""}]"
363389001,Malignant tumor of uvula,SNOMED  CT codes,C2766,7287,CCU002_01 Cancer - Phenotypes - England primary care EHR: Cancer diagnosis,PH960,2138,CCU002_01 Cancer,"[{""terminology"": ""SNOMEDCT"", ""code_type"": ""1""}]"
363390005,Malignant tumour of palate,SNOMED  CT codes,C2766,7287,CCU002_01 Cancer - Phenotypes - England primary care EHR: Cancer diagnosis,PH960,2138,CCU002_01 Cancer,"[{""terminology"": ""SNOMEDCT"", ""code_type"": ""1""}]"
363391009,Malignant tumor of retromolar area,SNOMED  CT codes,C2766,7287,CCU002_01 Cancer - Phenotypes - England primary care EHR: Cancer diagnosis,PH960,2138,CCU002_01 Cancer,"[{""terminology"": ""SNOMEDCT"", ""code_type"": ""1""}]"
363392002,Malignant tumour of oropharynx,SNOMED  CT codes,C2766,7287,CCU002_01 Cancer - Phenotypes - England primary care EHR: Cancer diagnosis,PH960,2138,CCU002_01 Cancer,"[{""terminology"": ""SNOMEDCT"", ""code_type"": ""1""}]"
363393007,Malignant tumor of tonsil,SNOMED  CT codes,C2766,7287,CCU002_01 Cancer - Phenotypes - England primary care EHR: Cancer diagnosis,PH960,2138,CCU002_01 Cancer,"[{""terminology"": ""SNOMEDCT"", ""code_type"": ""1""}]"
363394001,Malignant tumour of tonsillar fossa,SNOMED  CT codes,C2766,7287,CCU002_01 Cancer - Phenotypes - England primary care EHR: Cancer diagnosis,PH960,2138,CCU002_01 Cancer,"[{""terminology"": ""SNOMEDCT"", ""code_type"": ""1""}]"
363395000,Malignant tumor of vallecula,SNOMED  CT codes,C2766,7287,CCU002_01 Cancer - Phenotypes - England primary care EHR: Cancer diagnosis,PH960,2138,CCU002_01 Cancer,"[{""terminology"": ""SNOMEDCT"", ""code_type"": ""1""}]"
363396004,Malignant tumor of branchial cleft (disorder),SNOMED  CT codes,C2766,7287,CCU002_01 Cancer - Phenotypes - England primary care EHR: Cancer diagnosis,PH960,2138,CCU002_01 Cancer,"[{""terminology"": ""SNOMEDCT"", ""code_type"": ""1""}]"
363397008,Malignant tumor of roof of nasopharynx,SNOMED  CT codes,C2766,7287,CCU002_01 Cancer - Phenotypes - England primary care EHR: Cancer diagnosis,PH960,2138,CCU002_01 Cancer,"[{""terminology"": ""SNOMEDCT"", ""code_type"": ""1""}]"
363398003,Malignant tumour of lateral wall of nasopharynx,SNOMED  CT codes,C2766,7287,CCU002_01 Cancer - Phenotypes - England primary care EHR: Cancer diagnosis,PH960,2138,CCU002_01 Cancer,"[{""terminology"": ""SNOMEDCT"", ""code_type"": ""1""}]"
363399006,Malignant tumor of hypopharynx,SNOMED  CT codes,C2766,7287,CCU002_01 Cancer - Phenotypes - England primary care EHR: Cancer diagnosis,PH960,2138,CCU002_01 Cancer,"[{""terminology"": ""SNOMEDCT"", ""code_type"": ""1""}]"
363400004,Malignant tumour of postcricoid region,SNOMED  CT codes,C2766,7287,CCU002_01 Cancer - Phenotypes - England primary care EHR: Cancer diagnosis,PH960,2138,CCU002_01 Cancer,"[{""terminology"": ""SNOMEDCT"", ""code_type"": ""1""}]"
363401000,Malignant tumor of pyriform fossa,SNOMED  CT codes,C2766,7287,CCU002_01 Cancer - Phenotypes - England primary care EHR: Cancer diagnosis,PH960,2138,CCU002_01 Cancer,"[{""terminology"": ""SNOMEDCT"", ""code_type"": ""1""}]"
363402007,Malignant tumour of oesophagus,SNOMED  CT codes,C2766,7287,CCU002_01 Cancer - Phenotypes - England primary care EHR: Cancer diagnosis,PH960,2138,CCU002_01 Cancer,"[{""terminology"": ""SNOMEDCT"", ""code_type"": ""1""}]"
363403002,Malignant tumor of duodenum,SNOMED  CT codes,C2766,7287,CCU002_01 Cancer - Phenotypes - England primary care EHR: Cancer diagnosis,PH960,2138,CCU002_01 Cancer,"[{""terminology"": ""SNOMEDCT"", ""code_type"": ""1""}]"
363404008,Malignant tumour of jejunum,SNOMED  CT codes,C2766,7287,CCU002_01 Cancer - Phenotypes - England primary care EHR: Cancer diagnosis,PH960,2138,CCU002_01 Cancer,"[{""terminology"": ""SNOMEDCT"", ""code_type"": ""1""}]"
363405009,Malignant tumor of ileum,SNOMED  CT codes,C2766,7287,CCU002_01 Cancer - Phenotypes - England primary care EHR: Cancer diagnosis,PH960,2138,CCU002_01 Cancer,"[{""terminology"": ""SNOMEDCT"", ""code_type"": ""1""}]"
363406005,Malignant tumour of colon,SNOMED  CT codes,C2766,7287,CCU002_01 Cancer - Phenotypes - England primary care EHR: Cancer diagnosis,PH960,2138,CCU002_01 Cancer,"[{""terminology"": ""SNOMEDCT"", ""code_type"": ""1""}]"
363407001,Malignant tumor of hepatic flexure,SNOMED  CT codes,C2766,7287,CCU002_01 Cancer - Phenotypes - England primary care EHR: Cancer diagnosis,PH960,2138,CCU002_01 Cancer,"[{""terminology"": ""SNOMEDCT"", ""code_type"": ""1""}]"
363408006,Malignant tumour of transverse colon,SNOMED  CT codes,C2766,7287,CCU002_01 Cancer - Phenotypes - England primary care EHR: Cancer diagnosis,PH960,2138,CCU002_01 Cancer,"[{""terminology"": ""SNOMEDCT"", ""code_type"": ""1""}]"
363409003,Malignant tumor of descending colon,SNOMED  CT codes,C2766,7287,CCU002_01 Cancer - Phenotypes - England primary care EHR: Cancer diagnosis,PH960,2138,CCU002_01 Cancer,"[{""terminology"": ""SNOMEDCT"", ""code_type"": ""1""}]"
363410008,Malignant tumour of sigmoid colon,SNOMED  CT codes,C2766,7287,CCU002_01 Cancer - Phenotypes - England primary care EHR: Cancer diagnosis,PH960,2138,CCU002_01 Cancer,"[{""terminology"": ""SNOMEDCT"", ""code_type"": ""1""}]"
363411007,Malignant tumor of appendix,SNOMED  CT codes,C2766,7287,CCU002_01 Cancer - Phenotypes - England primary care EHR: Cancer diagnosis,PH960,2138,CCU002_01 Cancer,"[{""terminology"": ""SNOMEDCT"", ""code_type"": ""1""}]"
363412000,Malignant tumour of ascending colon,SNOMED  CT codes,C2766,7287,CCU002_01 Cancer - Phenotypes - England primary care EHR: Cancer diagnosis,PH960,2138,CCU002_01 Cancer,"[{""terminology"": ""SNOMEDCT"", ""code_type"": ""1""}]"
363413005,Malignant tumor of splenic flexure,SNOMED  CT codes,C2766,7287,CCU002_01 Cancer - Phenotypes - England primary care EHR: Cancer diagnosis,PH960,2138,CCU002_01 Cancer,"[{""terminology"": ""SNOMEDCT"", ""code_type"": ""1""}]"
363414004,Malignant tumour of rectosigmoid junction,SNOMED  CT codes,C2766,7287,CCU002_01 Cancer - Phenotypes - England primary care EHR: Cancer diagnosis,PH960,2138,CCU002_01 Cancer,"[{""terminology"": ""SNOMEDCT"", ""code_type"": ""1""}]"
363415003,Malignant tumor of biliary tract,SNOMED  CT codes,C2766,7287,CCU002_01 Cancer - Phenotypes - England primary care EHR: Cancer diagnosis,PH960,2138,CCU002_01 Cancer,"[{""terminology"": ""SNOMEDCT"", ""code_type"": ""1""}]"
363416002,Malignant tumour of extrahepatic bile duct,SNOMED  CT codes,C2766,7287,CCU002_01 Cancer - Phenotypes - England primary care EHR: Cancer diagnosis,PH960,2138,CCU002_01 Cancer,"[{""terminology"": ""SNOMEDCT"", ""code_type"": ""1""}]"
363417006,Malignant tumor of ampulla of Vater,SNOMED  CT codes,C2766,7287,CCU002_01 Cancer - Phenotypes - England primary care EHR: Cancer diagnosis,PH960,2138,CCU002_01 Cancer,"[{""terminology"": ""SNOMEDCT"", ""code_type"": ""1""}]"
363418001,Malignant tumour of pancreas,SNOMED  CT codes,C2766,7287,CCU002_01 Cancer - Phenotypes - England primary care EHR: Cancer diagnosis,PH960,2138,CCU002_01 Cancer,"[{""terminology"": ""SNOMEDCT"", ""code_type"": ""1""}]"
363419009,Malignant tumor of head of pancreas,SNOMED  CT codes,C2766,7287,CCU002_01 Cancer - Phenotypes - England primary care EHR: Cancer diagnosis,PH960,2138,CCU002_01 Cancer,"[{""terminology"": ""SNOMEDCT"", ""code_type"": ""1""}]"
363420003,Malignant retroperitoneal tumour,SNOMED  CT codes,C2766,7287,CCU002_01 Cancer - Phenotypes - England primary care EHR: Cancer diagnosis,PH960,2138,CCU002_01 Cancer,"[{""terminology"": ""SNOMEDCT"", ""code_type"": ""1""}]"
363421004,Malignant neoplasm of omentum,SNOMED  CT codes,C2766,7287,CCU002_01 Cancer - Phenotypes - England primary care EHR: Cancer diagnosis,PH960,2138,CCU002_01 Cancer,"[{""terminology"": ""SNOMEDCT"", ""code_type"": ""1""}]"
363422006,Malignant tumor of nasal cavity,SNOMED  CT codes,C2766,7287,CCU002_01 Cancer - Phenotypes - England primary care EHR: Cancer diagnosis,PH960,2138,CCU002_01 Cancer,"[{""terminology"": ""SNOMEDCT"", ""code_type"": ""1""}]"
363423001,Malignant tumour of nasal septum,SNOMED  CT codes,C2766,7287,CCU002_01 Cancer - Phenotypes - England primary care EHR: Cancer diagnosis,PH960,2138,CCU002_01 Cancer,"[{""terminology"": ""SNOMEDCT"", ""code_type"": ""1""}]"
363424007,Malignant tumor of mastoid air cells,SNOMED  CT codes,C2766,7287,CCU002_01 Cancer - Phenotypes - England primary care EHR: Cancer diagnosis,PH960,2138,CCU002_01 Cancer,"[{""terminology"": ""SNOMEDCT"", ""code_type"": ""1""}]"
363425008,Malignant tumour of maxillary sinus,SNOMED  CT codes,C2766,7287,CCU002_01 Cancer - Phenotypes - England primary care EHR: Cancer diagnosis,PH960,2138,CCU002_01 Cancer,"[{""terminology"": ""SNOMEDCT"", ""code_type"": ""1""}]"
363426009,Malignant tumor of ethmoid sinus,SNOMED  CT codes,C2766,7287,CCU002_01 Cancer - Phenotypes - England primary care EHR: Cancer diagnosis,PH960,2138,CCU002_01 Cancer,"[{""terminology"": ""SNOMEDCT"", ""code_type"": ""1""}]"
363427000,Malignant tumour of frontal sinus,SNOMED  CT codes,C2766,7287,CCU002_01 Cancer - Phenotypes - England primary care EHR: Cancer diagnosis,PH960,2138,CCU002_01 Cancer,"[{""terminology"": ""SNOMEDCT"", ""code_type"": ""1""}]"
363428005,Malignant tumor of sphenoid sinus,SNOMED  CT codes,C2766,7287,CCU002_01 Cancer - Phenotypes - England primary care EHR: Cancer diagnosis,PH960,2138,CCU002_01 Cancer,"[{""terminology"": ""SNOMEDCT"", ""code_type"": ""1""}]"
363429002,Malignant tumour of larynx,SNOMED  CT codes,C2766,7287,CCU002_01 Cancer - Phenotypes - England primary care EHR: Cancer diagnosis,PH960,2138,CCU002_01 Cancer,"[{""terminology"": ""SNOMEDCT"", ""code_type"": ""1""}]"
363430007,Malignant tumor of subglottis,SNOMED  CT codes,C2766,7287,CCU002_01 Cancer - Phenotypes - England primary care EHR: Cancer diagnosis,PH960,2138,CCU002_01 Cancer,"[{""terminology"": ""SNOMEDCT"", ""code_type"": ""1""}]"
363431006,Malignant tumour of laryngeal cartilage,SNOMED  CT codes,C2766,7287,CCU002_01 Cancer - Phenotypes - England primary care EHR: Cancer diagnosis,PH960,2138,CCU002_01 Cancer,"[{""terminology"": ""SNOMEDCT"", ""code_type"": ""1""}]"
363432004,Malignant tumor of trachea,SNOMED  CT codes,C2766,7287,CCU002_01 Cancer - Phenotypes - England primary care EHR: Cancer diagnosis,PH960,2138,CCU002_01 Cancer,"[{""terminology"": ""SNOMEDCT"", ""code_type"": ""1""}]"
363433009,Malignant tumour of pleura,SNOMED  CT codes,C2766,7287,CCU002_01 Cancer - Phenotypes - England primary care EHR: Cancer diagnosis,PH960,2138,CCU002_01 Cancer,"[{""terminology"": ""SNOMEDCT"", ""code_type"": ""1""}]"
363434003,Malignant tumor of thymus,SNOMED  CT codes,C2766,7287,CCU002_01 Cancer - Phenotypes - England primary care EHR: Cancer diagnosis,PH960,2138,CCU002_01 Cancer,"[{""terminology"": ""SNOMEDCT"", ""code_type"": ""1""}]"
363435002,Malignant tumour of heart,SNOMED  CT codes,C2766,7287,CCU002_01 Cancer - Phenotypes - England primary care EHR: Cancer diagnosis,PH960,2138,CCU002_01 Cancer,"[{""terminology"": ""SNOMEDCT"", ""code_type"": ""1""}]"
363436001,Malignant tumor of endocardium,SNOMED  CT codes,C2766,7287,CCU002_01 Cancer - Phenotypes - England primary care EHR: Cancer diagnosis,PH960,2138,CCU002_01 Cancer,"[{""terminology"": ""SNOMEDCT"", ""code_type"": ""1""}]"
363438000,Malignant tumor of vertebral column,SNOMED  CT codes,C2766,7287,CCU002_01 Cancer - Phenotypes - England primary care EHR: Cancer diagnosis,PH960,2138,CCU002_01 Cancer,"[{""terminology"": ""SNOMEDCT"", ""code_type"": ""1""}]"
363439008,Malignant tumour of soft tissue of head,SNOMED  CT codes,C2766,7287,CCU002_01 Cancer - Phenotypes - England primary care EHR: Cancer diagnosis,PH960,2138,CCU002_01 Cancer,"[{""terminology"": ""SNOMEDCT"", ""code_type"": ""1""}]"
363440005,Malignant tumor of soft tissue of face,SNOMED  CT codes,C2766,7287,CCU002_01 Cancer - Phenotypes - England primary care EHR: Cancer diagnosis,PH960,2138,CCU002_01 Cancer,"[{""terminology"": ""SNOMEDCT"", ""code_type"": ""1""}]"
363441009,Malignant tumour of soft tissue of neck,SNOMED  CT codes,C2766,7287,CCU002_01 Cancer - Phenotypes - England primary care EHR: Cancer diagnosis,PH960,2138,CCU002_01 Cancer,"[{""terminology"": ""SNOMEDCT"", ""code_type"": ""1""}]"
363443007,Malignant tumour of ovary,SNOMED  CT codes,C2766,7287,CCU002_01 Cancer - Phenotypes - England primary care EHR: Cancer diagnosis,PH960,2138,CCU002_01 Cancer,"[{""terminology"": ""SNOMEDCT"", ""code_type"": ""1""}]"
363444001,Malignant tumor of fallopian tube,SNOMED  CT codes,C2766,7287,CCU002_01 Cancer - Phenotypes - England primary care EHR: Cancer diagnosis,PH960,2138,CCU002_01 Cancer,"[{""terminology"": ""SNOMEDCT"", ""code_type"": ""1""}]"
363445000,Malignant tumour of vagina,SNOMED  CT codes,C2766,7287,CCU002_01 Cancer - Phenotypes - England primary care EHR: Cancer diagnosis,PH960,2138,CCU002_01 Cancer,"[{""terminology"": ""SNOMEDCT"", ""code_type"": ""1""}]"
363446004,Malignant neoplasm of labia majora,SNOMED  CT codes,C2766,7287,CCU002_01 Cancer - Phenotypes - England primary care EHR: Cancer diagnosis,PH960,2138,CCU002_01 Cancer,"[{""terminology"": ""SNOMEDCT"", ""code_type"": ""1""}]"
363447008,Malignant neoplasm of labia minora,SNOMED  CT codes,C2766,7287,CCU002_01 Cancer - Phenotypes - England primary care EHR: Cancer diagnosis,PH960,2138,CCU002_01 Cancer,"[{""terminology"": ""SNOMEDCT"", ""code_type"": ""1""}]"
363449006,Malignant tumour of testis,SNOMED  CT codes,C2766,7287,CCU002_01 Cancer - Phenotypes - England primary care EHR: Cancer diagnosis,PH960,2138,CCU002_01 Cancer,"[{""terminology"": ""SNOMEDCT"", ""code_type"": ""1""}]"
363451005,Malignant tumour of glans penis,SNOMED  CT codes,C2766,7287,CCU002_01 Cancer - Phenotypes - England primary care EHR: Cancer diagnosis,PH960,2138,CCU002_01 Cancer,"[{""terminology"": ""SNOMEDCT"", ""code_type"": ""1""}]"
363452003,Malignant tumor of epididymis,SNOMED  CT codes,C2766,7287,CCU002_01 Cancer - Phenotypes - England primary care EHR: Cancer diagnosis,PH960,2138,CCU002_01 Cancer,"[{""terminology"": ""SNOMEDCT"", ""code_type"": ""1""}]"
363453008,Malignant tumour of spermatic cord,SNOMED  CT codes,C2766,7287,CCU002_01 Cancer - Phenotypes - England primary care EHR: Cancer diagnosis,PH960,2138,CCU002_01 Cancer,"[{""terminology"": ""SNOMEDCT"", ""code_type"": ""1""}]"
363454002,Malignant tumor of scrotum,SNOMED  CT codes,C2766,7287,CCU002_01 Cancer - Phenotypes - England primary care EHR: Cancer diagnosis,PH960,2138,CCU002_01 Cancer,"[{""terminology"": ""SNOMEDCT"", ""code_type"": ""1""}]"
363456000,Malignant tumor of urachus,SNOMED  CT codes,C2766,7287,CCU002_01 Cancer - Phenotypes - England primary care EHR: Cancer diagnosis,PH960,2138,CCU002_01 Cancer,"[{""terminology"": ""SNOMEDCT"", ""code_type"": ""1""}]"
363457009,Malignant tumour of renal pelvis,SNOMED  CT codes,C2766,7287,CCU002_01 Cancer - Phenotypes - England primary care EHR: Cancer diagnosis,PH960,2138,CCU002_01 Cancer,"[{""terminology"": ""SNOMEDCT"", ""code_type"": ""1""}]"
363458004,Malignant tumor of ureter,SNOMED  CT codes,C2766,7287,CCU002_01 Cancer - Phenotypes - England primary care EHR: Cancer diagnosis,PH960,2138,CCU002_01 Cancer,"[{""terminology"": ""SNOMEDCT"", ""code_type"": ""1""}]"
363459007,Malignant tumour of urethra,SNOMED  CT codes,C2766,7287,CCU002_01 Cancer - Phenotypes - England primary care EHR: Cancer diagnosis,PH960,2138,CCU002_01 Cancer,"[{""terminology"": ""SNOMEDCT"", ""code_type"": ""1""}]"
363460002,Malignant tumor of paraurethral gland,SNOMED  CT codes,C2766,7287,CCU002_01 Cancer - Phenotypes - England primary care EHR: Cancer diagnosis,PH960,2138,CCU002_01 Cancer,"[{""terminology"": ""SNOMEDCT"", ""code_type"": ""1""}]"
363461003,Malignant tumour of eye,SNOMED  CT codes,C2766,7287,CCU002_01 Cancer - Phenotypes - England primary care EHR: Cancer diagnosis,PH960,2138,CCU002_01 Cancer,"[{""terminology"": ""SNOMEDCT"", ""code_type"": ""1""}]"
363462005,Malignant tumor of orbit,SNOMED  CT codes,C2766,7287,CCU002_01 Cancer - Phenotypes - England primary care EHR: Cancer diagnosis,PH960,2138,CCU002_01 Cancer,"[{""terminology"": ""SNOMEDCT"", ""code_type"": ""1""}]"
363463000,Malignant tumour of conjunctiva,SNOMED  CT codes,C2766,7287,CCU002_01 Cancer - Phenotypes - England primary care EHR: Cancer diagnosis,PH960,2138,CCU002_01 Cancer,"[{""terminology"": ""SNOMEDCT"", ""code_type"": ""1""}]"
363464006,Malignant tumor of cornea,SNOMED  CT codes,C2766,7287,CCU002_01 Cancer - Phenotypes - England primary care EHR: Cancer diagnosis,PH960,2138,CCU002_01 Cancer,"[{""terminology"": ""SNOMEDCT"", ""code_type"": ""1""}]"
363465007,Malignant tumour of retina,SNOMED  CT codes,C2766,7287,CCU002_01 Cancer - Phenotypes - England primary care EHR: Cancer diagnosis,PH960,2138,CCU002_01 Cancer,"[{""terminology"": ""SNOMEDCT"", ""code_type"": ""1""}]"
363466008,Malignant tumor of choroid,SNOMED  CT codes,C2766,7287,CCU002_01 Cancer - Phenotypes - England primary care EHR: Cancer diagnosis,PH960,2138,CCU002_01 Cancer,"[{""terminology"": ""SNOMEDCT"", ""code_type"": ""1""}]"
363467004,Malignant neoplasm of frontal lobe,SNOMED  CT codes,C2766,7287,CCU002_01 Cancer - Phenotypes - England primary care EHR: Cancer diagnosis,PH960,2138,CCU002_01 Cancer,"[{""terminology"": ""SNOMEDCT"", ""code_type"": ""1""}]"
363468009,Malignant neoplasm of temporal lobe,SNOMED  CT codes,C2766,7287,CCU002_01 Cancer - Phenotypes - England primary care EHR: Cancer diagnosis,PH960,2138,CCU002_01 Cancer,"[{""terminology"": ""SNOMEDCT"", ""code_type"": ""1""}]"
363469001,Malignant neoplasm of parietal lobe,SNOMED  CT codes,C2766,7287,CCU002_01 Cancer - Phenotypes - England primary care EHR: Cancer diagnosis,PH960,2138,CCU002_01 Cancer,"[{""terminology"": ""SNOMEDCT"", ""code_type"": ""1""}]"
363470000,Malignant neoplasm of occipital lobe,SNOMED  CT codes,C2766,7287,CCU002_01 Cancer - Phenotypes - England primary care EHR: Cancer diagnosis,PH960,2138,CCU002_01 Cancer,"[{""terminology"": ""SNOMEDCT"", ""code_type"": ""1""}]"
363471001,Malignant neoplasm of cerebral ventricles,SNOMED  CT codes,C2766,7287,CCU002_01 Cancer - Phenotypes - England primary care EHR: Cancer diagnosis,PH960,2138,CCU002_01 Cancer,"[{""terminology"": ""SNOMEDCT"", ""code_type"": ""1""}]"
363473003,Malignant neoplasm of brainstem,SNOMED  CT codes,C2766,7287,CCU002_01 Cancer - Phenotypes - England primary care EHR: Cancer diagnosis,PH960,2138,CCU002_01 Cancer,"[{""terminology"": ""SNOMEDCT"", ""code_type"": ""1""}]"
363474009,Malignant neoplasm of cerebral meninges,SNOMED  CT codes,C2766,7287,CCU002_01 Cancer - Phenotypes - England primary care EHR: Cancer diagnosis,PH960,2138,CCU002_01 Cancer,"[{""terminology"": ""SNOMEDCT"", ""code_type"": ""1""}]"
363475005,Malignant tumour of spinal cord,SNOMED  CT codes,C2766,7287,CCU002_01 Cancer - Phenotypes - England primary care EHR: Cancer diagnosis,PH960,2138,CCU002_01 Cancer,"[{""terminology"": ""SNOMEDCT"", ""code_type"": ""1""}]"
363476006,Malignant neoplasm of spinal meninges,SNOMED  CT codes,C2766,7287,CCU002_01 Cancer - Phenotypes - England primary care EHR: Cancer diagnosis,PH960,2138,CCU002_01 Cancer,"[{""terminology"": ""SNOMEDCT"", ""code_type"": ""1""}]"
363477002,Malignant neoplasm of cauda equina,SNOMED  CT codes,C2766,7287,CCU002_01 Cancer - Phenotypes - England primary care EHR: Cancer diagnosis,PH960,2138,CCU002_01 Cancer,"[{""terminology"": ""SNOMEDCT"", ""code_type"": ""1""}]"
363478007,Malignant tumor of thyroid gland,SNOMED  CT codes,C2766,7287,CCU002_01 Cancer - Phenotypes - England primary care EHR: Cancer diagnosis,PH960,2138,CCU002_01 Cancer,"[{""terminology"": ""SNOMEDCT"", ""code_type"": ""1""}]"
363481002,Malignant tumour of parathyroid gland,SNOMED  CT codes,C2766,7287,CCU002_01 Cancer - Phenotypes - England primary care EHR: Cancer diagnosis,PH960,2138,CCU002_01 Cancer,"[{""terminology"": ""SNOMEDCT"", ""code_type"": ""1""}]"
363482009,Malignant tumor of pituitary gland,SNOMED  CT codes,C2766,7287,CCU002_01 Cancer - Phenotypes - England primary care EHR: Cancer diagnosis,PH960,2138,CCU002_01 Cancer,"[{""terminology"": ""SNOMEDCT"", ""code_type"": ""1""}]"
363483004,Malignant tumour of pineal gland,SNOMED  CT codes,C2766,7287,CCU002_01 Cancer - Phenotypes - England primary care EHR: Cancer diagnosis,PH960,2138,CCU002_01 Cancer,"[{""terminology"": ""SNOMEDCT"", ""code_type"": ""1""}]"
363484005,Malignant tumor of pelvis,SNOMED  CT codes,C2766,7287,CCU002_01 Cancer - Phenotypes - England primary care EHR: Cancer diagnosis,PH960,2138,CCU002_01 Cancer,"[{""terminology"": ""SNOMEDCT"", ""code_type"": ""1""}]"
363485006,Malignant tumor of minor salivary gland (disorder),SNOMED  CT codes,C2766,7287,CCU002_01 Cancer - Phenotypes - England primary care EHR: Cancer diagnosis,PH960,2138,CCU002_01 Cancer,"[{""terminology"": ""SNOMEDCT"", ""code_type"": ""1""}]"
363486007,Malignant tumor of vocal cord (disorder),SNOMED  CT codes,C2766,7287,CCU002_01 Cancer - Phenotypes - England primary care EHR: Cancer diagnosis,PH960,2138,CCU002_01 Cancer,"[{""terminology"": ""SNOMEDCT"", ""code_type"": ""1""}]"
363487003,Malignant tumor of aryepiglottic fold - laryngeal aspect (disorder),SNOMED  CT codes,C2766,7287,CCU002_01 Cancer - Phenotypes - England primary care EHR: Cancer diagnosis,PH960,2138,CCU002_01 Cancer,"[{""terminology"": ""SNOMEDCT"", ""code_type"": ""1""}]"
363488008,Malignant tumor of false cord (disorder),SNOMED  CT codes,C2766,7287,CCU002_01 Cancer - Phenotypes - England primary care EHR: Cancer diagnosis,PH960,2138,CCU002_01 Cancer,"[{""terminology"": ""SNOMEDCT"", ""code_type"": ""1""}]"
363489000,Malignant tumour of neck,SNOMED  CT codes,C2766,7287,CCU002_01 Cancer - Phenotypes - England primary care EHR: Cancer diagnosis,PH960,2138,CCU002_01 Cancer,"[{""terminology"": ""SNOMEDCT"", ""code_type"": ""1""}]"
363490009,Malignant tumor of anus,SNOMED  CT codes,C2766,7287,CCU002_01 Cancer - Phenotypes - England primary care EHR: Cancer diagnosis,PH960,2138,CCU002_01 Cancer,"[{""terminology"": ""SNOMEDCT"", ""code_type"": ""1""}]"
363491008,Malignant tumour of cloacogenic zone,SNOMED  CT codes,C2766,7287,CCU002_01 Cancer - Phenotypes - England primary care EHR: Cancer diagnosis,PH960,2138,CCU002_01 Cancer,"[{""terminology"": ""SNOMEDCT"", ""code_type"": ""1""}]"
363492001,Malignant tumor of peritoneum,SNOMED  CT codes,C2766,7287,CCU002_01 Cancer - Phenotypes - England primary care EHR: Cancer diagnosis,PH960,2138,CCU002_01 Cancer,"[{""terminology"": ""SNOMEDCT"", ""code_type"": ""1""}]"
363493006,Malignant tumor of bronchus (disorder),SNOMED  CT codes,C2766,7287,CCU002_01 Cancer - Phenotypes - England primary care EHR: Cancer diagnosis,PH960,2138,CCU002_01 Cancer,"[{""terminology"": ""SNOMEDCT"", ""code_type"": ""1""}]"
363494000,Malignant tumor of mediastinum,SNOMED  CT codes,C2766,7287,CCU002_01 Cancer - Phenotypes - England primary care EHR: Cancer diagnosis,PH960,2138,CCU002_01 Cancer,"[{""terminology"": ""SNOMEDCT"", ""code_type"": ""1""}]"
363495004,Malignant tumor of muscle (disorder),SNOMED  CT codes,C2766,7287,CCU002_01 Cancer - Phenotypes - England primary care EHR: Cancer diagnosis,PH960,2138,CCU002_01 Cancer,"[{""terminology"": ""SNOMEDCT"", ""code_type"": ""1""}]"
363496003,Malignant tumor of soft tissue of abdomen (disorder),SNOMED  CT codes,C2766,7287,CCU002_01 Cancer - Phenotypes - England primary care EHR: Cancer diagnosis,PH960,2138,CCU002_01 Cancer,"[{""terminology"": ""SNOMEDCT"", ""code_type"": ""1""}]"
363497007,Malignant tumour of meninges,SNOMED  CT codes,C2766,7287,CCU002_01 Cancer - Phenotypes - England primary care EHR: Cancer diagnosis,PH960,2138,CCU002_01 Cancer,"[{""terminology"": ""SNOMEDCT"", ""code_type"": ""1""}]"
363498002,Malignant tumor of optic nerve,SNOMED  CT codes,C2766,7287,CCU002_01 Cancer - Phenotypes - England primary care EHR: Cancer diagnosis,PH960,2138,CCU002_01 Cancer,"[{""terminology"": ""SNOMEDCT"", ""code_type"": ""1""}]"
363499005,Malignant tumour of spleen,SNOMED  CT codes,C2766,7287,CCU002_01 Cancer - Phenotypes - England primary care EHR: Cancer diagnosis,PH960,2138,CCU002_01 Cancer,"[{""terminology"": ""SNOMEDCT"", ""code_type"": ""1""}]"
363500001,Multiple malignancy (disorder),SNOMED  CT codes,C2766,7287,CCU002_01 Cancer - Phenotypes - England primary care EHR: Cancer diagnosis,PH960,2138,CCU002_01 Cancer,"[{""terminology"": ""SNOMEDCT"", ""code_type"": ""1""}]"
363501002,Malignant tumor of face,SNOMED  CT codes,C2766,7287,CCU002_01 Cancer - Phenotypes - England primary care EHR: Cancer diagnosis,PH960,2138,CCU002_01 Cancer,"[{""terminology"": ""SNOMEDCT"", ""code_type"": ""1""}]"
363502009,Malignant tumour of axilla,SNOMED  CT codes,C2766,7287,CCU002_01 Cancer - Phenotypes - England primary care EHR: Cancer diagnosis,PH960,2138,CCU002_01 Cancer,"[{""terminology"": ""SNOMEDCT"", ""code_type"": ""1""}]"
363503004,Malignant tumor of upper limb,SNOMED  CT codes,C2766,7287,CCU002_01 Cancer - Phenotypes - England primary care EHR: Cancer diagnosis,PH960,2138,CCU002_01 Cancer,"[{""terminology"": ""SNOMEDCT"", ""code_type"": ""1""}]"
363504005,Malignant tumour of lower limb,SNOMED  CT codes,C2766,7287,CCU002_01 Cancer - Phenotypes - England primary care EHR: Cancer diagnosis,PH960,2138,CCU002_01 Cancer,"[{""terminology"": ""SNOMEDCT"", ""code_type"": ""1""}]"
363505006,Malignant tumor of oral cavity,SNOMED  CT codes,C2766,7287,CCU002_01 Cancer - Phenotypes - England primary care EHR: Cancer diagnosis,PH960,2138,CCU002_01 Cancer,"[{""terminology"": ""SNOMEDCT"", ""code_type"": ""1""}]"
363506007,Malignant tumour of nasal sinuses,SNOMED  CT codes,C2766,7287,CCU002_01 Cancer - Phenotypes - England primary care EHR: Cancer diagnosis,PH960,2138,CCU002_01 Cancer,"[{""terminology"": ""SNOMEDCT"", ""code_type"": ""1""}]"
363507003,Malignant tumor of pharynx,SNOMED  CT codes,C2766,7287,CCU002_01 Cancer - Phenotypes - England primary care EHR: Cancer diagnosis,PH960,2138,CCU002_01 Cancer,"[{""terminology"": ""SNOMEDCT"", ""code_type"": ""1""}]"
363508008,Malignant tumour of intestine,SNOMED  CT codes,C2766,7287,CCU002_01 Cancer - Phenotypes - England primary care EHR: Cancer diagnosis,PH960,2138,CCU002_01 Cancer,"[{""terminology"": ""SNOMEDCT"", ""code_type"": ""1""}]"
363509000,Malignant tumor of small intestine,SNOMED  CT codes,C2766,7287,CCU002_01 Cancer - Phenotypes - England primary care EHR: Cancer diagnosis,PH960,2138,CCU002_01 Cancer,"[{""terminology"": ""SNOMEDCT"", ""code_type"": ""1""}]"
363510005,Malignant tumor of large intestine (disorder),SNOMED  CT codes,C2766,7287,CCU002_01 Cancer - Phenotypes - England primary care EHR: Cancer diagnosis,PH960,2138,CCU002_01 Cancer,"[{""terminology"": ""SNOMEDCT"", ""code_type"": ""1""}]"
363514001,Malignant tumour of female genital organ,SNOMED  CT codes,C2766,7287,CCU002_01 Cancer - Phenotypes - England primary care EHR: Cancer diagnosis,PH960,2138,CCU002_01 Cancer,"[{""terminology"": ""SNOMEDCT"", ""code_type"": ""1""}]"
363515000,Malignant tumor of male genital organ,SNOMED  CT codes,C2766,7287,CCU002_01 Cancer - Phenotypes - England primary care EHR: Cancer diagnosis,PH960,2138,CCU002_01 Cancer,"[{""terminology"": ""SNOMEDCT"", ""code_type"": ""1""}]"
363516004,Malignant tumour of penis,SNOMED  CT codes,C2766,7287,CCU002_01 Cancer - Phenotypes - England primary care EHR: Cancer diagnosis,PH960,2138,CCU002_01 Cancer,"[{""terminology"": ""SNOMEDCT"", ""code_type"": ""1""}]"
363517008,Malignant tumor of urinary tract proper (disorder),SNOMED  CT codes,C2766,7287,CCU002_01 Cancer - Phenotypes - England primary care EHR: Cancer diagnosis,PH960,2138,CCU002_01 Cancer,"[{""terminology"": ""SNOMEDCT"", ""code_type"": ""1""}]"
363518003,Malignant tumour of kidney,SNOMED  CT codes,C2766,7287,CCU002_01 Cancer - Phenotypes - England primary care EHR: Cancer diagnosis,PH960,2138,CCU002_01 Cancer,"[{""terminology"": ""SNOMEDCT"", ""code_type"": ""1""}]"
367336001,Chemotherapy (procedure),SNOMED  CT codes,C2766,7287,CCU002_01 Cancer - Phenotypes - England primary care EHR: Cancer diagnosis,PH960,2138,CCU002_01 Cancer,"[{""terminology"": ""SNOMEDCT"", ""code_type"": ""1""}]"
370967009,Retinoblastoma (disorder),SNOMED  CT codes,C2766,7287,CCU002_01 Cancer - Phenotypes - England primary care EHR: Cancer diagnosis,PH960,2138,CCU002_01 Cancer,"[{""terminology"": ""SNOMEDCT"", ""code_type"": ""1""}]"
371964008,Malignant neoplasm of adrenal cortex (disorder),SNOMED  CT codes,C2766,7287,CCU002_01 Cancer - Phenotypes - England primary care EHR: Cancer diagnosis,PH960,2138,CCU002_01 Cancer,"[{""terminology"": ""SNOMEDCT"", ""code_type"": ""1""}]"
371965009,Malignant neoplasm of adrenal medulla (disorder),SNOMED  CT codes,C2766,7287,CCU002_01 Cancer - Phenotypes - England primary care EHR: Cancer diagnosis,PH960,2138,CCU002_01 Cancer,"[{""terminology"": ""SNOMEDCT"", ""code_type"": ""1""}]"
371967001,Primary malignant neoplasm of ampulla of Vater (disorder),SNOMED  CT codes,C2766,7287,CCU002_01 Cancer - Phenotypes - England primary care EHR: Cancer diagnosis,PH960,2138,CCU002_01 Cancer,"[{""terminology"": ""SNOMEDCT"", ""code_type"": ""1""}]"
371972005,Malignant neoplasm of body of uterus (disorder),SNOMED  CT codes,C2766,7287,CCU002_01 Cancer - Phenotypes - England primary care EHR: Cancer diagnosis,PH960,2138,CCU002_01 Cancer,"[{""terminology"": ""SNOMEDCT"", ""code_type"": ""1""}]"
371973000,Malignant neoplasm of uterus (disorder),SNOMED  CT codes,C2766,7287,CCU002_01 Cancer - Phenotypes - England primary care EHR: Cancer diagnosis,PH960,2138,CCU002_01 Cancer,"[{""terminology"": ""SNOMEDCT"", ""code_type"": ""1""}]"
371974006,Malignant neoplasm of border of tongue (disorder),SNOMED  CT codes,C2766,7287,CCU002_01 Cancer - Phenotypes - England primary care EHR: Cancer diagnosis,PH960,2138,CCU002_01 Cancer,"[{""terminology"": ""SNOMEDCT"", ""code_type"": ""1""}]"
371977004,Primary malignant neoplasm of cecum (disorder),SNOMED  CT codes,C2766,7287,CCU002_01 Cancer - Phenotypes - England primary care EHR: Cancer diagnosis,PH960,2138,CCU002_01 Cancer,"[{""terminology"": ""SNOMEDCT"", ""code_type"": ""1""}]"
371979001,Malignant neoplasm of clitoris (disorder),SNOMED  CT codes,C2766,7287,CCU002_01 Cancer - Phenotypes - England primary care EHR: Cancer diagnosis,PH960,2138,CCU002_01 Cancer,"[{""terminology"": ""SNOMEDCT"", ""code_type"": ""1""}]"
371982006,Malignant neoplasm of endocrine gland (disorder),SNOMED  CT codes,C2766,7287,CCU002_01 Cancer - Phenotypes - England primary care EHR: Cancer diagnosis,PH960,2138,CCU002_01 Cancer,"[{""terminology"": ""SNOMEDCT"", ""code_type"": ""1""}]"
371984007,Primary malignant neoplasm of esophagus (disorder),SNOMED  CT codes,C2766,7287,CCU002_01 Cancer - Phenotypes - England primary care EHR: Cancer diagnosis,PH960,2138,CCU002_01 Cancer,"[{""terminology"": ""SNOMEDCT"", ""code_type"": ""1""}]"
372001002,Primary malignant neoplasm of oral cavity (disorder),SNOMED  CT codes,C2766,7287,CCU002_01 Cancer - Phenotypes - England primary care EHR: Cancer diagnosis,PH960,2138,CCU002_01 Cancer,"[{""terminology"": ""SNOMEDCT"", ""code_type"": ""1""}]"
372003004,Primary malignant neoplasm of pancreas (disorder),SNOMED  CT codes,C2766,7287,CCU002_01 Cancer - Phenotypes - England primary care EHR: Cancer diagnosis,PH960,2138,CCU002_01 Cancer,"[{""terminology"": ""SNOMEDCT"", ""code_type"": ""1""}]"
372004005,Primary malignant neoplasm of parotid gland (disorder),SNOMED  CT codes,C2766,7287,CCU002_01 Cancer - Phenotypes - England primary care EHR: Cancer diagnosis,PH960,2138,CCU002_01 Cancer,"[{""terminology"": ""SNOMEDCT"", ""code_type"": ""1""}]"
372005006,Primary malignant neoplasm of penis (disorder),SNOMED  CT codes,C2766,7287,CCU002_01 Cancer - Phenotypes - England primary care EHR: Cancer diagnosis,PH960,2138,CCU002_01 Cancer,"[{""terminology"": ""SNOMEDCT"", ""code_type"": ""1""}]"
372011009,Malignant tumor of soft tissue of upper limb (disorder),SNOMED  CT codes,C2766,7287,CCU002_01 Cancer - Phenotypes - England primary care EHR: Cancer diagnosis,PH960,2138,CCU002_01 Cancer,"[{""terminology"": ""SNOMEDCT"", ""code_type"": ""1""}]"
372014001,Primary malignant neoplasm of stomach (disorder),SNOMED  CT codes,C2766,7287,CCU002_01 Cancer - Phenotypes - England primary care EHR: Cancer diagnosis,PH960,2138,CCU002_01 Cancer,"[{""terminology"": ""SNOMEDCT"", ""code_type"": ""1""}]"
372016004,Primary malignant neoplasm of the peritoneum (disorder),SNOMED  CT codes,C2766,7287,CCU002_01 Cancer - Phenotypes - England primary care EHR: Cancer diagnosis,PH960,2138,CCU002_01 Cancer,"[{""terminology"": ""SNOMEDCT"", ""code_type"": ""1""}]"
372020000,Primary malignant neoplasm of tonsil (disorder),SNOMED  CT codes,C2766,7287,CCU002_01 Cancer - Phenotypes - England primary care EHR: Cancer diagnosis,PH960,2138,CCU002_01 Cancer,"[{""terminology"": ""SNOMEDCT"", ""code_type"": ""1""}]"
372023003,Primary malignant neoplasm of upper third of esophagus (disorder),SNOMED  CT codes,C2766,7287,CCU002_01 Cancer - Phenotypes - England primary care EHR: Cancer diagnosis,PH960,2138,CCU002_01 Cancer,"[{""terminology"": ""SNOMEDCT"", ""code_type"": ""1""}]"
372030009,Primary malignant neoplasm of vocal cord (disorder),SNOMED  CT codes,C2766,7287,CCU002_01 Cancer - Phenotypes - England primary care EHR: Cancer diagnosis,PH960,2138,CCU002_01 Cancer,"[{""terminology"": ""SNOMEDCT"", ""code_type"": ""1""}]"
372062007,Malignant neoplasm of central nervous system (disorder),SNOMED  CT codes,C2766,7287,CCU002_01 Cancer - Phenotypes - England primary care EHR: Cancer diagnosis,PH960,2138,CCU002_01 Cancer,"[{""terminology"": ""SNOMEDCT"", ""code_type"": ""1""}]"
372063002,Malignant neoplasm of nervous system (disorder),SNOMED  CT codes,C2766,7287,CCU002_01 Cancer - Phenotypes - England primary care EHR: Cancer diagnosis,PH960,2138,CCU002_01 Cancer,"[{""terminology"": ""SNOMEDCT"", ""code_type"": ""1""}]"
372064008,Malignant neoplasm of female breast (disorder),SNOMED  CT codes,C2766,7287,CCU002_01 Cancer - Phenotypes - England primary care EHR: Cancer diagnosis,PH960,2138,CCU002_01 Cancer,"[{""terminology"": ""SNOMEDCT"", ""code_type"": ""1""}]"
372065009,Malignant neoplasm of main bronchus (disorder),SNOMED  CT codes,C2766,7287,CCU002_01 Cancer - Phenotypes - England primary care EHR: Cancer diagnosis,PH960,2138,CCU002_01 Cancer,"[{""terminology"": ""SNOMEDCT"", ""code_type"": ""1""}]"
372087000,Primary malignant neoplasm (disorder),SNOMED  CT codes,C2766,7287,CCU002_01 Cancer - Phenotypes - England primary care EHR: Cancer diagnosis,PH960,2138,CCU002_01 Cancer,"[{""terminology"": ""SNOMEDCT"", ""code_type"": ""1""}]"
372094002,Malignant neoplasm of axillary tail of breast (disorder),SNOMED  CT codes,C2766,7287,CCU002_01 Cancer - Phenotypes - England primary care EHR: Cancer diagnosis,PH960,2138,CCU002_01 Cancer,"[{""terminology"": ""SNOMEDCT"", ""code_type"": ""1""}]"
372095001,Malignant neoplasm of male breast (disorder),SNOMED  CT codes,C2766,7287,CCU002_01 Cancer - Phenotypes - England primary care EHR: Cancer diagnosis,PH960,2138,CCU002_01 Cancer,"[{""terminology"": ""SNOMEDCT"", ""code_type"": ""1""}]"
372096000,Carcinoma of male breast (disorder),SNOMED  CT codes,C2766,7287,CCU002_01 Cancer - Phenotypes - England primary care EHR: Cancer diagnosis,PH960,2138,CCU002_01 Cancer,"[{""terminology"": ""SNOMEDCT"", ""code_type"": ""1""}]"
372097009,Malignant neoplasm of endocervix (disorder),SNOMED  CT codes,C2766,7287,CCU002_01 Cancer - Phenotypes - England primary care EHR: Cancer diagnosis,PH960,2138,CCU002_01 Cancer,"[{""terminology"": ""SNOMEDCT"", ""code_type"": ""1""}]"
372099007,Malignant neoplasm of exocervix (disorder),SNOMED  CT codes,C2766,7287,CCU002_01 Cancer - Phenotypes - England primary care EHR: Cancer diagnosis,PH960,2138,CCU002_01 Cancer,"[{""terminology"": ""SNOMEDCT"", ""code_type"": ""1""}]"
372100004,Carcinoma of exocervix (disorder),SNOMED  CT codes,C2766,7287,CCU002_01 Cancer - Phenotypes - England primary care EHR: Cancer diagnosis,PH960,2138,CCU002_01 Cancer,"[{""terminology"": ""SNOMEDCT"", ""code_type"": ""1""}]"
372101000,Carcinoma of extrahepatic bile duct (disorder),SNOMED  CT codes,C2766,7287,CCU002_01 Cancer - Phenotypes - England primary care EHR: Cancer diagnosis,PH960,2138,CCU002_01 Cancer,"[{""terminology"": ""SNOMEDCT"", ""code_type"": ""1""}]"
372106005,Carcinoma of penis (disorder),SNOMED  CT codes,C2766,7287,CCU002_01 Cancer - Phenotypes - England primary care EHR: Cancer diagnosis,PH960,2138,CCU002_01 Cancer,"[{""terminology"": ""SNOMEDCT"", ""code_type"": ""1""}]"
372108006,Malignant neoplasm of bone of lower limb (disorder),SNOMED  CT codes,C2766,7287,CCU002_01 Cancer - Phenotypes - England primary care EHR: Cancer diagnosis,PH960,2138,CCU002_01 Cancer,"[{""terminology"": ""SNOMEDCT"", ""code_type"": ""1""}]"
372111007,"Carcinoma of lower lobe, bronchus or lung (disorder)",SNOMED  CT codes,C2766,7287,CCU002_01 Cancer - Phenotypes - England primary care EHR: Cancer diagnosis,PH960,2138,CCU002_01 Cancer,"[{""terminology"": ""SNOMEDCT"", ""code_type"": ""1""}]"
372113005,"Carcinoma of middle lobe, bronchus or lung (disorder)",SNOMED  CT codes,C2766,7287,CCU002_01 Cancer - Phenotypes - England primary care EHR: Cancer diagnosis,PH960,2138,CCU002_01 Cancer,"[{""terminology"": ""SNOMEDCT"", ""code_type"": ""1""}]"
372119009,Primary malignant neoplasm of head of pancreas (disorder),SNOMED  CT codes,C2766,7287,CCU002_01 Cancer - Phenotypes - England primary care EHR: Cancer diagnosis,PH960,2138,CCU002_01 Cancer,"[{""terminology"": ""SNOMEDCT"", ""code_type"": ""1""}]"
372131006,Malignant neoplasm of upper limb bones and scapula (disorder),SNOMED  CT codes,C2766,7287,CCU002_01 Cancer - Phenotypes - England primary care EHR: Cancer diagnosis,PH960,2138,CCU002_01 Cancer,"[{""terminology"": ""SNOMEDCT"", ""code_type"": ""1""}]"
372136001,"Carcinoma of upper lobe, bronchus or lung (disorder)",SNOMED  CT codes,C2766,7287,CCU002_01 Cancer - Phenotypes - England primary care EHR: Cancer diagnosis,PH960,2138,CCU002_01 Cancer,"[{""terminology"": ""SNOMEDCT"", ""code_type"": ""1""}]"
372137005,Primary malignant neoplasm of breast (disorder),SNOMED  CT codes,C2766,7287,CCU002_01 Cancer - Phenotypes - England primary care EHR: Cancer diagnosis,PH960,2138,CCU002_01 Cancer,"[{""terminology"": ""SNOMEDCT"", ""code_type"": ""1""}]"
372138000,Carcinoma of esophagus (disorder),SNOMED  CT codes,C2766,7287,CCU002_01 Cancer - Phenotypes - England primary care EHR: Cancer diagnosis,PH960,2138,CCU002_01 Cancer,"[{""terminology"": ""SNOMEDCT"", ""code_type"": ""1""}]"
372139008,Primary malignant neoplasm of gallbladder (disorder),SNOMED  CT codes,C2766,7287,CCU002_01 Cancer - Phenotypes - England primary care EHR: Cancer diagnosis,PH960,2138,CCU002_01 Cancer,"[{""terminology"": ""SNOMEDCT"", ""code_type"": ""1""}]"
372140005,Carcinoma of gallbladder (disorder),SNOMED  CT codes,C2766,7287,CCU002_01 Cancer - Phenotypes - England primary care EHR: Cancer diagnosis,PH960,2138,CCU002_01 Cancer,"[{""terminology"": ""SNOMEDCT"", ""code_type"": ""1""}]"
372141009,Carcinoma of vocal cord (disorder),SNOMED  CT codes,C2766,7287,CCU002_01 Cancer - Phenotypes - England primary care EHR: Cancer diagnosis,PH960,2138,CCU002_01 Cancer,"[{""terminology"": ""SNOMEDCT"", ""code_type"": ""1""}]"
372142002,Carcinoma of pancreas (disorder),SNOMED  CT codes,C2766,7287,CCU002_01 Cancer - Phenotypes - England primary care EHR: Cancer diagnosis,PH960,2138,CCU002_01 Cancer,"[{""terminology"": ""SNOMEDCT"", ""code_type"": ""1""}]"
372143007,Carcinoma of stomach (disorder),SNOMED  CT codes,C2766,7287,CCU002_01 Cancer - Phenotypes - England primary care EHR: Cancer diagnosis,PH960,2138,CCU002_01 Cancer,"[{""terminology"": ""SNOMEDCT"", ""code_type"": ""1""}]"
372244006,Malignant melanoma (disorder),SNOMED  CT codes,C2766,7287,CCU002_01 Cancer - Phenotypes - England primary care EHR: Cancer diagnosis,PH960,2138,CCU002_01 Cancer,"[{""terminology"": ""SNOMEDCT"", ""code_type"": ""1""}]"
373080008,Malignant neoplasm of breast lower inner quadrant (disorder),SNOMED  CT codes,C2766,7287,CCU002_01 Cancer - Phenotypes - England primary care EHR: Cancer diagnosis,PH960,2138,CCU002_01 Cancer,"[{""terminology"": ""SNOMEDCT"", ""code_type"": ""1""}]"
373082000,Malignant neoplasm of breast upper inner quadrant (disorder),SNOMED  CT codes,C2766,7287,CCU002_01 Cancer - Phenotypes - England primary care EHR: Cancer diagnosis,PH960,2138,CCU002_01 Cancer,"[{""terminology"": ""SNOMEDCT"", ""code_type"": ""1""}]"
373083005,Malignant neoplasm of breast upper outer quadrant (disorder),SNOMED  CT codes,C2766,7287,CCU002_01 Cancer - Phenotypes - England primary care EHR: Cancer diagnosis,PH960,2138,CCU002_01 Cancer,"[{""terminology"": ""SNOMEDCT"", ""code_type"": ""1""}]"
373168002,Reticulosarcoma (disorder),SNOMED  CT codes,C2766,7287,CCU002_01 Cancer - Phenotypes - England primary care EHR: Cancer diagnosis,PH960,2138,CCU002_01 Cancer,"[{""terminology"": ""SNOMEDCT"", ""code_type"": ""1""}]"
38216008,Infusion chemotherapy for malignant neoplasm,SNOMED  CT codes,C2766,7287,CCU002_01 Cancer - Phenotypes - England primary care EHR: Cancer diagnosis,PH960,2138,CCU002_01 Cancer,"[{""terminology"": ""SNOMEDCT"", ""code_type"": ""1""}]"
393563007,Glioblastoma multiforme (disorder),SNOMED  CT codes,C2766,7287,CCU002_01 Cancer - Phenotypes - England primary care EHR: Cancer diagnosis,PH960,2138,CCU002_01 Cancer,"[{""terminology"": ""SNOMEDCT"", ""code_type"": ""1""}]"
394894008,Pre-operative chemotherapy (procedure),SNOMED  CT codes,C2766,7287,CCU002_01 Cancer - Phenotypes - England primary care EHR: Cancer diagnosis,PH960,2138,CCU002_01 Cancer,"[{""terminology"": ""SNOMEDCT"", ""code_type"": ""1""}]"
394895009,Postoperative chemotherapy (procedure),SNOMED  CT codes,C2766,7287,CCU002_01 Cancer - Phenotypes - England primary care EHR: Cancer diagnosis,PH960,2138,CCU002_01 Cancer,"[{""terminology"": ""SNOMEDCT"", ""code_type"": ""1""}]"
3.96181E+14,[X]Melanoma and other malignant neoplasms of skin (disorder),SNOMED  CT codes,C2766,7287,CCU002_01 Cancer - Phenotypes - England primary care EHR: Cancer diagnosis,PH960,2138,CCU002_01 Cancer,"[{""terminology"": ""SNOMEDCT"", ""code_type"": ""1""}]"
397009000,Mast cell malignancy (disorder),SNOMED  CT codes,C2766,7287,CCU002_01 Cancer - Phenotypes - England primary care EHR: Cancer diagnosis,PH960,2138,CCU002_01 Cancer,"[{""terminology"": ""SNOMEDCT"", ""code_type"": ""1""}]"
39795003,Hand-Schuller-Christian disease (disorder),SNOMED  CT codes,C2766,7287,CCU002_01 Cancer - Phenotypes - England primary care EHR: Cancer diagnosis,PH960,2138,CCU002_01 Cancer,"[{""terminology"": ""SNOMEDCT"", ""code_type"": ""1""}]"
398271008,Predominantly T-cell defect (finding),SNOMED  CT codes,C2766,7287,CCU002_01 Cancer - Phenotypes - England primary care EHR: Cancer diagnosis,PH960,2138,CCU002_01 Cancer,"[{""terminology"": ""SNOMEDCT"", ""code_type"": ""1""}]"
398623004,Refractory anemia with excess blasts (disorder),SNOMED  CT codes,C2766,7287,CCU002_01 Cancer - Phenotypes - England primary care EHR: Cancer diagnosis,PH960,2138,CCU002_01 Cancer,"[{""terminology"": ""SNOMEDCT"", ""code_type"": ""1""}]"
398670003,Pigmented dermatofibrosarcoma protuberans of skin (disorder),SNOMED  CT codes,C2766,7287,CCU002_01 Cancer - Phenotypes - England primary care EHR: Cancer diagnosis,PH960,2138,CCU002_01 Cancer,"[{""terminology"": ""SNOMEDCT"", ""code_type"": ""1""}]"
399042005,Chemotherapy cycle (procedure),SNOMED  CT codes,C2766,7287,CCU002_01 Cancer - Phenotypes - England primary care EHR: Cancer diagnosis,PH960,2138,CCU002_01 Cancer,"[{""terminology"": ""SNOMEDCT"", ""code_type"": ""1""}]"
399068003,Malignant tumor of prostate (disorder),SNOMED  CT codes,C2766,7287,CCU002_01 Cancer - Phenotypes - England primary care EHR: Cancer diagnosis,PH960,2138,CCU002_01 Cancer,"[{""terminology"": ""SNOMEDCT"", ""code_type"": ""1""}]"
399326009,Malignant tumor of urinary bladder (disorder),SNOMED  CT codes,C2766,7287,CCU002_01 Cancer - Phenotypes - England primary care EHR: Cancer diagnosis,PH960,2138,CCU002_01 Cancer,"[{""terminology"": ""SNOMEDCT"", ""code_type"": ""1""}]"
399490008,Adenocarcinoma of prostate (disorder),SNOMED  CT codes,C2766,7287,CCU002_01 Cancer - Phenotypes - England primary care EHR: Cancer diagnosis,PH960,2138,CCU002_01 Cancer,"[{""terminology"": ""SNOMEDCT"", ""code_type"": ""1""}]"
399660006,Ring melanoma of ciliary body (disorder),SNOMED  CT codes,C2766,7287,CCU002_01 Cancer - Phenotypes - England primary care EHR: Cancer diagnosis,PH960,2138,CCU002_01 Cancer,"[{""terminology"": ""SNOMEDCT"", ""code_type"": ""1""}]"
400001003,Primary cutaneous lymphoma (disorder),SNOMED  CT codes,C2766,7287,CCU002_01 Cancer - Phenotypes - England primary care EHR: Cancer diagnosis,PH960,2138,CCU002_01 Cancer,"[{""terminology"": ""SNOMEDCT"", ""code_type"": ""1""}]"
400122007,Primary cutaneous T-cell lymphoma (disorder),SNOMED  CT codes,C2766,7287,CCU002_01 Cancer - Phenotypes - England primary care EHR: Cancer diagnosis,PH960,2138,CCU002_01 Cancer,"[{""terminology"": ""SNOMEDCT"", ""code_type"": ""1""}]"
402537005,Metastatic basal cell carcinoma (disorder),SNOMED  CT codes,C2766,7287,CCU002_01 Cancer - Phenotypes - England primary care EHR: Cancer diagnosis,PH960,2138,CCU002_01 Cancer,"[{""terminology"": ""SNOMEDCT"", ""code_type"": ""1""}]"
402558004,Malignant melanoma (vertical growth phase) (disorder),SNOMED  CT codes,C2766,7287,CCU002_01 Cancer - Phenotypes - England primary care EHR: Cancer diagnosis,PH960,2138,CCU002_01 Cancer,"[{""terminology"": ""SNOMEDCT"", ""code_type"": ""1""}]"
402561003,Malignant melanoma of soft tissues (disorder),SNOMED  CT codes,C2766,7287,CCU002_01 Cancer - Phenotypes - England primary care EHR: Cancer diagnosis,PH960,2138,CCU002_01 Cancer,"[{""terminology"": ""SNOMEDCT"", ""code_type"": ""1""}]"
402815007,Squamous cell carcinoma (disorder),SNOMED  CT codes,C2766,7287,CCU002_01 Cancer - Phenotypes - England primary care EHR: Cancer diagnosis,PH960,2138,CCU002_01 Cancer,"[{""terminology"": ""SNOMEDCT"", ""code_type"": ""1""}]"
403900000,Spindle cell squamous cell carcinoma (disorder),SNOMED  CT codes,C2766,7287,CCU002_01 Cancer - Phenotypes - England primary care EHR: Cancer diagnosis,PH960,2138,CCU002_01 Cancer,"[{""terminology"": ""SNOMEDCT"", ""code_type"": ""1""}]"
403906006,Metastatic squamous cell carcinoma (disorder),SNOMED  CT codes,C2766,7287,CCU002_01 Cancer - Phenotypes - England primary care EHR: Cancer diagnosis,PH960,2138,CCU002_01 Cancer,"[{""terminology"": ""SNOMEDCT"", ""code_type"": ""1""}]"
403923002,Spindle cell malignant melanoma (disorder),SNOMED  CT codes,C2766,7287,CCU002_01 Cancer - Phenotypes - England primary care EHR: Cancer diagnosis,PH960,2138,CCU002_01 Cancer,"[{""terminology"": ""SNOMEDCT"", ""code_type"": ""1""}]"
403924008,Desmoplastic malignant melanoma (disorder),SNOMED  CT codes,C2766,7287,CCU002_01 Cancer - Phenotypes - England primary care EHR: Cancer diagnosis,PH960,2138,CCU002_01 Cancer,"[{""terminology"": ""SNOMEDCT"", ""code_type"": ""1""}]"
403927001,Malignant melanoma of nail apparatus (disorder),SNOMED  CT codes,C2766,7287,CCU002_01 Cancer - Phenotypes - England primary care EHR: Cancer diagnosis,PH960,2138,CCU002_01 Cancer,"[{""terminology"": ""SNOMEDCT"", ""code_type"": ""1""}]"
403977003,Angiosarcoma (disorder),SNOMED  CT codes,C2766,7287,CCU002_01 Cancer - Phenotypes - England primary care EHR: Cancer diagnosis,PH960,2138,CCU002_01 Cancer,"[{""terminology"": ""SNOMEDCT"", ""code_type"": ""1""}]"
404037002,Malignant peripheral nerve sheath tumor (disorder),SNOMED  CT codes,C2766,7287,CCU002_01 Cancer - Phenotypes - England primary care EHR: Cancer diagnosis,PH960,2138,CCU002_01 Cancer,"[{""terminology"": ""SNOMEDCT"", ""code_type"": ""1""}]"
404051002,Embryonal rhabdomyosarcoma (disorder),SNOMED  CT codes,C2766,7287,CCU002_01 Cancer - Phenotypes - England primary care EHR: Cancer diagnosis,PH960,2138,CCU002_01 Cancer,"[{""terminology"": ""SNOMEDCT"", ""code_type"": ""1""}]"
404071006,Pleomorphic liposarcoma (disorder),SNOMED  CT codes,C2766,7287,CCU002_01 Cancer - Phenotypes - England primary care EHR: Cancer diagnosis,PH960,2138,CCU002_01 Cancer,"[{""terminology"": ""SNOMEDCT"", ""code_type"": ""1""}]"
404133000,Subcutaneous panniculitic cutaneous T-cell lymphoma (disorder),SNOMED  CT codes,C2766,7287,CCU002_01 Cancer - Phenotypes - England primary care EHR: Cancer diagnosis,PH960,2138,CCU002_01 Cancer,"[{""terminology"": ""SNOMEDCT"", ""code_type"": ""1""}]"
404149003,"Lymphoplasmacytic B-cell lymphoma, nodal/systemic with skin involvement (disorder)",SNOMED  CT codes,C2766,7287,CCU002_01 Cancer - Phenotypes - England primary care EHR: Cancer diagnosis,PH960,2138,CCU002_01 Cancer,"[{""terminology"": ""SNOMEDCT"", ""code_type"": ""1""}]"
405546008,Malignant pericardial effusion (disorder),SNOMED  CT codes,C2766,7287,CCU002_01 Cancer - Phenotypes - England primary care EHR: Cancer diagnosis,PH960,2138,CCU002_01 Cancer,"[{""terminology"": ""SNOMEDCT"", ""code_type"": ""1""}]"
405843009,Widespread metastatic malignant neoplastic disease (disorder),SNOMED  CT codes,C2766,7287,CCU002_01 Cancer - Phenotypes - England primary care EHR: Cancer diagnosis,PH960,2138,CCU002_01 Cancer,"[{""terminology"": ""SNOMEDCT"", ""code_type"": ""1""}]"
405945003,Malignant neoplasm of metatarsal bone of foot (disorder),SNOMED  CT codes,C2766,7287,CCU002_01 Cancer - Phenotypes - England primary care EHR: Cancer diagnosis,PH960,2138,CCU002_01 Cancer,"[{""terminology"": ""SNOMEDCT"", ""code_type"": ""1""}]"
408642003,Transitional cell carcinoma of kidney (disorder),SNOMED  CT codes,C2766,7287,CCU002_01 Cancer - Phenotypes - England primary care EHR: Cancer diagnosis,PH960,2138,CCU002_01 Cancer,"[{""terminology"": ""SNOMEDCT"", ""code_type"": ""1""}]"
408643008,Infiltrating duct carcinoma of breast (disorder),SNOMED  CT codes,C2766,7287,CCU002_01 Cancer - Phenotypes - England primary care EHR: Cancer diagnosis,PH960,2138,CCU002_01 Cancer,"[{""terminology"": ""SNOMEDCT"", ""code_type"": ""1""}]"
408645001,Adenocarcinoma of large intestine (disorder),SNOMED  CT codes,C2766,7287,CCU002_01 Cancer - Phenotypes - England primary care EHR: Cancer diagnosis,PH960,2138,CCU002_01 Cancer,"[{""terminology"": ""SNOMEDCT"", ""code_type"": ""1""}]"
408646000,Adenocarcinoma of liver (disorder),SNOMED  CT codes,C2766,7287,CCU002_01 Cancer - Phenotypes - England primary care EHR: Cancer diagnosis,PH960,2138,CCU002_01 Cancer,"[{""terminology"": ""SNOMEDCT"", ""code_type"": ""1""}]"
408647009,Adenocarcinoma of stomach (disorder),SNOMED  CT codes,C2766,7287,CCU002_01 Cancer - Phenotypes - England primary care EHR: Cancer diagnosis,PH960,2138,CCU002_01 Cancer,"[{""terminology"": ""SNOMEDCT"", ""code_type"": ""1""}]"
4.09231E+14,[X]Malignant neoplasm of mesothelial and soft tissue (disorder),SNOMED  CT codes,C2766,7287,CCU002_01 Cancer - Phenotypes - England primary care EHR: Cancer diagnosis,PH960,2138,CCU002_01 Cancer,"[{""terminology"": ""SNOMEDCT"", ""code_type"": ""1""}]"
413441006,"Acute monocytic leukemia, FAB M5b (disorder)",SNOMED  CT codes,C2766,7287,CCU002_01 Cancer - Phenotypes - England primary care EHR: Cancer diagnosis,PH960,2138,CCU002_01 Cancer,"[{""terminology"": ""SNOMEDCT"", ""code_type"": ""1""}]"
413445002,Adenocarcinoma of appendix (disorder),SNOMED  CT codes,C2766,7287,CCU002_01 Cancer - Phenotypes - England primary care EHR: Cancer diagnosis,PH960,2138,CCU002_01 Cancer,"[{""terminology"": ""SNOMEDCT"", ""code_type"": ""1""}]"
413446001,Adenocarcinoma of cecum (disorder),SNOMED  CT codes,C2766,7287,CCU002_01 Cancer - Phenotypes - England primary care EHR: Cancer diagnosis,PH960,2138,CCU002_01 Cancer,"[{""terminology"": ""SNOMEDCT"", ""code_type"": ""1""}]"
413537009,Angioimmunoblastic T-cell lymphoma (disorder),SNOMED  CT codes,C2766,7287,CCU002_01 Cancer - Phenotypes - England primary care EHR: Cancer diagnosis,PH960,2138,CCU002_01 Cancer,"[{""terminology"": ""SNOMEDCT"", ""code_type"": ""1""}]"
413587002,Smoldering myeloma (disorder),SNOMED  CT codes,C2766,7287,CCU002_01 Cancer - Phenotypes - England primary care EHR: Cancer diagnosis,PH960,2138,CCU002_01 Cancer,"[{""terminology"": ""SNOMEDCT"", ""code_type"": ""1""}]"
413738001,Cancer monitoring first letter (procedure),SNOMED  CT codes,C2766,7287,CCU002_01 Cancer - Phenotypes - England primary care EHR: Cancer diagnosis,PH960,2138,CCU002_01 Cancer,"[{""terminology"": ""SNOMEDCT"", ""code_type"": ""1""}]"
413739009,Cancer monitoring invitation (procedure),SNOMED  CT codes,C2766,7287,CCU002_01 Cancer - Phenotypes - England primary care EHR: Cancer diagnosis,PH960,2138,CCU002_01 Cancer,"[{""terminology"": ""SNOMEDCT"", ""code_type"": ""1""}]"
413740006,Cancer monitoring second letter (procedure),SNOMED  CT codes,C2766,7287,CCU002_01 Cancer - Phenotypes - England primary care EHR: Cancer diagnosis,PH960,2138,CCU002_01 Cancer,"[{""terminology"": ""SNOMEDCT"", ""code_type"": ""1""}]"
413741005,Cancer monitoring third letter (procedure),SNOMED  CT codes,C2766,7287,CCU002_01 Cancer - Phenotypes - England primary care EHR: Cancer diagnosis,PH960,2138,CCU002_01 Cancer,"[{""terminology"": ""SNOMEDCT"", ""code_type"": ""1""}]"
413842007,Chronic myeloid leukemia in lymphoid blast crisis (disorder),SNOMED  CT codes,C2766,7287,CCU002_01 Cancer - Phenotypes - England primary care EHR: Cancer diagnosis,PH960,2138,CCU002_01 Cancer,"[{""terminology"": ""SNOMEDCT"", ""code_type"": ""1""}]"
413843002,Chronic myeloid leukemia in myeloid blast crisis (disorder),SNOMED  CT codes,C2766,7287,CCU002_01 Cancer - Phenotypes - England primary care EHR: Cancer diagnosis,PH960,2138,CCU002_01 Cancer,"[{""terminology"": ""SNOMEDCT"", ""code_type"": ""1""}]"
413847001,Chronic phase chronic myeloid leukemia (disorder),SNOMED  CT codes,C2766,7287,CCU002_01 Cancer - Phenotypes - England primary care EHR: Cancer diagnosis,PH960,2138,CCU002_01 Cancer,"[{""terminology"": ""SNOMEDCT"", ""code_type"": ""1""}]"
414166008,"Extranodal natural killer/T-cell lymphoma, nasal type (disorder)",SNOMED  CT codes,C2766,7287,CCU002_01 Cancer - Phenotypes - England primary care EHR: Cancer diagnosis,PH960,2138,CCU002_01 Cancer,"[{""terminology"": ""SNOMEDCT"", ""code_type"": ""1""}]"
414553000,Kappa light chain myeloma (disorder),SNOMED  CT codes,C2766,7287,CCU002_01 Cancer - Phenotypes - England primary care EHR: Cancer diagnosis,PH960,2138,CCU002_01 Cancer,"[{""terminology"": ""SNOMEDCT"", ""code_type"": ""1""}]"
414785000,Multiple solitary plasmacytomas (disorder),SNOMED  CT codes,C2766,7287,CCU002_01 Cancer - Phenotypes - England primary care EHR: Cancer diagnosis,PH960,2138,CCU002_01 Cancer,"[{""terminology"": ""SNOMEDCT"", ""code_type"": ""1""}]"
415082004,Personal history of primary malignant neoplasm of lung (context-dependent category),SNOMED  CT codes,C2766,7287,CCU002_01 Cancer - Phenotypes - England primary care EHR: Cancer diagnosis,PH960,2138,CCU002_01 Cancer,"[{""terminology"": ""SNOMEDCT"", ""code_type"": ""1""}]"
415110002,Plasma cell myeloma/plasmacytoma (disorder),SNOMED  CT codes,C2766,7287,CCU002_01 Cancer - Phenotypes - England primary care EHR: Cancer diagnosis,PH960,2138,CCU002_01 Cancer,"[{""terminology"": ""SNOMEDCT"", ""code_type"": ""1""}]"
415112005,Plasmacytoma (disorder),SNOMED  CT codes,C2766,7287,CCU002_01 Cancer - Phenotypes - England primary care EHR: Cancer diagnosis,PH960,2138,CCU002_01 Cancer,"[{""terminology"": ""SNOMEDCT"", ""code_type"": ""1""}]"
416402001,Gestational trophoblastic disease (disorder),SNOMED  CT codes,C2766,7287,CCU002_01 Cancer - Phenotypes - England primary care EHR: Cancer diagnosis,PH960,2138,CCU002_01 Cancer,"[{""terminology"": ""SNOMEDCT"", ""code_type"": ""1""}]"
416669000,Invasive hydatidiform mole (disorder),SNOMED  CT codes,C2766,7287,CCU002_01 Cancer - Phenotypes - England primary care EHR: Cancer diagnosis,PH960,2138,CCU002_01 Cancer,"[{""terminology"": ""SNOMEDCT"", ""code_type"": ""1""}]"
416712009,Clear cell (mesonephric) neoplasm of ovary (disorder),SNOMED  CT codes,C2766,7287,CCU002_01 Cancer - Phenotypes - England primary care EHR: Cancer diagnosis,PH960,2138,CCU002_01 Cancer,"[{""terminology"": ""SNOMEDCT"", ""code_type"": ""1""}]"
416769008,Malignant teratoma of testis (disorder),SNOMED  CT codes,C2766,7287,CCU002_01 Cancer - Phenotypes - England primary care EHR: Cancer diagnosis,PH960,2138,CCU002_01 Cancer,"[{""terminology"": ""SNOMEDCT"", ""code_type"": ""1""}]"
416842003,Malignant sacral teratoma (disorder),SNOMED  CT codes,C2766,7287,CCU002_01 Cancer - Phenotypes - England primary care EHR: Cancer diagnosis,PH960,2138,CCU002_01 Cancer,"[{""terminology"": ""SNOMEDCT"", ""code_type"": ""1""}]"
416901002,Malignant medulloepithelioma of ciliary body (disorder),SNOMED  CT codes,C2766,7287,CCU002_01 Cancer - Phenotypes - England primary care EHR: Cancer diagnosis,PH960,2138,CCU002_01 Cancer,"[{""terminology"": ""SNOMEDCT"", ""code_type"": ""1""}]"
417036008,Liquid based cervical cytology screening (procedure),SNOMED  CT codes,C2766,7287,CCU002_01 Cancer - Phenotypes - England primary care EHR: Cancer diagnosis,PH960,2138,CCU002_01 Cancer,"[{""terminology"": ""SNOMEDCT"", ""code_type"": ""1""}]"
417084004,Cancer monitoring verbal invitation (procedure),SNOMED  CT codes,C2766,7287,CCU002_01 Cancer - Phenotypes - England primary care EHR: Cancer diagnosis,PH960,2138,CCU002_01 Cancer,"[{""terminology"": ""SNOMEDCT"", ""code_type"": ""1""}]"
417417007,Malignant teratoma of undescended testis (disorder),SNOMED  CT codes,C2766,7287,CCU002_01 Cancer - Phenotypes - England primary care EHR: Cancer diagnosis,PH960,2138,CCU002_01 Cancer,"[{""terminology"": ""SNOMEDCT"", ""code_type"": ""1""}]"
417554000,Malignant teratoma of descended testis (disorder),SNOMED  CT codes,C2766,7287,CCU002_01 Cancer - Phenotypes - England primary care EHR: Cancer diagnosis,PH960,2138,CCU002_01 Cancer,"[{""terminology"": ""SNOMEDCT"", ""code_type"": ""1""}]"
417570003,Gestational choriocarcinoma (disorder),SNOMED  CT codes,C2766,7287,CCU002_01 Cancer - Phenotypes - England primary care EHR: Cancer diagnosis,PH960,2138,CCU002_01 Cancer,"[{""terminology"": ""SNOMEDCT"", ""code_type"": ""1""}]"
419052002,Malignant tumor of urinary system (disorder),SNOMED  CT codes,C2766,7287,CCU002_01 Cancer - Phenotypes - England primary care EHR: Cancer diagnosis,PH960,2138,CCU002_01 Cancer,"[{""terminology"": ""SNOMEDCT"", ""code_type"": ""1""}]"
420788006,Intraocular non-Hodgkin malignant lymphoma (disorder),SNOMED  CT codes,C2766,7287,CCU002_01 Cancer - Phenotypes - England primary care EHR: Cancer diagnosis,PH960,2138,CCU002_01 Cancer,"[{""terminology"": ""SNOMEDCT"", ""code_type"": ""1""}]"
421249001,Malignant tumor of vermilion border of lip (disorder),SNOMED  CT codes,C2766,7287,CCU002_01 Cancer - Phenotypes - England primary care EHR: Cancer diagnosis,PH960,2138,CCU002_01 Cancer,"[{""terminology"": ""SNOMEDCT"", ""code_type"": ""1""}]"
422599000,Squamous cell carcinoma of back (disorder),SNOMED  CT codes,C2766,7287,CCU002_01 Cancer - Phenotypes - England primary care EHR: Cancer diagnosis,PH960,2138,CCU002_01 Cancer,"[{""terminology"": ""SNOMEDCT"", ""code_type"": ""1""}]"
422691006,Squamous cell carcinoma of nasopharynx (disorder),SNOMED  CT codes,C2766,7287,CCU002_01 Cancer - Phenotypes - England primary care EHR: Cancer diagnosis,PH960,2138,CCU002_01 Cancer,"[{""terminology"": ""SNOMEDCT"", ""code_type"": ""1""}]"
423158009,Hurthle cell carcinoma of thyroid (disorder),SNOMED  CT codes,C2766,7287,CCU002_01 Cancer - Phenotypes - England primary care EHR: Cancer diagnosis,PH960,2138,CCU002_01 Cancer,"[{""terminology"": ""SNOMEDCT"", ""code_type"": ""1""}]"
423464009,Squamous cell carcinoma of oropharynx (disorder),SNOMED  CT codes,C2766,7287,CCU002_01 Cancer - Phenotypes - England primary care EHR: Cancer diagnosis,PH960,2138,CCU002_01 Cancer,"[{""terminology"": ""SNOMEDCT"", ""code_type"": ""1""}]"
423746001,Adenocarcinoma of pelvis (disorder),SNOMED  CT codes,C2766,7287,CCU002_01 Cancer - Phenotypes - England primary care EHR: Cancer diagnosis,PH960,2138,CCU002_01 Cancer,"[{""terminology"": ""SNOMEDCT"", ""code_type"": ""1""}]"
423973006,"Carcinoma of uterine cervix, invasive (disorder)",SNOMED  CT codes,C2766,7287,CCU002_01 Cancer - Phenotypes - England primary care EHR: Cancer diagnosis,PH960,2138,CCU002_01 Cancer,"[{""terminology"": ""SNOMEDCT"", ""code_type"": ""1""}]"
424151006,Anaplastic glioma of brain (disorder),SNOMED  CT codes,C2766,7287,CCU002_01 Cancer - Phenotypes - England primary care EHR: Cancer diagnosis,PH960,2138,CCU002_01 Cancer,"[{""terminology"": ""SNOMEDCT"", ""code_type"": ""1""}]"
424413001,Sarcoma (disorder),SNOMED  CT codes,C2766,7287,CCU002_01 Cancer - Phenotypes - England primary care EHR: Cancer diagnosis,PH960,2138,CCU002_01 Cancer,"[{""terminology"": ""SNOMEDCT"", ""code_type"": ""1""}]"
424952003,Sarcoma of soft tissue (disorder),SNOMED  CT codes,C2766,7287,CCU002_01 Cancer - Phenotypes - England primary care EHR: Cancer diagnosis,PH960,2138,CCU002_01 Cancer,"[{""terminology"": ""SNOMEDCT"", ""code_type"": ""1""}]"
425066001,"Carcinoma of urinary bladder, invasive (disorder)",SNOMED  CT codes,C2766,7287,CCU002_01 Cancer - Phenotypes - England primary care EHR: Cancer diagnosis,PH960,2138,CCU002_01 Cancer,"[{""terminology"": ""SNOMEDCT"", ""code_type"": ""1""}]"
4.25111E+14,[X]Additional neoplasm classification terms (disorder),SNOMED  CT codes,C2766,7287,CCU002_01 Cancer - Phenotypes - England primary care EHR: Cancer diagnosis,PH960,2138,CCU002_01 Cancer,"[{""terminology"": ""SNOMEDCT"", ""code_type"": ""1""}]"
425178004,Adenocarcinoma of rectosigmoid junction (disorder),SNOMED  CT codes,C2766,7287,CCU002_01 Cancer - Phenotypes - England primary care EHR: Cancer diagnosis,PH960,2138,CCU002_01 Cancer,"[{""terminology"": ""SNOMEDCT"", ""code_type"": ""1""}]"
425231005,"Carcinoma of urinary bladder, superficial (disorder)",SNOMED  CT codes,C2766,7287,CCU002_01 Cancer - Phenotypes - England primary care EHR: Cancer diagnosis,PH960,2138,CCU002_01 Cancer,"[{""terminology"": ""SNOMEDCT"", ""code_type"": ""1""}]"
426071002,Hodgkin's disease in remission (disorder),SNOMED  CT codes,C2766,7287,CCU002_01 Cancer - Phenotypes - England primary care EHR: Cancer diagnosis,PH960,2138,CCU002_01 Cancer,"[{""terminology"": ""SNOMEDCT"", ""code_type"": ""1""}]"
426202004,Immune reconstitution syndrome (disorder),SNOMED  CT codes,C2766,7287,CCU002_01 Cancer - Phenotypes - England primary care EHR: Cancer diagnosis,PH960,2138,CCU002_01 Cancer,"[{""terminology"": ""SNOMEDCT"", ""code_type"": ""1""}]"
426336007,Solitary osseous myeloma (disorder),SNOMED  CT codes,C2766,7287,CCU002_01 Cancer - Phenotypes - England primary care EHR: Cancer diagnosis,PH960,2138,CCU002_01 Cancer,"[{""terminology"": ""SNOMEDCT"", ""code_type"": ""1""}]"
426964009,"Non-small cell lung cancer, positive for epidermal growth factor receptor expression (disorder)",SNOMED  CT codes,C2766,7287,CCU002_01 Cancer - Phenotypes - England primary care EHR: Cancer diagnosis,PH960,2138,CCU002_01 Cancer,"[{""terminology"": ""SNOMEDCT"", ""code_type"": ""1""}]"
427141003,Malignant lymphoma in remission (disorder),SNOMED  CT codes,C2766,7287,CCU002_01 Cancer - Phenotypes - England primary care EHR: Cancer diagnosis,PH960,2138,CCU002_01 Cancer,"[{""terminology"": ""SNOMEDCT"", ""code_type"": ""1""}]"
427492003,Hormone refractory prostate cancer (disorder),SNOMED  CT codes,C2766,7287,CCU002_01 Cancer - Phenotypes - England primary care EHR: Cancer diagnosis,PH960,2138,CCU002_01 Cancer,"[{""terminology"": ""SNOMEDCT"", ""code_type"": ""1""}]"
427685000,Human epidermal growth factor 2 positive carcinoma of breast (disorder),SNOMED  CT codes,C2766,7287,CCU002_01 Cancer - Phenotypes - England primary care EHR: Cancer diagnosis,PH960,2138,CCU002_01 Cancer,"[{""terminology"": ""SNOMEDCT"", ""code_type"": ""1""}]"
428061005,Malignant neoplasm of brain (disorder),SNOMED  CT codes,C2766,7287,CCU002_01 Cancer - Phenotypes - England primary care EHR: Cancer diagnosis,PH960,2138,CCU002_01 Cancer,"[{""terminology"": ""SNOMEDCT"", ""code_type"": ""1""}]"
428100006,Malignant neoplasm of thoracic cavity structure (disorder),SNOMED  CT codes,C2766,7287,CCU002_01 Cancer - Phenotypes - England primary care EHR: Cancer diagnosis,PH960,2138,CCU002_01 Cancer,"[{""terminology"": ""SNOMEDCT"", ""code_type"": ""1""}]"
428281000,Malignant neoplasm of bone (disorder),SNOMED  CT codes,C2766,7287,CCU002_01 Cancer - Phenotypes - England primary care EHR: Cancer diagnosis,PH960,2138,CCU002_01 Cancer,"[{""terminology"": ""SNOMEDCT"", ""code_type"": ""1""}]"
428322007,Malignant neoplasm of uterine adnexa (disorder),SNOMED  CT codes,C2766,7287,CCU002_01 Cancer - Phenotypes - England primary care EHR: Cancer diagnosis,PH960,2138,CCU002_01 Cancer,"[{""terminology"": ""SNOMEDCT"", ""code_type"": ""1""}]"
428905002,Malignant neoplasm of gastrointestinal tract (disorder),SNOMED  CT codes,C2766,7287,CCU002_01 Cancer - Phenotypes - England primary care EHR: Cancer diagnosis,PH960,2138,CCU002_01 Cancer,"[{""terminology"": ""SNOMEDCT"", ""code_type"": ""1""}]"
429014004,History of malignant lymphoma (situation),SNOMED  CT codes,C2766,7287,CCU002_01 Cancer - Phenotypes - England primary care EHR: Cancer diagnosis,PH960,2138,CCU002_01 Cancer,"[{""terminology"": ""SNOMEDCT"", ""code_type"": ""0""}]"
429033009,Malignant neoplasm of cerebrum (disorder),SNOMED  CT codes,C2766,7287,CCU002_01 Cancer - Phenotypes - England primary care EHR: Cancer diagnosis,PH960,2138,CCU002_01 Cancer,"[{""terminology"": ""SNOMEDCT"", ""code_type"": ""1""}]"
430556008,Malignant neoplasm of genital structure (disorder),SNOMED  CT codes,C2766,7287,CCU002_01 Cancer - Phenotypes - England primary care EHR: Cancer diagnosis,PH960,2138,CCU002_01 Cancer,"[{""terminology"": ""SNOMEDCT"", ""code_type"": ""1""}]"
430621000,Malignant neoplasm of lower respiratory tract (disorder),SNOMED  CT codes,C2766,7287,CCU002_01 Cancer - Phenotypes - England primary care EHR: Cancer diagnosis,PH960,2138,CCU002_01 Cancer,"[{""terminology"": ""SNOMEDCT"", ""code_type"": ""1""}]"
431396003,Human epidermal growth factor 2 negative carcinoma of breast (disorder),SNOMED  CT codes,C2766,7287,CCU002_01 Cancer - Phenotypes - England primary care EHR: Cancer diagnosis,PH960,2138,CCU002_01 Cancer,"[{""terminology"": ""SNOMEDCT"", ""code_type"": ""1""}]"
440422002,Asymptomatic multiple myeloma (disorder),SNOMED  CT codes,C2766,7287,CCU002_01 Cancer - Phenotypes - England primary care EHR: Cancer diagnosis,PH960,2138,CCU002_01 Cancer,"[{""terminology"": ""SNOMEDCT"", ""code_type"": ""1""}]"
441313008,Indolent multiple myeloma (disorder),SNOMED  CT codes,C2766,7287,CCU002_01 Cancer - Phenotypes - England primary care EHR: Cancer diagnosis,PH960,2138,CCU002_01 Cancer,"[{""terminology"": ""SNOMEDCT"", ""code_type"": ""1""}]"
443144000,Metastatic sarcoma (disorder),SNOMED  CT codes,C2766,7287,CCU002_01 Cancer - Phenotypes - England primary care EHR: Cancer diagnosis,PH960,2138,CCU002_01 Cancer,"[{""terminology"": ""SNOMEDCT"", ""code_type"": ""1""}]"
443487006,Mantle cell lymphoma (disorder),SNOMED  CT codes,C2766,7287,CCU002_01 Cancer - Phenotypes - England primary care EHR: Cancer diagnosis,PH960,2138,CCU002_01 Cancer,"[{""terminology"": ""SNOMEDCT"", ""code_type"": ""1""}]"
443488001,Malignant neoplasm of anorectum (disorder),SNOMED  CT codes,C2766,7287,CCU002_01 Cancer - Phenotypes - England primary care EHR: Cancer diagnosis,PH960,2138,CCU002_01 Cancer,"[{""terminology"": ""SNOMEDCT"", ""code_type"": ""1""}]"
443493003,Metastatic malignant melanoma (disorder),SNOMED  CT codes,C2766,7287,CCU002_01 Cancer - Phenotypes - England primary care EHR: Cancer diagnosis,PH960,2138,CCU002_01 Cancer,"[{""terminology"": ""SNOMEDCT"", ""code_type"": ""1""}]"
443520009,Chondrosarcoma (disorder),SNOMED  CT codes,C2766,7287,CCU002_01 Cancer - Phenotypes - England primary care EHR: Cancer diagnosis,PH960,2138,CCU002_01 Cancer,"[{""terminology"": ""SNOMEDCT"", ""code_type"": ""1""}]"
443675005,Seminoma (disorder),SNOMED  CT codes,C2766,7287,CCU002_01 Cancer - Phenotypes - England primary care EHR: Cancer diagnosis,PH960,2138,CCU002_01 Cancer,"[{""terminology"": ""SNOMEDCT"", ""code_type"": ""1""}]"
443679004,Malignant neoplasm of skeletal system (disorder),SNOMED  CT codes,C2766,7287,CCU002_01 Cancer - Phenotypes - England primary care EHR: Cancer diagnosis,PH960,2138,CCU002_01 Cancer,"[{""terminology"": ""SNOMEDCT"", ""code_type"": ""1""}]"
443719001,Leiomyosarcoma (disorder),SNOMED  CT codes,C2766,7287,CCU002_01 Cancer - Phenotypes - England primary care EHR: Cancer diagnosis,PH960,2138,CCU002_01 Cancer,"[{""terminology"": ""SNOMEDCT"", ""code_type"": ""1""}]"
443961001,Malignant adenomatous neoplasm (disorder),SNOMED  CT codes,C2766,7287,CCU002_01 Cancer - Phenotypes - England primary care EHR: Cancer diagnosis,PH960,2138,CCU002_01 Cancer,"[{""terminology"": ""SNOMEDCT"", ""code_type"": ""1""}]"
444604002,Carcinoma of breast with ductal and lobular features (disorder),SNOMED  CT codes,C2766,7287,CCU002_01 Cancer - Phenotypes - England primary care EHR: Cancer diagnosis,PH960,2138,CCU002_01 Cancer,"[{""terminology"": ""SNOMEDCT"", ""code_type"": ""1""}]"
444910004,Primary mediastinal (thymic) large B-cell lymphoma (disorder),SNOMED  CT codes,C2766,7287,CCU002_01 Cancer - Phenotypes - England primary care EHR: Cancer diagnosis,PH960,2138,CCU002_01 Cancer,"[{""terminology"": ""SNOMEDCT"", ""code_type"": ""1""}]"
445105005,Blastic plasmacytoid dendritic cell neoplasm (disorder),SNOMED  CT codes,C2766,7287,CCU002_01 Cancer - Phenotypes - England primary care EHR: Cancer diagnosis,PH960,2138,CCU002_01 Cancer,"[{""terminology"": ""SNOMEDCT"", ""code_type"": ""1""}]"
445227008,Juvenile myelomonocytic leukemia (disorder),SNOMED  CT codes,C2766,7287,CCU002_01 Cancer - Phenotypes - England primary care EHR: Cancer diagnosis,PH960,2138,CCU002_01 Cancer,"[{""terminology"": ""SNOMEDCT"", ""code_type"": ""1""}]"
445238008,Malignant carcinoid tumor (disorder),SNOMED  CT codes,C2766,7287,CCU002_01 Cancer - Phenotypes - England primary care EHR: Cancer diagnosis,PH960,2138,CCU002_01 Cancer,"[{""terminology"": ""SNOMEDCT"", ""code_type"": ""1""}]"
445269007,Extranodal marginal zone B-cell lymphoma of mucosa-associated lymphoid tissue (disorder),SNOMED  CT codes,C2766,7287,CCU002_01 Cancer - Phenotypes - England primary care EHR: Cancer diagnosis,PH960,2138,CCU002_01 Cancer,"[{""terminology"": ""SNOMEDCT"", ""code_type"": ""1""}]"
445406001,Hepatosplenic T-cell lymphoma (disorder),SNOMED  CT codes,C2766,7287,CCU002_01 Cancer - Phenotypes - England primary care EHR: Cancer diagnosis,PH960,2138,CCU002_01 Cancer,"[{""terminology"": ""SNOMEDCT"", ""code_type"": ""1""}]"
445448008,Acute myeloid leukemia with myelodysplasia-related changes (disorder),SNOMED  CT codes,C2766,7287,CCU002_01 Cancer - Phenotypes - England primary care EHR: Cancer diagnosis,PH960,2138,CCU002_01 Cancer,"[{""terminology"": ""SNOMEDCT"", ""code_type"": ""1""}]"
445738007,Myelodysplastic/myeloproliferative disease (disorder),SNOMED  CT codes,C2766,7287,CCU002_01 Cancer - Phenotypes - England primary care EHR: Cancer diagnosis,PH960,2138,CCU002_01 Cancer,"[{""terminology"": ""SNOMEDCT"", ""code_type"": ""1""}]"
446022000,Malignant epithelial neoplasm of uterus (disorder),SNOMED  CT codes,C2766,7287,CCU002_01 Cancer - Phenotypes - England primary care EHR: Cancer diagnosis,PH960,2138,CCU002_01 Cancer,"[{""terminology"": ""SNOMEDCT"", ""code_type"": ""1""}]"
446643000,Sarcoma of dendritic cells (accessory cells) (disorder),SNOMED  CT codes,C2766,7287,CCU002_01 Cancer - Phenotypes - England primary care EHR: Cancer diagnosis,PH960,2138,CCU002_01 Cancer,"[{""terminology"": ""SNOMEDCT"", ""code_type"": ""1""}]"
447706001,Leiomyosarcoma of scalp (disorder),SNOMED  CT codes,C2766,7287,CCU002_01 Cancer - Phenotypes - England primary care EHR: Cancer diagnosis,PH960,2138,CCU002_01 Cancer,"[{""terminology"": ""SNOMEDCT"", ""code_type"": ""1""}]"
447882007,Malignant epithelial neoplasm of vulva (disorder),SNOMED  CT codes,C2766,7287,CCU002_01 Cancer - Phenotypes - England primary care EHR: Cancer diagnosis,PH960,2138,CCU002_01 Cancer,"[{""terminology"": ""SNOMEDCT"", ""code_type"": ""1""}]"
447883002,Malignant neoplasm of carotid body (disorder),SNOMED  CT codes,C2766,7287,CCU002_01 Cancer - Phenotypes - England primary care EHR: Cancer diagnosis,PH960,2138,CCU002_01 Cancer,"[{""terminology"": ""SNOMEDCT"", ""code_type"": ""1""}]"
447949005,Malignant epithelial neoplasm of cheek (disorder),SNOMED  CT codes,C2766,7287,CCU002_01 Cancer - Phenotypes - England primary care EHR: Cancer diagnosis,PH960,2138,CCU002_01 Cancer,"[{""terminology"": ""SNOMEDCT"", ""code_type"": ""1""}]"
448212009,Anaplastic lymphoma kinase negative anaplastic large cell lymphoma (disorder),SNOMED  CT codes,C2766,7287,CCU002_01 Cancer - Phenotypes - England primary care EHR: Cancer diagnosis,PH960,2138,CCU002_01 Cancer,"[{""terminology"": ""SNOMEDCT"", ""code_type"": ""1""}]"
448216007,Malignant epithelial neoplasm of thyroid (disorder),SNOMED  CT codes,C2766,7287,CCU002_01 Cancer - Phenotypes - England primary care EHR: Cancer diagnosis,PH960,2138,CCU002_01 Cancer,"[{""terminology"": ""SNOMEDCT"", ""code_type"": ""1""}]"
448233000,Malignant neoplasm of urinary organ (disorder),SNOMED  CT codes,C2766,7287,CCU002_01 Cancer - Phenotypes - England primary care EHR: Cancer diagnosis,PH960,2138,CCU002_01 Cancer,"[{""terminology"": ""SNOMEDCT"", ""code_type"": ""1""}]"
448668007,Malignant neoplasm of mandible (disorder),SNOMED  CT codes,C2766,7287,CCU002_01 Cancer - Phenotypes - England primary care EHR: Cancer diagnosis,PH960,2138,CCU002_01 Cancer,"[{""terminology"": ""SNOMEDCT"", ""code_type"": ""1""}]"
448670003,Malignant neoplasm of posterior mediastinum (disorder),SNOMED  CT codes,C2766,7287,CCU002_01 Cancer - Phenotypes - England primary care EHR: Cancer diagnosis,PH960,2138,CCU002_01 Cancer,"[{""terminology"": ""SNOMEDCT"", ""code_type"": ""1""}]"
448674007,Malignant neoplasm of parametrium (disorder),SNOMED  CT codes,C2766,7287,CCU002_01 Cancer - Phenotypes - England primary care EHR: Cancer diagnosis,PH960,2138,CCU002_01 Cancer,"[{""terminology"": ""SNOMEDCT"", ""code_type"": ""1""}]"
448868009,Malignant neoplasm of lateral wall of oropharynx (disorder),SNOMED  CT codes,C2766,7287,CCU002_01 Cancer - Phenotypes - England primary care EHR: Cancer diagnosis,PH960,2138,CCU002_01 Cancer,"[{""terminology"": ""SNOMEDCT"", ""code_type"": ""1""}]"
448882009,Malignant neoplasm of intraabdominal organ (disorder),SNOMED  CT codes,C2766,7287,CCU002_01 Cancer - Phenotypes - England primary care EHR: Cancer diagnosis,PH960,2138,CCU002_01 Cancer,"[{""terminology"": ""SNOMEDCT"", ""code_type"": ""1""}]"
448930008,Squamous cell carcinoma of nose (disorder),SNOMED  CT codes,C2766,7287,CCU002_01 Cancer - Phenotypes - England primary care EHR: Cancer diagnosis,PH960,2138,CCU002_01 Cancer,"[{""terminology"": ""SNOMEDCT"", ""code_type"": ""1""}]"
448931007,Squamous cell carcinoma of shoulder (disorder),SNOMED  CT codes,C2766,7287,CCU002_01 Cancer - Phenotypes - England primary care EHR: Cancer diagnosis,PH960,2138,CCU002_01 Cancer,"[{""terminology"": ""SNOMEDCT"", ""code_type"": ""1""}]"
448952004,Infiltrating duct carcinoma of female breast (disorder),SNOMED  CT codes,C2766,7287,CCU002_01 Cancer - Phenotypes - England primary care EHR: Cancer diagnosis,PH960,2138,CCU002_01 Cancer,"[{""terminology"": ""SNOMEDCT"", ""code_type"": ""1""}]"
448992002,Malignant epithelial neoplasm of appendix (disorder),SNOMED  CT codes,C2766,7287,CCU002_01 Cancer - Phenotypes - England primary care EHR: Cancer diagnosis,PH960,2138,CCU002_01 Cancer,"[{""terminology"": ""SNOMEDCT"", ""code_type"": ""1""}]"
448993007,Malignant epithelial neoplasm of lung (disorder),SNOMED  CT codes,C2766,7287,CCU002_01 Cancer - Phenotypes - England primary care EHR: Cancer diagnosis,PH960,2138,CCU002_01 Cancer,"[{""terminology"": ""SNOMEDCT"", ""code_type"": ""1""}]"
448994001,Malignant epithelial neoplasm of upper rectum (disorder),SNOMED  CT codes,C2766,7287,CCU002_01 Cancer - Phenotypes - England primary care EHR: Cancer diagnosis,PH960,2138,CCU002_01 Cancer,"[{""terminology"": ""SNOMEDCT"", ""code_type"": ""1""}]"
449066004,Malignant neoplasm of upper respiratory tract (disorder),SNOMED  CT codes,C2766,7287,CCU002_01 Cancer - Phenotypes - England primary care EHR: Cancer diagnosis,PH960,2138,CCU002_01 Cancer,"[{""terminology"": ""SNOMEDCT"", ""code_type"": ""1""}]"
449067008,Malignant neoplasm of parietal pleura (disorder),SNOMED  CT codes,C2766,7287,CCU002_01 Cancer - Phenotypes - England primary care EHR: Cancer diagnosis,PH960,2138,CCU002_01 Cancer,"[{""terminology"": ""SNOMEDCT"", ""code_type"": ""1""}]"
449077005,Malignant epithelial neoplasm of maxilla (disorder),SNOMED  CT codes,C2766,7287,CCU002_01 Cancer - Phenotypes - England primary care EHR: Cancer diagnosis,PH960,2138,CCU002_01 Cancer,"[{""terminology"": ""SNOMEDCT"", ""code_type"": ""1""}]"
449096009,Malignant neoplasm of respiratory system (disorder),SNOMED  CT codes,C2766,7287,CCU002_01 Cancer - Phenotypes - England primary care EHR: Cancer diagnosis,PH960,2138,CCU002_01 Cancer,"[{""terminology"": ""SNOMEDCT"", ""code_type"": ""1""}]"
449101009,Sarcoma of sternum (disorder),SNOMED  CT codes,C2766,7287,CCU002_01 Cancer - Phenotypes - England primary care EHR: Cancer diagnosis,PH960,2138,CCU002_01 Cancer,"[{""terminology"": ""SNOMEDCT"", ""code_type"": ""1""}]"
449108003,Philadelphia chromosome positive chronic myelogenous leukemia (disorder),SNOMED  CT codes,C2766,7287,CCU002_01 Cancer - Phenotypes - England primary care EHR: Cancer diagnosis,PH960,2138,CCU002_01 Cancer,"[{""terminology"": ""SNOMEDCT"", ""code_type"": ""1""}]"
449153001,Adenocarcinoma of lower esophagus (disorder),SNOMED  CT codes,C2766,7287,CCU002_01 Cancer - Phenotypes - England primary care EHR: Cancer diagnosis,PH960,2138,CCU002_01 Cancer,"[{""terminology"": ""SNOMEDCT"", ""code_type"": ""1""}]"
449220000,Diffuse follicle center lymphoma (disorder),SNOMED  CT codes,C2766,7287,CCU002_01 Cancer - Phenotypes - England primary care EHR: Cancer diagnosis,PH960,2138,CCU002_01 Cancer,"[{""terminology"": ""SNOMEDCT"", ""code_type"": ""1""}]"
449224009,Malignant neoplasm of anterior mediastinum (disorder),SNOMED  CT codes,C2766,7287,CCU002_01 Cancer - Phenotypes - England primary care EHR: Cancer diagnosis,PH960,2138,CCU002_01 Cancer,"[{""terminology"": ""SNOMEDCT"", ""code_type"": ""1""}]"
449248000,Nasopharyngeal carcinoma (disorder),SNOMED  CT codes,C2766,7287,CCU002_01 Cancer - Phenotypes - England primary care EHR: Cancer diagnosis,PH960,2138,CCU002_01 Cancer,"[{""terminology"": ""SNOMEDCT"", ""code_type"": ""1""}]"
449308006,Malignant neoplasm of visceral pleura (disorder),SNOMED  CT codes,C2766,7287,CCU002_01 Cancer - Phenotypes - England primary care EHR: Cancer diagnosis,PH960,2138,CCU002_01 Cancer,"[{""terminology"": ""SNOMEDCT"", ""code_type"": ""1""}]"
449377002,Malignant neoplasm of pelvic peritoneum (disorder),SNOMED  CT codes,C2766,7287,CCU002_01 Cancer - Phenotypes - England primary care EHR: Cancer diagnosis,PH960,2138,CCU002_01 Cancer,"[{""terminology"": ""SNOMEDCT"", ""code_type"": ""1""}]"
449386007,Philadelphia chromosome negative chronic myelogenous leukemia (disorder),SNOMED  CT codes,C2766,7287,CCU002_01 Cancer - Phenotypes - England primary care EHR: Cancer diagnosis,PH960,2138,CCU002_01 Cancer,"[{""terminology"": ""SNOMEDCT"", ""code_type"": ""1""}]"
449420002,Malignant neoplasm of cerebellum (disorder),SNOMED  CT codes,C2766,7287,CCU002_01 Cancer - Phenotypes - England primary care EHR: Cancer diagnosis,PH960,2138,CCU002_01 Cancer,"[{""terminology"": ""SNOMEDCT"", ""code_type"": ""1""}]"
449472007,Malignant epithelial neoplasm of alveolus dentalis (disorder),SNOMED  CT codes,C2766,7287,CCU002_01 Cancer - Phenotypes - England primary care EHR: Cancer diagnosis,PH960,2138,CCU002_01 Cancer,"[{""terminology"": ""SNOMEDCT"", ""code_type"": ""1""}]"
449578008,Malignant neoplasm of alveolus of mandible (disorder),SNOMED  CT codes,C2766,7287,CCU002_01 Cancer - Phenotypes - England primary care EHR: Cancer diagnosis,PH960,2138,CCU002_01 Cancer,"[{""terminology"": ""SNOMEDCT"", ""code_type"": ""1""}]"
449627008,Malignant neoplasm of long bone of lower limb (disorder),SNOMED  CT codes,C2766,7287,CCU002_01 Cancer - Phenotypes - England primary care EHR: Cancer diagnosis,PH960,2138,CCU002_01 Cancer,"[{""terminology"": ""SNOMEDCT"", ""code_type"": ""1""}]"
449635006,Primary malignant neoplasm of lower leg (disorder),SNOMED  CT codes,C2766,7287,CCU002_01 Cancer - Phenotypes - England primary care EHR: Cancer diagnosis,PH960,2138,CCU002_01 Cancer,"[{""terminology"": ""SNOMEDCT"", ""code_type"": ""1""}]"
4.5221E+13,Primary invasive malignant neoplasm of female breast (disorder),SNOMED  CT codes,C2766,7287,CCU002_01 Cancer - Phenotypes - England primary care EHR: Cancer diagnosis,PH960,2138,CCU002_01 Cancer,"[{""terminology"": ""SNOMEDCT"", ""code_type"": ""1""}]"
4.62401E+14,"[X]Malignant neoplasms of lymphoid, haematopoietic and related tissue (disorder)",SNOMED  CT codes,C2766,7287,CCU002_01 Cancer - Phenotypes - England primary care EHR: Cancer diagnosis,PH960,2138,CCU002_01 Cancer,"[{""terminology"": ""SNOMEDCT"", ""code_type"": ""1""}]"
4.62461E+14,[X]Malignant neoplasm of female genital organs (disorder),SNOMED  CT codes,C2766,7287,CCU002_01 Cancer - Phenotypes - England primary care EHR: Cancer diagnosis,PH960,2138,CCU002_01 Cancer,"[{""terminology"": ""SNOMEDCT"", ""code_type"": ""1""}]"
53523003,Poisoning caused by cactinomycin (disorder),SNOMED  CT codes,C2766,7287,CCU002_01 Cancer - Phenotypes - England primary care EHR: Cancer diagnosis,PH960,2138,CCU002_01 Cancer,"[{""terminology"": ""SNOMEDCT"", ""code_type"": ""1""}]"
58961005,Lethal midline granuloma (disorder),SNOMED  CT codes,C2766,7287,CCU002_01 Cancer - Phenotypes - England primary care EHR: Cancer diagnosis,PH960,2138,CCU002_01 Cancer,"[{""terminology"": ""SNOMEDCT"", ""code_type"": ""1""}]"
62497000,Stewart-Treves syndrome (disorder),SNOMED  CT codes,C2766,7287,CCU002_01 Cancer - Phenotypes - England primary care EHR: Cancer diagnosis,PH960,2138,CCU002_01 Cancer,"[{""terminology"": ""SNOMEDCT"", ""code_type"": ""1""}]"
65399007,Langerhans cell histiocytosis (disorder),SNOMED  CT codes,C2766,7287,CCU002_01 Cancer - Phenotypes - England primary care EHR: Cancer diagnosis,PH960,2138,CCU002_01 Cancer,"[{""terminology"": ""SNOMEDCT"", ""code_type"": ""1""}]"
6.7821E+13,"Primary small cell malignant neoplasm of lung, TNM stage 2 (disorder)",SNOMED  CT codes,C2766,7287,CCU002_01 Cancer - Phenotypes - England primary care EHR: Cancer diagnosis,PH960,2138,CCU002_01 Cancer,"[{""terminology"": ""SNOMEDCT"", ""code_type"": ""1""}]"
6.81601E+14,Primary adenocarcinoma of ascending colon (disorder),SNOMED  CT codes,C2766,7287,CCU002_01 Cancer - Phenotypes - England primary care EHR: Cancer diagnosis,PH960,2138,CCU002_01 Cancer,"[{""terminology"": ""SNOMEDCT"", ""code_type"": ""1""}]"
6.83991E+14,Extensive stage primary small cell carcinoma of lung (disorder),SNOMED  CT codes,C2766,7287,CCU002_01 Cancer - Phenotypes - England primary care EHR: Cancer diagnosis,PH960,2138,CCU002_01 Cancer,"[{""terminology"": ""SNOMEDCT"", ""code_type"": ""1""}]"
6.84911E+14,Primary glioblastoma multiforme of frontal lobe (disorder),SNOMED  CT codes,C2766,7287,CCU002_01 Cancer - Phenotypes - England primary care EHR: Cancer diagnosis,PH960,2138,CCU002_01 Cancer,"[{""terminology"": ""SNOMEDCT"", ""code_type"": ""1""}]"
68979007,Heavy chain disease (disorder),SNOMED  CT codes,C2766,7287,CCU002_01 Cancer - Phenotypes - England primary care EHR: Cancer diagnosis,PH960,2138,CCU002_01 Cancer,"[{""terminology"": ""SNOMEDCT"", ""code_type"": ""1""}]"
69408002,Gorlin syndrome (disorder),SNOMED  CT codes,C2766,7287,CCU002_01 Cancer - Phenotypes - England primary care EHR: Cancer diagnosis,PH960,2138,CCU002_01 Cancer,"[{""terminology"": ""SNOMEDCT"", ""code_type"": ""1""}]"
698040004,Malignant melanoma of nasal cavity (disorder),SNOMED  CT codes,C2766,7287,CCU002_01 Cancer - Phenotypes - England primary care EHR: Cancer diagnosis,PH960,2138,CCU002_01 Cancer,"[{""terminology"": ""SNOMEDCT"", ""code_type"": ""1""}]"
699005005,History of malignant hematologic neoplasm,SNOMED  CT codes,C2766,7287,CCU002_01 Cancer - Phenotypes - England primary care EHR: Cancer diagnosis,PH960,2138,CCU002_01 Cancer,"[{""terminology"": ""SNOMEDCT"", ""code_type"": ""0""}]"
699357004,Low grade endometrial stromal sarcoma (disorder),SNOMED  CT codes,C2766,7287,CCU002_01 Cancer - Phenotypes - England primary care EHR: Cancer diagnosis,PH960,2138,CCU002_01 Cancer,"[{""terminology"": ""SNOMEDCT"", ""code_type"": ""1""}]"
699818003,T-cell large granular lymphocytic leukemia (disorder),SNOMED  CT codes,C2766,7287,CCU002_01 Cancer - Phenotypes - England primary care EHR: Cancer diagnosis,PH960,2138,CCU002_01 Cancer,"[{""terminology"": ""SNOMEDCT"", ""code_type"": ""1""}]"
700423003,Adenocarcinoma of pancreas (disorder),SNOMED  CT codes,C2766,7287,CCU002_01 Cancer - Phenotypes - England primary care EHR: Cancer diagnosis,PH960,2138,CCU002_01 Cancer,"[{""terminology"": ""SNOMEDCT"", ""code_type"": ""1""}]"
702369008,Carcinosarcoma of uterus (disorder),SNOMED  CT codes,C2766,7287,CCU002_01 Cancer - Phenotypes - England primary care EHR: Cancer diagnosis,PH960,2138,CCU002_01 Cancer,"[{""terminology"": ""SNOMEDCT"", ""code_type"": ""1""}]"
702391001,Renal cell carcinoma,SNOMED  CT codes,C2766,7287,CCU002_01 Cancer - Phenotypes - England primary care EHR: Cancer diagnosis,PH960,2138,CCU002_01 Cancer,"[{""terminology"": ""SNOMEDCT"", ""code_type"": ""1""}]"
702392008,Metastatic renal cell carcinoma (disorder),SNOMED  CT codes,C2766,7287,CCU002_01 Cancer - Phenotypes - England primary care EHR: Cancer diagnosis,PH960,2138,CCU002_01 Cancer,"[{""terminology"": ""SNOMEDCT"", ""code_type"": ""1""}]"
703423002,Combined chemotherapy and radiation therapy (procedure),SNOMED  CT codes,C2766,7287,CCU002_01 Cancer - Phenotypes - England primary care EHR: Cancer diagnosis,PH960,2138,CCU002_01 Cancer,"[{""terminology"": ""SNOMEDCT"", ""code_type"": ""1""}]"
706970001,Triple negative malignant neoplasm of breast (disorder),SNOMED  CT codes,C2766,7287,CCU002_01 Cancer - Phenotypes - England primary care EHR: Cancer diagnosis,PH960,2138,CCU002_01 Cancer,"[{""terminology"": ""SNOMEDCT"", ""code_type"": ""1""}]"
707357005,Primary squamous cell carcinoma of laryngeal cartilage (disorder),SNOMED  CT codes,C2766,7287,CCU002_01 Cancer - Phenotypes - England primary care EHR: Cancer diagnosis,PH960,2138,CCU002_01 Cancer,"[{""terminology"": ""SNOMEDCT"", ""code_type"": ""1""}]"
707358000,Primary squamous cell carcinoma of larynx (disorder),SNOMED  CT codes,C2766,7287,CCU002_01 Cancer - Phenotypes - England primary care EHR: Cancer diagnosis,PH960,2138,CCU002_01 Cancer,"[{""terminology"": ""SNOMEDCT"", ""code_type"": ""1""}]"
707422006,Primary spindle cell squamous cell carcinoma of larynx (disorder),SNOMED  CT codes,C2766,7287,CCU002_01 Cancer - Phenotypes - England primary care EHR: Cancer diagnosis,PH960,2138,CCU002_01 Cancer,"[{""terminology"": ""SNOMEDCT"", ""code_type"": ""1""}]"
707452003,Primary mucinous adenocarcinoma of lung (disorder),SNOMED  CT codes,C2766,7287,CCU002_01 Cancer - Phenotypes - England primary care EHR: Cancer diagnosis,PH960,2138,CCU002_01 Cancer,"[{""terminology"": ""SNOMEDCT"", ""code_type"": ""1""}]"
707456000,Primary undifferentiated carcinoma of lung (disorder),SNOMED  CT codes,C2766,7287,CCU002_01 Cancer - Phenotypes - England primary care EHR: Cancer diagnosis,PH960,2138,CCU002_01 Cancer,"[{""terminology"": ""SNOMEDCT"", ""code_type"": ""1""}]"
707492001,Primary squamous cell carcinoma of hypopharynx (disorder),SNOMED  CT codes,C2766,7287,CCU002_01 Cancer - Phenotypes - England primary care EHR: Cancer diagnosis,PH960,2138,CCU002_01 Cancer,"[{""terminology"": ""SNOMEDCT"", ""code_type"": ""1""}]"
707538002,Primary squamous cell carcinoma of vallecula (disorder),SNOMED  CT codes,C2766,7287,CCU002_01 Cancer - Phenotypes - England primary care EHR: Cancer diagnosis,PH960,2138,CCU002_01 Cancer,"[{""terminology"": ""SNOMEDCT"", ""code_type"": ""1""}]"
707582006,Primary spindle cell squamous cell carcinoma of oropharynx (disorder),SNOMED  CT codes,C2766,7287,CCU002_01 Cancer - Phenotypes - England primary care EHR: Cancer diagnosis,PH960,2138,CCU002_01 Cancer,"[{""terminology"": ""SNOMEDCT"", ""code_type"": ""1""}]"
707664003,Primary squamous cell carcinoma of glottis (disorder),SNOMED  CT codes,C2766,7287,CCU002_01 Cancer - Phenotypes - England primary care EHR: Cancer diagnosis,PH960,2138,CCU002_01 Cancer,"[{""terminology"": ""SNOMEDCT"", ""code_type"": ""1""}]"
708921005,Carcinoma of central portion of breast (disorder),SNOMED  CT codes,C2766,7287,CCU002_01 Cancer - Phenotypes - England primary care EHR: Cancer diagnosis,PH960,2138,CCU002_01 Cancer,"[{""terminology"": ""SNOMEDCT"", ""code_type"": ""1""}]"
709830006,Malignant carcinoid tumor of stomach (disorder),SNOMED  CT codes,C2766,7287,CCU002_01 Cancer - Phenotypes - England primary care EHR: Cancer diagnosis,PH960,2138,CCU002_01 Cancer,"[{""terminology"": ""SNOMEDCT"", ""code_type"": ""1""}]"
7.1111E+13,Recurrent primary malignant neoplasm of vulva (disorder),SNOMED  CT codes,C2766,7287,CCU002_01 Cancer - Phenotypes - England primary care EHR: Cancer diagnosis,PH960,2138,CCU002_01 Cancer,"[{""terminology"": ""SNOMEDCT"", ""code_type"": ""1""}]"
711414003,Primary clear cell adenocarcinoma of lung (disorder),SNOMED  CT codes,C2766,7287,CCU002_01 Cancer - Phenotypes - England primary care EHR: Cancer diagnosis,PH960,2138,CCU002_01 Cancer,"[{""terminology"": ""SNOMEDCT"", ""code_type"": ""1""}]"
712525007,Malignant neoplasm of short bone of lower limb,SNOMED  CT codes,C2766,7287,CCU002_01 Cancer - Phenotypes - England primary care EHR: Cancer diagnosis,PH960,2138,CCU002_01 Cancer,"[{""terminology"": ""SNOMEDCT"", ""code_type"": ""1""}]"
712750007,Malignant neoplasm of chest wall,SNOMED  CT codes,C2766,7287,CCU002_01 Cancer - Phenotypes - England primary care EHR: Cancer diagnosis,PH960,2138,CCU002_01 Cancer,"[{""terminology"": ""SNOMEDCT"", ""code_type"": ""1""}]"
712849003,Primary malignant neoplasm of prostate metastatic to bone (disorder),SNOMED  CT codes,C2766,7287,CCU002_01 Cancer - Phenotypes - England primary care EHR: Cancer diagnosis,PH960,2138,CCU002_01 Cancer,"[{""terminology"": ""SNOMEDCT"", ""code_type"": ""1""}]"
713609000,Invasive carcinoma of breast (disorder),SNOMED  CT codes,C2766,7287,CCU002_01 Cancer - Phenotypes - England primary care EHR: Cancer diagnosis,PH960,2138,CCU002_01 Cancer,"[{""terminology"": ""SNOMEDCT"", ""code_type"": ""1""}]"
716649003,Extraovarian primary peritoneal carcinoma (disorder),SNOMED  CT codes,C2766,7287,CCU002_01 Cancer - Phenotypes - England primary care EHR: Cancer diagnosis,PH960,2138,CCU002_01 Cancer,"[{""terminology"": ""SNOMEDCT"", ""code_type"": ""1""}]"
716659002,Squamous cell carcinoma of head and neck (disorder),SNOMED  CT codes,C2766,7287,CCU002_01 Cancer - Phenotypes - England primary care EHR: Cancer diagnosis,PH960,2138,CCU002_01 Cancer,"[{""terminology"": ""SNOMEDCT"", ""code_type"": ""1""}]"
716872004,Antineoplastic chemotherapy regimen (regime/therapy),SNOMED  CT codes,C2766,7287,CCU002_01 Cancer - Phenotypes - England primary care EHR: Cancer diagnosis,PH960,2138,CCU002_01 Cancer,"[{""terminology"": ""SNOMEDCT"", ""code_type"": ""1""}]"
717735006,Renal cell carcinoma of kidney except renal pelvis (disorder),SNOMED  CT codes,C2766,7287,CCU002_01 Cancer - Phenotypes - England primary care EHR: Cancer diagnosis,PH960,2138,CCU002_01 Cancer,"[{""terminology"": ""SNOMEDCT"", ""code_type"": ""1""}]"
719052006,Recurrent squamous cell carcinoma (disorder),SNOMED  CT codes,C2766,7287,CCU002_01 Cancer - Phenotypes - England primary care EHR: Cancer diagnosis,PH960,2138,CCU002_01 Cancer,"[{""terminology"": ""SNOMEDCT"", ""code_type"": ""1""}]"
71985006,Carcinomatous myopathic syndrome (disorder),SNOMED  CT codes,C2766,7287,CCU002_01 Cancer - Phenotypes - England primary care EHR: Cancer diagnosis,PH960,2138,CCU002_01 Cancer,"[{""terminology"": ""SNOMEDCT"", ""code_type"": ""1""}]"
720006006,Cancer care review (procedure),SNOMED  CT codes,C2766,7287,CCU002_01 Cancer - Phenotypes - England primary care EHR: Cancer diagnosis,PH960,2138,CCU002_01 Cancer,"[{""terminology"": ""SNOMEDCT"", ""code_type"": ""1""}]"
721304007,Refractory thrombocytopenia (disorder),SNOMED  CT codes,C2766,7287,CCU002_01 Cancer - Phenotypes - England primary care EHR: Cancer diagnosis,PH960,2138,CCU002_01 Cancer,"[{""terminology"": ""SNOMEDCT"", ""code_type"": ""1""}]"
721567004,Primary malignant neoplasm of placenta (disorder),SNOMED  CT codes,C2766,7287,CCU002_01 Cancer - Phenotypes - England primary care EHR: Cancer diagnosis,PH960,2138,CCU002_01 Cancer,"[{""terminology"": ""SNOMEDCT"", ""code_type"": ""1""}]"
721575005,Primary angiosarcoma of heart (disorder),SNOMED  CT codes,C2766,7287,CCU002_01 Cancer - Phenotypes - England primary care EHR: Cancer diagnosis,PH960,2138,CCU002_01 Cancer,"[{""terminology"": ""SNOMEDCT"", ""code_type"": ""1""}]"
721618006,Primary squamous cell carcinoma of upper third of esophagus (disorder),SNOMED  CT codes,C2766,7287,CCU002_01 Cancer - Phenotypes - England primary care EHR: Cancer diagnosis,PH960,2138,CCU002_01 Cancer,"[{""terminology"": ""SNOMEDCT"", ""code_type"": ""1""}]"
721619003,Primary squamous cell carcinoma of middle third of esophagus (disorder),SNOMED  CT codes,C2766,7287,CCU002_01 Cancer - Phenotypes - England primary care EHR: Cancer diagnosis,PH960,2138,CCU002_01 Cancer,"[{""terminology"": ""SNOMEDCT"", ""code_type"": ""1""}]"
721628002,Primary adenocarcinoma of esophagogastric junction (disorder),SNOMED  CT codes,C2766,7287,CCU002_01 Cancer - Phenotypes - England primary care EHR: Cancer diagnosis,PH960,2138,CCU002_01 Cancer,"[{""terminology"": ""SNOMEDCT"", ""code_type"": ""1""}]"
721629005,Linitis plastica of stomach (disorder),SNOMED  CT codes,C2766,7287,CCU002_01 Cancer - Phenotypes - England primary care EHR: Cancer diagnosis,PH960,2138,CCU002_01 Cancer,"[{""terminology"": ""SNOMEDCT"", ""code_type"": ""1""}]"
721636006,Primary malignant neuroendocrine neoplasm of body of stomach (disorder),SNOMED  CT codes,C2766,7287,CCU002_01 Cancer - Phenotypes - England primary care EHR: Cancer diagnosis,PH960,2138,CCU002_01 Cancer,"[{""terminology"": ""SNOMEDCT"", ""code_type"": ""1""}]"
721638007,Primary neuroendocrine carcinoma of stomach (disorder),SNOMED  CT codes,C2766,7287,CCU002_01 Cancer - Phenotypes - England primary care EHR: Cancer diagnosis,PH960,2138,CCU002_01 Cancer,"[{""terminology"": ""SNOMEDCT"", ""code_type"": ""1""}]"
721696009,Primary adenocarcinoma of transverse colon (disorder),SNOMED  CT codes,C2766,7287,CCU002_01 Cancer - Phenotypes - England primary care EHR: Cancer diagnosis,PH960,2138,CCU002_01 Cancer,"[{""terminology"": ""SNOMEDCT"", ""code_type"": ""1""}]"
721716004,Primary cholangiocarcinoma of intrahepatic biliary tract (disorder),SNOMED  CT codes,C2766,7287,CCU002_01 Cancer - Phenotypes - England primary care EHR: Cancer diagnosis,PH960,2138,CCU002_01 Cancer,"[{""terminology"": ""SNOMEDCT"", ""code_type"": ""1""}]"
722103009,Hormone sensitive prostate cancer (disorder),SNOMED  CT codes,C2766,7287,CCU002_01 Cancer - Phenotypes - England primary care EHR: Cancer diagnosis,PH960,2138,CCU002_01 Cancer,"[{""terminology"": ""SNOMEDCT"", ""code_type"": ""1""}]"
722482005,"Doxorubicin, bleomycin, vinblastine and dacarbazine chemotherapy regimen (regime/therapy)",SNOMED  CT codes,C2766,7287,CCU002_01 Cancer - Phenotypes - England primary care EHR: Cancer diagnosis,PH960,2138,CCU002_01 Cancer,"[{""terminology"": ""SNOMEDCT"", ""code_type"": ""1""}]"
722524005,Primary invasive pleomorphic lobular carcinoma of breast (disorder),SNOMED  CT codes,C2766,7287,CCU002_01 Cancer - Phenotypes - England primary care EHR: Cancer diagnosis,PH960,2138,CCU002_01 Cancer,"[{""terminology"": ""SNOMEDCT"", ""code_type"": ""1""}]"
722528008,Primary malignant neuroendocrine neoplasm of lung (disorder),SNOMED  CT codes,C2766,7287,CCU002_01 Cancer - Phenotypes - England primary care EHR: Cancer diagnosis,PH960,2138,CCU002_01 Cancer,"[{""terminology"": ""SNOMEDCT"", ""code_type"": ""1""}]"
722542000,Primary squamous cell carcinoma of anal canal (disorder),SNOMED  CT codes,C2766,7287,CCU002_01 Cancer - Phenotypes - England primary care EHR: Cancer diagnosis,PH960,2138,CCU002_01 Cancer,"[{""terminology"": ""SNOMEDCT"", ""code_type"": ""1""}]"
722672002,Primary squamous cell carcinoma of base of tongue (disorder),SNOMED  CT codes,C2766,7287,CCU002_01 Cancer - Phenotypes - England primary care EHR: Cancer diagnosis,PH960,2138,CCU002_01 Cancer,"[{""terminology"": ""SNOMEDCT"", ""code_type"": ""1""}]"
722682001,Primary small cell carcinoma of endometrium (disorder),SNOMED  CT codes,C2766,7287,CCU002_01 Cancer - Phenotypes - England primary care EHR: Cancer diagnosis,PH960,2138,CCU002_01 Cancer,"[{""terminology"": ""SNOMEDCT"", ""code_type"": ""1""}]"
722685004,Primary high grade serous adenocarcinoma of ovary (disorder),SNOMED  CT codes,C2766,7287,CCU002_01 Cancer - Phenotypes - England primary care EHR: Cancer diagnosis,PH960,2138,CCU002_01 Cancer,"[{""terminology"": ""SNOMEDCT"", ""code_type"": ""1""}]"
723265000,Primary squamous cell carcinoma of anus (disorder),SNOMED  CT codes,C2766,7287,CCU002_01 Cancer - Phenotypes - England primary care EHR: Cancer diagnosis,PH960,2138,CCU002_01 Cancer,"[{""terminology"": ""SNOMEDCT"", ""code_type"": ""1""}]"
723301009,Squamous non-small cell lung cancer (disorder),SNOMED  CT codes,C2766,7287,CCU002_01 Cancer - Phenotypes - England primary care EHR: Cancer diagnosis,PH960,2138,CCU002_01 Cancer,"[{""terminology"": ""SNOMEDCT"", ""code_type"": ""1""}]"
724059003,Malignant neoplasm of lower lobe of left lung (disorder),SNOMED  CT codes,C2766,7287,CCU002_01 Cancer - Phenotypes - England primary care EHR: Cancer diagnosis,PH960,2138,CCU002_01 Cancer,"[{""terminology"": ""SNOMEDCT"", ""code_type"": ""1""}]"
724060008,Malignant neoplasm of right upper lobe of lung (disorder),SNOMED  CT codes,C2766,7287,CCU002_01 Cancer - Phenotypes - England primary care EHR: Cancer diagnosis,PH960,2138,CCU002_01 Cancer,"[{""terminology"": ""SNOMEDCT"", ""code_type"": ""1""}]"
724649000,Langerhans cell sarcoma (disorder),SNOMED  CT codes,C2766,7287,CCU002_01 Cancer - Phenotypes - England primary care EHR: Cancer diagnosis,PH960,2138,CCU002_01 Cancer,"[{""terminology"": ""SNOMEDCT"", ""code_type"": ""1""}]"
726654006,Malignant carcinoid tumor of colon (disorder),SNOMED  CT codes,C2766,7287,CCU002_01 Cancer - Phenotypes - England primary care EHR: Cancer diagnosis,PH960,2138,CCU002_01 Cancer,"[{""terminology"": ""SNOMEDCT"", ""code_type"": ""1""}]"
733343005,Primary squamous cell carcinoma of oral cavity (disorder),SNOMED  CT codes,C2766,7287,CCU002_01 Cancer - Phenotypes - England primary care EHR: Cancer diagnosis,PH960,2138,CCU002_01 Cancer,"[{""terminology"": ""SNOMEDCT"", ""code_type"": ""1""}]"
733361001,Primary mucinous adenocarcinoma of ovary (disorder),SNOMED  CT codes,C2766,7287,CCU002_01 Cancer - Phenotypes - England primary care EHR: Cancer diagnosis,PH960,2138,CCU002_01 Cancer,"[{""terminology"": ""SNOMEDCT"", ""code_type"": ""1""}]"
733608000,Papillary renal cell carcinoma (disorder),SNOMED  CT codes,C2766,7287,CCU002_01 Cancer - Phenotypes - England primary care EHR: Cancer diagnosis,PH960,2138,CCU002_01 Cancer,"[{""terminology"": ""SNOMEDCT"", ""code_type"": ""1""}]"
735735001,Primary malignant neuroendocrine neoplasm of pancreas (disorder),SNOMED  CT codes,C2766,7287,CCU002_01 Cancer - Phenotypes - England primary care EHR: Cancer diagnosis,PH960,2138,CCU002_01 Cancer,"[{""terminology"": ""SNOMEDCT"", ""code_type"": ""1""}]"
736322001,Pediatric follicular lymphoma (disorder),SNOMED  CT codes,C2766,7287,CCU002_01 Cancer - Phenotypes - England primary care EHR: Cancer diagnosis,PH960,2138,CCU002_01 Cancer,"[{""terminology"": ""SNOMEDCT"", ""code_type"": ""1""}]"
737310005,Primary squamous cell carcinoma of submandibular gland (disorder),SNOMED  CT codes,C2766,7287,CCU002_01 Cancer - Phenotypes - England primary care EHR: Cancer diagnosis,PH960,2138,CCU002_01 Cancer,"[{""terminology"": ""SNOMEDCT"", ""code_type"": ""1""}]"
738770003,Anaplastic lymphoma kinase positive anaplastic large cell lymphoma (disorder),SNOMED  CT codes,C2766,7287,CCU002_01 Cancer - Phenotypes - England primary care EHR: Cancer diagnosis,PH960,2138,CCU002_01 Cancer,"[{""terminology"": ""SNOMEDCT"", ""code_type"": ""1""}]"
739301006,Osteoporosis co-occurrent and due to multiple myeloma,SNOMED  CT codes,C2766,7287,CCU002_01 Cancer - Phenotypes - England primary care EHR: Cancer diagnosis,PH960,2138,CCU002_01 Cancer,"[{""terminology"": ""SNOMEDCT"", ""code_type"": ""1""}]"
762458004,Primary endometrioid carcinoma of endometrium of body of uterus (disorder),SNOMED  CT codes,C2766,7287,CCU002_01 Cancer - Phenotypes - England primary care EHR: Cancer diagnosis,PH960,2138,CCU002_01 Cancer,"[{""terminology"": ""SNOMEDCT"", ""code_type"": ""1""}]"
762690000,Classical Hodgkin lymphoma (disorder),SNOMED  CT codes,C2766,7287,CCU002_01 Cancer - Phenotypes - England primary care EHR: Cancer diagnosis,PH960,2138,CCU002_01 Cancer,"[{""terminology"": ""SNOMEDCT"", ""code_type"": ""1""}]"
763477007,Primary lymphoma of conjunctiva (disorder),SNOMED  CT codes,C2766,7287,CCU002_01 Cancer - Phenotypes - England primary care EHR: Cancer diagnosis,PH960,2138,CCU002_01 Cancer,"[{""terminology"": ""SNOMEDCT"", ""code_type"": ""1""}]"
763666008,Splenic marginal zone B-cell lymphoma (disorder),SNOMED  CT codes,C2766,7287,CCU002_01 Cancer - Phenotypes - England primary care EHR: Cancer diagnosis,PH960,2138,CCU002_01 Cancer,"[{""terminology"": ""SNOMEDCT"", ""code_type"": ""1""}]"
764694005,MiT family translocation renal cell carcinoma (disorder),SNOMED  CT codes,C2766,7287,CCU002_01 Cancer - Phenotypes - England primary care EHR: Cancer diagnosis,PH960,2138,CCU002_01 Cancer,"[{""terminology"": ""SNOMEDCT"", ""code_type"": ""1""}]"
766979005,Squamous cell carcinoma of rectum (disorder),SNOMED  CT codes,C2766,7287,CCU002_01 Cancer - Phenotypes - England primary care EHR: Cancer diagnosis,PH960,2138,CCU002_01 Cancer,"[{""terminology"": ""SNOMEDCT"", ""code_type"": ""1""}]"
79268002,"Polyneuropathy, organomegaly, endocrinopathy, monoclonal gammopathy, and skin changes syndrome (disorder)",SNOMED  CT codes,C2766,7287,CCU002_01 Cancer - Phenotypes - England primary care EHR: Cancer diagnosis,PH960,2138,CCU002_01 Cancer,"[{""terminology"": ""SNOMEDCT"", ""code_type"": ""1""}]"
80914001,Anaplasia of cervix (disorder),SNOMED  CT codes,C2766,7287,CCU002_01 Cancer - Phenotypes - England primary care EHR: Cancer diagnosis,PH960,2138,CCU002_01 Cancer,"[{""terminology"": ""SNOMEDCT"", ""code_type"": ""1""}]"
8.13671E+14,Secondary malignant neoplasm of liver and intrahepatic bile duct (disorder),SNOMED  CT codes,C2766,7287,CCU002_01 Cancer - Phenotypes - England primary care EHR: Cancer diagnosis,PH960,2138,CCU002_01 Cancer,"[{""terminology"": ""SNOMEDCT"", ""code_type"": ""1""}]"
8.15361E+14,Acute myeloid leukaemia with 11q23 abnormality (disorder),SNOMED  CT codes,C2766,7287,CCU002_01 Cancer - Phenotypes - England primary care EHR: Cancer diagnosis,PH960,2138,CCU002_01 Cancer,"[{""terminology"": ""SNOMEDCT"", ""code_type"": ""1""}]"
8.20601E+14,Refractory anaemia with multilineage dysplasia (disorder),SNOMED  CT codes,C2766,7287,CCU002_01 Cancer - Phenotypes - England primary care EHR: Cancer diagnosis,PH960,2138,CCU002_01 Cancer,"[{""terminology"": ""SNOMEDCT"", ""code_type"": ""1""}]"
8.29591E+14,Neoadjuvant chemotherapy (procedure),SNOMED  CT codes,C2766,7287,CCU002_01 Cancer - Phenotypes - England primary care EHR: Cancer diagnosis,PH960,2138,CCU002_01 Cancer,"[{""terminology"": ""SNOMEDCT"", ""code_type"": ""1""}]"
83270006,Neoplastic pleural effusion (disorder),SNOMED  CT codes,C2766,7287,CCU002_01 Cancer - Phenotypes - England primary care EHR: Cancer diagnosis,PH960,2138,CCU002_01 Cancer,"[{""terminology"": ""SNOMEDCT"", ""code_type"": ""1""}]"
8.43671E+14,Electrochemotherapy (procedure),SNOMED  CT codes,C2766,7287,CCU002_01 Cancer - Phenotypes - England primary care EHR: Cancer diagnosis,PH960,2138,CCU002_01 Cancer,"[{""terminology"": ""SNOMEDCT"", ""code_type"": ""1""}]"
8.47481E+14,Follicular lymphoma grade 1 (disorder),SNOMED  CT codes,C2766,7287,CCU002_01 Cancer - Phenotypes - England primary care EHR: Cancer diagnosis,PH960,2138,CCU002_01 Cancer,"[{""terminology"": ""SNOMEDCT"", ""code_type"": ""1""}]"
8.47631E+14,Follicular lymphoma grade 2 (disorder),SNOMED  CT codes,C2766,7287,CCU002_01 Cancer - Phenotypes - England primary care EHR: Cancer diagnosis,PH960,2138,CCU002_01 Cancer,"[{""terminology"": ""SNOMEDCT"", ""code_type"": ""1""}]"
8.47651E+14,Follicular lymphoma grade 3 (disorder),SNOMED  CT codes,C2766,7287,CCU002_01 Cancer - Phenotypes - England primary care EHR: Cancer diagnosis,PH960,2138,CCU002_01 Cancer,"[{""terminology"": ""SNOMEDCT"", ""code_type"": ""1""}]"
8.47691E+14,Follicular lymphoma grade 3a (disorder),SNOMED  CT codes,C2766,7287,CCU002_01 Cancer - Phenotypes - England primary care EHR: Cancer diagnosis,PH960,2138,CCU002_01 Cancer,"[{""terminology"": ""SNOMEDCT"", ""code_type"": ""1""}]"
8.47701E+14,Follicular lymphoma grade 3b (disorder),SNOMED  CT codes,C2766,7287,CCU002_01 Cancer - Phenotypes - England primary care EHR: Cancer diagnosis,PH960,2138,CCU002_01 Cancer,"[{""terminology"": ""SNOMEDCT"", ""code_type"": ""1""}]"
8.47741E+14,Diffuse large B-cell lymphoma (disorder),SNOMED  CT codes,C2766,7287,CCU002_01 Cancer - Phenotypes - England primary care EHR: Cancer diagnosis,PH960,2138,CCU002_01 Cancer,"[{""terminology"": ""SNOMEDCT"", ""code_type"": ""1""}]"
8.63741E+14,Clinical stage A chronic lymphocytic leukaemia (disorder),SNOMED  CT codes,C2766,7287,CCU002_01 Cancer - Phenotypes - England primary care EHR: Cancer diagnosis,PH960,2138,CCU002_01 Cancer,"[{""terminology"": ""SNOMEDCT"", ""code_type"": ""1""}]"
8.63761E+14,Clinical stage B chronic lymphocytic leukaemia (disorder),SNOMED  CT codes,C2766,7287,CCU002_01 Cancer - Phenotypes - England primary care EHR: Cancer diagnosis,PH960,2138,CCU002_01 Cancer,"[{""terminology"": ""SNOMEDCT"", ""code_type"": ""1""}]"
8.63781E+14,Clinical stage C chronic lymphocytic leukaemia (disorder),SNOMED  CT codes,C2766,7287,CCU002_01 Cancer - Phenotypes - England primary care EHR: Cancer diagnosis,PH960,2138,CCU002_01 Cancer,"[{""terminology"": ""SNOMEDCT"", ""code_type"": ""1""}]"
87776000,Intra-arterial infusion of antineoplastic agent (procedure),SNOMED  CT codes,C2766,7287,CCU002_01 Cancer - Phenotypes - England primary care EHR: Cancer diagnosis,PH960,2138,CCU002_01 Cancer,"[{""terminology"": ""SNOMEDCT"", ""code_type"": ""1""}]"
8.84601E+14,Bowel scope (flexible sigmoidoscopy) screen: cancer detected (finding),SNOMED  CT codes,C2766,7287,CCU002_01 Cancer - Phenotypes - England primary care EHR: Cancer diagnosis,PH960,2138,CCU002_01 Cancer,"[{""terminology"": ""SNOMEDCT"", ""code_type"": ""1""}]"
9.1151E+13,Primary squamous cell carcinoma of chest wall (disorder),SNOMED  CT codes,C2766,7287,CCU002_01 Cancer - Phenotypes - England primary care EHR: Cancer diagnosis,PH960,2138,CCU002_01 Cancer,"[{""terminology"": ""SNOMEDCT"", ""code_type"": ""1""}]"
9.1281E+13,Secondary adenocarcinoma of bone (disorder),SNOMED  CT codes,C2766,7287,CCU002_01 Cancer - Phenotypes - England primary care EHR: Cancer diagnosis,PH960,2138,CCU002_01 Cancer,"[{""terminology"": ""SNOMEDCT"", ""code_type"": ""1""}]"
91855006,Acute leukemia,SNOMED  CT codes,C2766,7287,CCU002_01 Cancer - Phenotypes - England primary care EHR: Cancer diagnosis,PH960,2138,CCU002_01 Cancer,"[{""terminology"": ""SNOMEDCT"", ""code_type"": ""1""}]"
91857003,Acute lymphoid leukemia,SNOMED  CT codes,C2766,7287,CCU002_01 Cancer - Phenotypes - England primary care EHR: Cancer diagnosis,PH960,2138,CCU002_01 Cancer,"[{""terminology"": ""SNOMEDCT"", ""code_type"": ""1""}]"
91861009,Acute myeloid leukemia,SNOMED  CT codes,C2766,7287,CCU002_01 Cancer - Phenotypes - England primary care EHR: Cancer diagnosis,PH960,2138,CCU002_01 Cancer,"[{""terminology"": ""SNOMEDCT"", ""code_type"": ""1""}]"
92754004,Carcinoma in situ of spleen (disorder),SNOMED  CT codes,C2766,7287,CCU002_01 Cancer - Phenotypes - England primary care EHR: Cancer diagnosis,PH960,2138,CCU002_01 Cancer,"[{""terminology"": ""SNOMEDCT"", ""code_type"": ""1""}]"
92767001,Carcinoma in situ of thyroid gland (disorder),SNOMED  CT codes,C2766,7287,CCU002_01 Cancer - Phenotypes - England primary care EHR: Cancer diagnosis,PH960,2138,CCU002_01 Cancer,"[{""terminology"": ""SNOMEDCT"", ""code_type"": ""1""}]"
92812005,Chronic leukemia,SNOMED  CT codes,C2766,7287,CCU002_01 Cancer - Phenotypes - England primary care EHR: Cancer diagnosis,PH960,2138,CCU002_01 Cancer,"[{""terminology"": ""SNOMEDCT"", ""code_type"": ""1""}]"
92814006,Chronic lymphoid leukemia,SNOMED  CT codes,C2766,7287,CCU002_01 Cancer - Phenotypes - England primary care EHR: Cancer diagnosis,PH960,2138,CCU002_01 Cancer,"[{""terminology"": ""SNOMEDCT"", ""code_type"": ""1""}]"
92818009,Chronic myeloid leukemia,SNOMED  CT codes,C2766,7287,CCU002_01 Cancer - Phenotypes - England primary care EHR: Cancer diagnosis,PH960,2138,CCU002_01 Cancer,"[{""terminology"": ""SNOMEDCT"", ""code_type"": ""1""}]"
93133006,Letterer-Siwe disease of intra-abdominal lymph nodes (disorder),SNOMED  CT codes,C2766,7287,CCU002_01 Cancer - Phenotypes - England primary care EHR: Cancer diagnosis,PH960,2138,CCU002_01 Cancer,"[{""terminology"": ""SNOMEDCT"", ""code_type"": ""1""}]"
93135004,Letterer-Siwe disease of intrathoracic lymph nodes,SNOMED  CT codes,C2766,7287,CCU002_01 Cancer - Phenotypes - England primary care EHR: Cancer diagnosis,PH960,2138,CCU002_01 Cancer,"[{""terminology"": ""SNOMEDCT"", ""code_type"": ""1""}]"
93137007,"Letterer-Siwe disease of lymph nodes of head, face AND/OR neck (disorder)",SNOMED  CT codes,C2766,7287,CCU002_01 Cancer - Phenotypes - England primary care EHR: Cancer diagnosis,PH960,2138,CCU002_01 Cancer,"[{""terminology"": ""SNOMEDCT"", ""code_type"": ""1""}]"
93138002,Letterer-Siwe disease of lymph nodes of inguinal region AND/OR lower limb (disorder),SNOMED  CT codes,C2766,7287,CCU002_01 Cancer - Phenotypes - England primary care EHR: Cancer diagnosis,PH960,2138,CCU002_01 Cancer,"[{""terminology"": ""SNOMEDCT"", ""code_type"": ""1""}]"
93139005,Letterer-Siwe disease of lymph nodes of multiple sites,SNOMED  CT codes,C2766,7287,CCU002_01 Cancer - Phenotypes - England primary care EHR: Cancer diagnosis,PH960,2138,CCU002_01 Cancer,"[{""terminology"": ""SNOMEDCT"", ""code_type"": ""1""}]"
93140007,Letterer-Siwe disease of spleen (disorder),SNOMED  CT codes,C2766,7287,CCU002_01 Cancer - Phenotypes - England primary care EHR: Cancer diagnosis,PH960,2138,CCU002_01 Cancer,"[{""terminology"": ""SNOMEDCT"", ""code_type"": ""1""}]"
93143009,Leukaemia,SNOMED  CT codes,C2766,7287,CCU002_01 Cancer - Phenotypes - England primary care EHR: Cancer diagnosis,PH960,2138,CCU002_01 Cancer,"[{""terminology"": ""SNOMEDCT"", ""code_type"": ""1""}]"
93146001,Leukemic reticuloendotheliosis of intrathoracic lymph nodes,SNOMED  CT codes,C2766,7287,CCU002_01 Cancer - Phenotypes - England primary care EHR: Cancer diagnosis,PH960,2138,CCU002_01 Cancer,"[{""terminology"": ""SNOMEDCT"", ""code_type"": ""1""}]"
93182006,Malignant histiocytosis of intra-abdominal lymph nodes,SNOMED  CT codes,C2766,7287,CCU002_01 Cancer - Phenotypes - England primary care EHR: Cancer diagnosis,PH960,2138,CCU002_01 Cancer,"[{""terminology"": ""SNOMEDCT"", ""code_type"": ""1""}]"
93183001,Malignant histiocytosis of intrapelvic lymph nodes (disorder),SNOMED  CT codes,C2766,7287,CCU002_01 Cancer - Phenotypes - England primary care EHR: Cancer diagnosis,PH960,2138,CCU002_01 Cancer,"[{""terminology"": ""SNOMEDCT"", ""code_type"": ""1""}]"
93184007,Malignant histiocytosis of intrathoracic lymph nodes (disorder),SNOMED  CT codes,C2766,7287,CCU002_01 Cancer - Phenotypes - England primary care EHR: Cancer diagnosis,PH960,2138,CCU002_01 Cancer,"[{""terminology"": ""SNOMEDCT"", ""code_type"": ""1""}]"
93188005,Malignant histiocytosis of lymph nodes of multiple sites (disorder),SNOMED  CT codes,C2766,7287,CCU002_01 Cancer - Phenotypes - England primary care EHR: Cancer diagnosis,PH960,2138,CCU002_01 Cancer,"[{""terminology"": ""SNOMEDCT"", ""code_type"": ""1""}]"
93189002,Malignant histiocytosis of spleen (disorder),SNOMED  CT codes,C2766,7287,CCU002_01 Cancer - Phenotypes - England primary care EHR: Cancer diagnosis,PH960,2138,CCU002_01 Cancer,"[{""terminology"": ""SNOMEDCT"", ""code_type"": ""1""}]"
93191005,Malignant lymphoma of intra-abdominal lymph nodes,SNOMED  CT codes,C2766,7287,CCU002_01 Cancer - Phenotypes - England primary care EHR: Cancer diagnosis,PH960,2138,CCU002_01 Cancer,"[{""terminology"": ""SNOMEDCT"", ""code_type"": ""1""}]"
93192003,Malignant lymphoma of intrapelvic lymph nodes,SNOMED  CT codes,C2766,7287,CCU002_01 Cancer - Phenotypes - England primary care EHR: Cancer diagnosis,PH960,2138,CCU002_01 Cancer,"[{""terminology"": ""SNOMEDCT"", ""code_type"": ""1""}]"
93193008,Malignant lymphoma of intrathoracic lymph nodes,SNOMED  CT codes,C2766,7287,CCU002_01 Cancer - Phenotypes - England primary care EHR: Cancer diagnosis,PH960,2138,CCU002_01 Cancer,"[{""terminology"": ""SNOMEDCT"", ""code_type"": ""1""}]"
93194002,Malignant lymphoma of lymph nodes of axilla AND/OR upper limb,SNOMED  CT codes,C2766,7287,CCU002_01 Cancer - Phenotypes - England primary care EHR: Cancer diagnosis,PH960,2138,CCU002_01 Cancer,"[{""terminology"": ""SNOMEDCT"", ""code_type"": ""1""}]"
93195001,"Malignant lymphoma of lymph nodes of head, face AND/OR neck",SNOMED  CT codes,C2766,7287,CCU002_01 Cancer - Phenotypes - England primary care EHR: Cancer diagnosis,PH960,2138,CCU002_01 Cancer,"[{""terminology"": ""SNOMEDCT"", ""code_type"": ""1""}]"
93196000,Malignant lymphoma of lymph nodes of inguinal region AND/OR lower limb,SNOMED  CT codes,C2766,7287,CCU002_01 Cancer - Phenotypes - England primary care EHR: Cancer diagnosis,PH960,2138,CCU002_01 Cancer,"[{""terminology"": ""SNOMEDCT"", ""code_type"": ""1""}]"
93197009,Malignant lymphoma of lymph nodes of multiple sites,SNOMED  CT codes,C2766,7287,CCU002_01 Cancer - Phenotypes - England primary care EHR: Cancer diagnosis,PH960,2138,CCU002_01 Cancer,"[{""terminology"": ""SNOMEDCT"", ""code_type"": ""1""}]"
93198004,Malignant lymphoma of spleen,SNOMED  CT codes,C2766,7287,CCU002_01 Cancer - Phenotypes - England primary care EHR: Cancer diagnosis,PH960,2138,CCU002_01 Cancer,"[{""terminology"": ""SNOMEDCT"", ""code_type"": ""1""}]"
93209006,Malignant melanoma of perianal skin (disorder),SNOMED  CT codes,C2766,7287,CCU002_01 Cancer - Phenotypes - England primary care EHR: Cancer diagnosis,PH960,2138,CCU002_01 Cancer,"[{""terminology"": ""SNOMEDCT"", ""code_type"": ""1""}]"
93210001,Malignant melanoma of skin of abdomen (disorder),SNOMED  CT codes,C2766,7287,CCU002_01 Cancer - Phenotypes - England primary care EHR: Cancer diagnosis,PH960,2138,CCU002_01 Cancer,"[{""terminology"": ""SNOMEDCT"", ""code_type"": ""1""}]"
93217003,Malignant melanoma of skin of cheek,SNOMED  CT codes,C2766,7287,CCU002_01 Cancer - Phenotypes - England primary care EHR: Cancer diagnosis,PH960,2138,CCU002_01 Cancer,"[{""terminology"": ""SNOMEDCT"", ""code_type"": ""1""}]"
93223008,Malignant melanoma of skin of eyebrow,SNOMED  CT codes,C2766,7287,CCU002_01 Cancer - Phenotypes - England primary care EHR: Cancer diagnosis,PH960,2138,CCU002_01 Cancer,"[{""terminology"": ""SNOMEDCT"", ""code_type"": ""1""}]"
93225001,Malignant melanoma of skin of face,SNOMED  CT codes,C2766,7287,CCU002_01 Cancer - Phenotypes - England primary care EHR: Cancer diagnosis,PH960,2138,CCU002_01 Cancer,"[{""terminology"": ""SNOMEDCT"", ""code_type"": ""1""}]"
93230002,Malignant melanoma of skin of groin (disorder),SNOMED  CT codes,C2766,7287,CCU002_01 Cancer - Phenotypes - England primary care EHR: Cancer diagnosis,PH960,2138,CCU002_01 Cancer,"[{""terminology"": ""SNOMEDCT"", ""code_type"": ""1""}]"
93451002,Erythroleukaemia,SNOMED  CT codes,C2766,7287,CCU002_01 Cancer - Phenotypes - England primary care EHR: Cancer diagnosis,PH960,2138,CCU002_01 Cancer,"[{""terminology"": ""SNOMEDCT"", ""code_type"": ""1""}]"
93493001,"Hodgkin's disease, lymphocytic-histiocytic predominance of intra-abdominal lymph nodes",SNOMED  CT codes,C2766,7287,CCU002_01 Cancer - Phenotypes - England primary care EHR: Cancer diagnosis,PH960,2138,CCU002_01 Cancer,"[{""terminology"": ""SNOMEDCT"", ""code_type"": ""1""}]"
93494007,"Hodgkin's disease, lymphocytic-histiocytic predominance of intrapelvic lymph nodes",SNOMED  CT codes,C2766,7287,CCU002_01 Cancer - Phenotypes - England primary care EHR: Cancer diagnosis,PH960,2138,CCU002_01 Cancer,"[{""terminology"": ""SNOMEDCT"", ""code_type"": ""1""}]"
93495008,"Hodgkin's disease, lymphocytic-histiocytic predominance of intrathoracic lymph nodes",SNOMED  CT codes,C2766,7287,CCU002_01 Cancer - Phenotypes - England primary care EHR: Cancer diagnosis,PH960,2138,CCU002_01 Cancer,"[{""terminology"": ""SNOMEDCT"", ""code_type"": ""1""}]"
93518009,"Hodgkin's disease, nodular sclerosis of spleen (disorder)",SNOMED  CT codes,C2766,7287,CCU002_01 Cancer - Phenotypes - England primary care EHR: Cancer diagnosis,PH960,2138,CCU002_01 Cancer,"[{""terminology"": ""SNOMEDCT"", ""code_type"": ""1""}]"
93520007,Hodgkin's disease of intra-abdominal lymph nodes (disorder),SNOMED  CT codes,C2766,7287,CCU002_01 Cancer - Phenotypes - England primary care EHR: Cancer diagnosis,PH960,2138,CCU002_01 Cancer,"[{""terminology"": ""SNOMEDCT"", ""code_type"": ""1""}]"
93521006,Hodgkin's disease of intrapelvic lymph nodes (disorder),SNOMED  CT codes,C2766,7287,CCU002_01 Cancer - Phenotypes - England primary care EHR: Cancer diagnosis,PH960,2138,CCU002_01 Cancer,"[{""terminology"": ""SNOMEDCT"", ""code_type"": ""1""}]"
93522004,Hodgkin's disease of intrathoracic lymph nodes,SNOMED  CT codes,C2766,7287,CCU002_01 Cancer - Phenotypes - England primary care EHR: Cancer diagnosis,PH960,2138,CCU002_01 Cancer,"[{""terminology"": ""SNOMEDCT"", ""code_type"": ""1""}]"
93523009,Hodgkin's disease of lymph nodes of axilla AND/OR upper limb,SNOMED  CT codes,C2766,7287,CCU002_01 Cancer - Phenotypes - England primary care EHR: Cancer diagnosis,PH960,2138,CCU002_01 Cancer,"[{""terminology"": ""SNOMEDCT"", ""code_type"": ""1""}]"
93524003,"Hodgkin's disease of lymph nodes of head, face AND/OR neck",SNOMED  CT codes,C2766,7287,CCU002_01 Cancer - Phenotypes - England primary care EHR: Cancer diagnosis,PH960,2138,CCU002_01 Cancer,"[{""terminology"": ""SNOMEDCT"", ""code_type"": ""1""}]"
93525002,Hodgkin's disease of lymph nodes of inguinal region AND/OR lower limb,SNOMED  CT codes,C2766,7287,CCU002_01 Cancer - Phenotypes - England primary care EHR: Cancer diagnosis,PH960,2138,CCU002_01 Cancer,"[{""terminology"": ""SNOMEDCT"", ""code_type"": ""1""}]"
93526001,Hodgkin's disease of lymph nodes of multiple sites,SNOMED  CT codes,C2766,7287,CCU002_01 Cancer - Phenotypes - England primary care EHR: Cancer diagnosis,PH960,2138,CCU002_01 Cancer,"[{""terminology"": ""SNOMEDCT"", ""code_type"": ""1""}]"
93527005,Hodgkin's disease of spleen,SNOMED  CT codes,C2766,7287,CCU002_01 Cancer - Phenotypes - England primary care EHR: Cancer diagnosis,PH960,2138,CCU002_01 Cancer,"[{""terminology"": ""SNOMEDCT"", ""code_type"": ""1""}]"
93531004,Hodgkin's granuloma of intrathoracic lymph nodes (disorder),SNOMED  CT codes,C2766,7287,CCU002_01 Cancer - Phenotypes - England primary care EHR: Cancer diagnosis,PH960,2138,CCU002_01 Cancer,"[{""terminology"": ""SNOMEDCT"", ""code_type"": ""1""}]"
93536009,Hodgkin's granuloma of spleen (disorder),SNOMED  CT codes,C2766,7287,CCU002_01 Cancer - Phenotypes - England primary care EHR: Cancer diagnosis,PH960,2138,CCU002_01 Cancer,"[{""terminology"": ""SNOMEDCT"", ""code_type"": ""1""}]"
93541001,Hodgkin's paragranuloma of lymph nodes of axilla AND/OR upper limb (disorder),SNOMED  CT codes,C2766,7287,CCU002_01 Cancer - Phenotypes - England primary care EHR: Cancer diagnosis,PH960,2138,CCU002_01 Cancer,"[{""terminology"": ""SNOMEDCT"", ""code_type"": ""1""}]"
93542008,"Hodgkin's paragranuloma of lymph nodes of head, face AND/OR neck",SNOMED  CT codes,C2766,7287,CCU002_01 Cancer - Phenotypes - England primary care EHR: Cancer diagnosis,PH960,2138,CCU002_01 Cancer,"[{""terminology"": ""SNOMEDCT"", ""code_type"": ""1""}]"
93545005,Hodgkin's paragranuloma of spleen (disorder),SNOMED  CT codes,C2766,7287,CCU002_01 Cancer - Phenotypes - England primary care EHR: Cancer diagnosis,PH960,2138,CCU002_01 Cancer,"[{""terminology"": ""SNOMEDCT"", ""code_type"": ""1""}]"
93547002,Hodgkin's sarcoma of intra-abdominal lymph nodes (disorder),SNOMED  CT codes,C2766,7287,CCU002_01 Cancer - Phenotypes - England primary care EHR: Cancer diagnosis,PH960,2138,CCU002_01 Cancer,"[{""terminology"": ""SNOMEDCT"", ""code_type"": ""1""}]"
93549004,Hodgkin's sarcoma of intrathoracic lymph nodes (disorder),SNOMED  CT codes,C2766,7287,CCU002_01 Cancer - Phenotypes - England primary care EHR: Cancer diagnosis,PH960,2138,CCU002_01 Cancer,"[{""terminology"": ""SNOMEDCT"", ""code_type"": ""1""}]"
93643005,Malignant melanoma of skin of nose,SNOMED  CT codes,C2766,7287,CCU002_01 Cancer - Phenotypes - England primary care EHR: Cancer diagnosis,PH960,2138,CCU002_01 Cancer,"[{""terminology"": ""SNOMEDCT"", ""code_type"": ""1""}]"
93647006,Malignant melanoma of skin of shoulder (disorder),SNOMED  CT codes,C2766,7287,CCU002_01 Cancer - Phenotypes - England primary care EHR: Cancer diagnosis,PH960,2138,CCU002_01 Cancer,"[{""terminology"": ""SNOMEDCT"", ""code_type"": ""1""}]"
93651008,Malignant melanoma of skin of trunk,SNOMED  CT codes,C2766,7287,CCU002_01 Cancer - Phenotypes - England primary care EHR: Cancer diagnosis,PH960,2138,CCU002_01 Cancer,"[{""terminology"": ""SNOMEDCT"", ""code_type"": ""1""}]"
93655004,Malignant melanoma of skin,SNOMED  CT codes,C2766,7287,CCU002_01 Cancer - Phenotypes - England primary care EHR: Cancer diagnosis,PH960,2138,CCU002_01 Cancer,"[{""terminology"": ""SNOMEDCT"", ""code_type"": ""1""}]"
93661001,Primary malignant neoplasm of acromion (disorder),SNOMED  CT codes,C2766,7287,CCU002_01 Cancer - Phenotypes - England primary care EHR: Cancer diagnosis,PH960,2138,CCU002_01 Cancer,"[{""terminology"": ""SNOMEDCT"", ""code_type"": ""1""}]"
93665005,Primary malignant neoplasm of adrenal gland (disorder),SNOMED  CT codes,C2766,7287,CCU002_01 Cancer - Phenotypes - England primary care EHR: Cancer diagnosis,PH960,2138,CCU002_01 Cancer,"[{""terminology"": ""SNOMEDCT"", ""code_type"": ""1""}]"
93669004,Primary malignant neoplasm of anal canal (disorder),SNOMED  CT codes,C2766,7287,CCU002_01 Cancer - Phenotypes - England primary care EHR: Cancer diagnosis,PH960,2138,CCU002_01 Cancer,"[{""terminology"": ""SNOMEDCT"", ""code_type"": ""1""}]"
93676009,Primary malignant neoplasm of anus (disorder),SNOMED  CT codes,C2766,7287,CCU002_01 Cancer - Phenotypes - England primary care EHR: Cancer diagnosis,PH960,2138,CCU002_01 Cancer,"[{""terminology"": ""SNOMEDCT"", ""code_type"": ""1""}]"
93677000,Malignant neoplasm of aortic body,SNOMED  CT codes,C2766,7287,CCU002_01 Cancer - Phenotypes - England primary care EHR: Cancer diagnosis,PH960,2138,CCU002_01 Cancer,"[{""terminology"": ""SNOMEDCT"", ""code_type"": ""1""}]"
93679002,Primary malignant neoplasm of appendix (disorder),SNOMED  CT codes,C2766,7287,CCU002_01 Cancer - Phenotypes - England primary care EHR: Cancer diagnosis,PH960,2138,CCU002_01 Cancer,"[{""terminology"": ""SNOMEDCT"", ""code_type"": ""1""}]"
93680004,Malignant neoplasm of areola of female breast,SNOMED  CT codes,C2766,7287,CCU002_01 Cancer - Phenotypes - England primary care EHR: Cancer diagnosis,PH960,2138,CCU002_01 Cancer,"[{""terminology"": ""SNOMEDCT"", ""code_type"": ""1""}]"
93681000,Malignant neoplasm of areola of male breast,SNOMED  CT codes,C2766,7287,CCU002_01 Cancer - Phenotypes - England primary care EHR: Cancer diagnosis,PH960,2138,CCU002_01 Cancer,"[{""terminology"": ""SNOMEDCT"", ""code_type"": ""1""}]"
93683002,Primary malignant neoplasm of ascending colon (disorder),SNOMED  CT codes,C2766,7287,CCU002_01 Cancer - Phenotypes - England primary care EHR: Cancer diagnosis,PH960,2138,CCU002_01 Cancer,"[{""terminology"": ""SNOMEDCT"", ""code_type"": ""1""}]"
93687001,Primary malignant neoplasm of base of tongue (disorder),SNOMED  CT codes,C2766,7287,CCU002_01 Cancer - Phenotypes - England primary care EHR: Cancer diagnosis,PH960,2138,CCU002_01 Cancer,"[{""terminology"": ""SNOMEDCT"", ""code_type"": ""1""}]"
93689003,Primary malignant neoplasm of bladder (disorder),SNOMED  CT codes,C2766,7287,CCU002_01 Cancer - Phenotypes - England primary care EHR: Cancer diagnosis,PH960,2138,CCU002_01 Cancer,"[{""terminology"": ""SNOMEDCT"", ""code_type"": ""1""}]"
93725000,Malignant neoplasm of bone,SNOMED  CT codes,C2766,7287,CCU002_01 Cancer - Phenotypes - England primary care EHR: Cancer diagnosis,PH960,2138,CCU002_01 Cancer,"[{""terminology"": ""SNOMEDCT"", ""code_type"": ""1""}]"
93727008,Primary malignant neoplasm of brain (disorder),SNOMED  CT codes,C2766,7287,CCU002_01 Cancer - Phenotypes - England primary care EHR: Cancer diagnosis,PH960,2138,CCU002_01 Cancer,"[{""terminology"": ""SNOMEDCT"", ""code_type"": ""1""}]"
93728003,Malignant neoplasm of broad ligament,SNOMED  CT codes,C2766,7287,CCU002_01 Cancer - Phenotypes - England primary care EHR: Cancer diagnosis,PH960,2138,CCU002_01 Cancer,"[{""terminology"": ""SNOMEDCT"", ""code_type"": ""1""}]"
93734005,Primary malignant neoplasm of bronchus (disorder),SNOMED  CT codes,C2766,7287,CCU002_01 Cancer - Phenotypes - England primary care EHR: Cancer diagnosis,PH960,2138,CCU002_01 Cancer,"[{""terminology"": ""SNOMEDCT"", ""code_type"": ""1""}]"
93745008,Primary malignant neoplasm of central portion of female breast (disorder),SNOMED  CT codes,C2766,7287,CCU002_01 Cancer - Phenotypes - England primary care EHR: Cancer diagnosis,PH960,2138,CCU002_01 Cancer,"[{""terminology"": ""SNOMEDCT"", ""code_type"": ""1""}]"
93746009,Malignant neoplasm of cerebellum,SNOMED  CT codes,C2766,7287,CCU002_01 Cancer - Phenotypes - England primary care EHR: Cancer diagnosis,PH960,2138,CCU002_01 Cancer,"[{""terminology"": ""SNOMEDCT"", ""code_type"": ""1""}]"
93753000,Primary malignant neoplasm of cheek (disorder),SNOMED  CT codes,C2766,7287,CCU002_01 Cancer - Phenotypes - England primary care EHR: Cancer diagnosis,PH960,2138,CCU002_01 Cancer,"[{""terminology"": ""SNOMEDCT"", ""code_type"": ""1""}]"
93757004,Malignant neoplasm of clavicle,SNOMED  CT codes,C2766,7287,CCU002_01 Cancer - Phenotypes - England primary care EHR: Cancer diagnosis,PH960,2138,CCU002_01 Cancer,"[{""terminology"": ""SNOMEDCT"", ""code_type"": ""1""}]"
93759001,Malignant neoplasm of coccygeal body,SNOMED  CT codes,C2766,7287,CCU002_01 Cancer - Phenotypes - England primary care EHR: Cancer diagnosis,PH960,2138,CCU002_01 Cancer,"[{""terminology"": ""SNOMEDCT"", ""code_type"": ""1""}]"
93761005,Primary malignant neoplasm of colon (disorder),SNOMED  CT codes,C2766,7287,CCU002_01 Cancer - Phenotypes - England primary care EHR: Cancer diagnosis,PH960,2138,CCU002_01 Cancer,"[{""terminology"": ""SNOMEDCT"", ""code_type"": ""1""}]"
93763008,Malignant neoplasm of common bile duct,SNOMED  CT codes,C2766,7287,CCU002_01 Cancer - Phenotypes - England primary care EHR: Cancer diagnosis,PH960,2138,CCU002_01 Cancer,"[{""terminology"": ""SNOMEDCT"", ""code_type"": ""1""}]"
93769007,Primary malignant neoplasm of cuboid (disorder),SNOMED  CT codes,C2766,7287,CCU002_01 Cancer - Phenotypes - England primary care EHR: Cancer diagnosis,PH960,2138,CCU002_01 Cancer,"[{""terminology"": ""SNOMEDCT"", ""code_type"": ""1""}]"
93770008,Malignant neoplasm of cystic duct,SNOMED  CT codes,C2766,7287,CCU002_01 Cancer - Phenotypes - England primary care EHR: Cancer diagnosis,PH960,2138,CCU002_01 Cancer,"[{""terminology"": ""SNOMEDCT"", ""code_type"": ""1""}]"
93771007,Primary malignant neoplasm of descending colon (disorder),SNOMED  CT codes,C2766,7287,CCU002_01 Cancer - Phenotypes - England primary care EHR: Cancer diagnosis,PH960,2138,CCU002_01 Cancer,"[{""terminology"": ""SNOMEDCT"", ""code_type"": ""1""}]"
93772000,Malignant neoplasm of diaphragm,SNOMED  CT codes,C2766,7287,CCU002_01 Cancer - Phenotypes - England primary care EHR: Cancer diagnosis,PH960,2138,CCU002_01 Cancer,"[{""terminology"": ""SNOMEDCT"", ""code_type"": ""1""}]"
93775003,Primary malignant neoplasm of duodenum (disorder),SNOMED  CT codes,C2766,7287,CCU002_01 Cancer - Phenotypes - England primary care EHR: Cancer diagnosis,PH960,2138,CCU002_01 Cancer,"[{""terminology"": ""SNOMEDCT"", ""code_type"": ""1""}]"
93779009,Malignant neoplasm of endocervix,SNOMED  CT codes,C2766,7287,CCU002_01 Cancer - Phenotypes - England primary care EHR: Cancer diagnosis,PH960,2138,CCU002_01 Cancer,"[{""terminology"": ""SNOMEDCT"", ""code_type"": ""1""}]"
93781006,Primary malignant neoplasm of endometrium (disorder),SNOMED  CT codes,C2766,7287,CCU002_01 Cancer - Phenotypes - England primary care EHR: Cancer diagnosis,PH960,2138,CCU002_01 Cancer,"[{""terminology"": ""SNOMEDCT"", ""code_type"": ""1""}]"
93782004,Primary malignant neoplasm of epicardium (disorder),SNOMED  CT codes,C2766,7287,CCU002_01 Cancer - Phenotypes - England primary care EHR: Cancer diagnosis,PH960,2138,CCU002_01 Cancer,"[{""terminology"": ""SNOMEDCT"", ""code_type"": ""1""}]"
93784003,Primary malignant neoplasm of epiglottis (disorder),SNOMED  CT codes,C2766,7287,CCU002_01 Cancer - Phenotypes - England primary care EHR: Cancer diagnosis,PH960,2138,CCU002_01 Cancer,"[{""terminology"": ""SNOMEDCT"", ""code_type"": ""1""}]"
93786001,Malignant neoplasm of ethmoid bone,SNOMED  CT codes,C2766,7287,CCU002_01 Cancer - Phenotypes - England primary care EHR: Cancer diagnosis,PH960,2138,CCU002_01 Cancer,"[{""terminology"": ""SNOMEDCT"", ""code_type"": ""1""}]"
93789008,Malignant neoplasm of exocervix,SNOMED  CT codes,C2766,7287,CCU002_01 Cancer - Phenotypes - England primary care EHR: Cancer diagnosis,PH960,2138,CCU002_01 Cancer,"[{""terminology"": ""SNOMEDCT"", ""code_type"": ""1""}]"
93796005,Primary malignant neoplasm of female breast (disorder),SNOMED  CT codes,C2766,7287,CCU002_01 Cancer - Phenotypes - England primary care EHR: Cancer diagnosis,PH960,2138,CCU002_01 Cancer,"[{""terminology"": ""SNOMEDCT"", ""code_type"": ""1""}]"
93798006,Malignant neoplasm of femur,SNOMED  CT codes,C2766,7287,CCU002_01 Cancer - Phenotypes - England primary care EHR: Cancer diagnosis,PH960,2138,CCU002_01 Cancer,"[{""terminology"": ""SNOMEDCT"", ""code_type"": ""1""}]"
93799003,Malignant neoplasm of fibula,SNOMED  CT codes,C2766,7287,CCU002_01 Cancer - Phenotypes - England primary care EHR: Cancer diagnosis,PH960,2138,CCU002_01 Cancer,"[{""terminology"": ""SNOMEDCT"", ""code_type"": ""1""}]"
93806005,Malignant neoplasm of frontal bone,SNOMED  CT codes,C2766,7287,CCU002_01 Cancer - Phenotypes - England primary care EHR: Cancer diagnosis,PH960,2138,CCU002_01 Cancer,"[{""terminology"": ""SNOMEDCT"", ""code_type"": ""1""}]"
93814004,Malignant neoplasm of glomus jugulare,SNOMED  CT codes,C2766,7287,CCU002_01 Cancer - Phenotypes - England primary care EHR: Cancer diagnosis,PH960,2138,CCU002_01 Cancer,"[{""terminology"": ""SNOMEDCT"", ""code_type"": ""1""}]"
93817006,Malignant neoplasm of great vessels,SNOMED  CT codes,C2766,7287,CCU002_01 Cancer - Phenotypes - England primary care EHR: Cancer diagnosis,PH960,2138,CCU002_01 Cancer,"[{""terminology"": ""SNOMEDCT"", ""code_type"": ""1""}]"
93827000,Malignant neoplasm of hilus of lung,SNOMED  CT codes,C2766,7287,CCU002_01 Cancer - Phenotypes - England primary care EHR: Cancer diagnosis,PH960,2138,CCU002_01 Cancer,"[{""terminology"": ""SNOMEDCT"", ""code_type"": ""1""}]"
93833009,Malignant neoplasm of ilium,SNOMED  CT codes,C2766,7287,CCU002_01 Cancer - Phenotypes - England primary care EHR: Cancer diagnosis,PH960,2138,CCU002_01 Cancer,"[{""terminology"": ""SNOMEDCT"", ""code_type"": ""1""}]"
93841009,Malignant neoplasm of intrathoracic organs,SNOMED  CT codes,C2766,7287,CCU002_01 Cancer - Phenotypes - England primary care EHR: Cancer diagnosis,PH960,2138,CCU002_01 Cancer,"[{""terminology"": ""SNOMEDCT"", ""code_type"": ""1""}]"
93842002,Malignant neoplasm of ischium,SNOMED  CT codes,C2766,7287,CCU002_01 Cancer - Phenotypes - England primary care EHR: Cancer diagnosis,PH960,2138,CCU002_01 Cancer,"[{""terminology"": ""SNOMEDCT"", ""code_type"": ""1""}]"
93849006,Primary malignant neoplasm of kidney (disorder),SNOMED  CT codes,C2766,7287,CCU002_01 Cancer - Phenotypes - England primary care EHR: Cancer diagnosis,PH960,2138,CCU002_01 Cancer,"[{""terminology"": ""SNOMEDCT"", ""code_type"": ""1""}]"
93870000,Malignant neoplasm of liver,SNOMED  CT codes,C2766,7287,CCU002_01 Cancer - Phenotypes - England primary care EHR: Cancer diagnosis,PH960,2138,CCU002_01 Cancer,"[{""terminology"": ""SNOMEDCT"", ""code_type"": ""1""}]"
93880001,Malignant neoplasm of lung,SNOMED  CT codes,C2766,7287,CCU002_01 Cancer - Phenotypes - England primary care EHR: Cancer diagnosis,PH960,2138,CCU002_01 Cancer,"[{""terminology"": ""SNOMEDCT"", ""code_type"": ""1""}]"
93884005,Malignant neoplasm of male breast,SNOMED  CT codes,C2766,7287,CCU002_01 Cancer - Phenotypes - England primary care EHR: Cancer diagnosis,PH960,2138,CCU002_01 Cancer,"[{""terminology"": ""SNOMEDCT"", ""code_type"": ""1""}]"
93888008,Malignant neoplasm of maxilla,SNOMED  CT codes,C2766,7287,CCU002_01 Cancer - Phenotypes - England primary care EHR: Cancer diagnosis,PH960,2138,CCU002_01 Cancer,"[{""terminology"": ""SNOMEDCT"", ""code_type"": ""1""}]"
93889000,Primary malignant neoplasm of maxillary sinus (disorder),SNOMED  CT codes,C2766,7287,CCU002_01 Cancer - Phenotypes - England primary care EHR: Cancer diagnosis,PH960,2138,CCU002_01 Cancer,"[{""terminology"": ""SNOMEDCT"", ""code_type"": ""1""}]"
93916003,Malignant neoplasm of nasal bone,SNOMED  CT codes,C2766,7287,CCU002_01 Cancer - Phenotypes - England primary care EHR: Cancer diagnosis,PH960,2138,CCU002_01 Cancer,"[{""terminology"": ""SNOMEDCT"", ""code_type"": ""1""}]"
93924008,Malignant neoplasm of nipple of female breast,SNOMED  CT codes,C2766,7287,CCU002_01 Cancer - Phenotypes - England primary care EHR: Cancer diagnosis,PH960,2138,CCU002_01 Cancer,"[{""terminology"": ""SNOMEDCT"", ""code_type"": ""1""}]"
93925009,Malignant neoplasm of nipple of male breast,SNOMED  CT codes,C2766,7287,CCU002_01 Cancer - Phenotypes - England primary care EHR: Cancer diagnosis,PH960,2138,CCU002_01 Cancer,"[{""terminology"": ""SNOMEDCT"", ""code_type"": ""1""}]"
93927001,Malignant neoplasm of occipital bone,SNOMED  CT codes,C2766,7287,CCU002_01 Cancer - Phenotypes - England primary care EHR: Cancer diagnosis,PH960,2138,CCU002_01 Cancer,"[{""terminology"": ""SNOMEDCT"", ""code_type"": ""1""}]"
93933005,Primary malignant neoplasm of oropharynx (disorder),SNOMED  CT codes,C2766,7287,CCU002_01 Cancer - Phenotypes - England primary care EHR: Cancer diagnosis,PH960,2138,CCU002_01 Cancer,"[{""terminology"": ""SNOMEDCT"", ""code_type"": ""1""}]"
93934004,Primary malignant neoplasm of ovary (disorder),SNOMED  CT codes,C2766,7287,CCU002_01 Cancer - Phenotypes - England primary care EHR: Cancer diagnosis,PH960,2138,CCU002_01 Cancer,"[{""terminology"": ""SNOMEDCT"", ""code_type"": ""1""}]"
93941005,Malignant neoplasm of paraganglion,SNOMED  CT codes,C2766,7287,CCU002_01 Cancer - Phenotypes - England primary care EHR: Cancer diagnosis,PH960,2138,CCU002_01 Cancer,"[{""terminology"": ""SNOMEDCT"", ""code_type"": ""1""}]"
93945001,Malignant neoplasm of parietal bone,SNOMED  CT codes,C2766,7287,CCU002_01 Cancer - Phenotypes - England primary care EHR: Cancer diagnosis,PH960,2138,CCU002_01 Cancer,"[{""terminology"": ""SNOMEDCT"", ""code_type"": ""1""}]"
93947009,Malignant neoplasm of parietal peritoneum,SNOMED  CT codes,C2766,7287,CCU002_01 Cancer - Phenotypes - England primary care EHR: Cancer diagnosis,PH960,2138,CCU002_01 Cancer,"[{""terminology"": ""SNOMEDCT"", ""code_type"": ""1""}]"
93950007,Primary malignant neoplasm of patella (disorder),SNOMED  CT codes,C2766,7287,CCU002_01 Cancer - Phenotypes - England primary care EHR: Cancer diagnosis,PH960,2138,CCU002_01 Cancer,"[{""terminology"": ""SNOMEDCT"", ""code_type"": ""1""}]"
93952004,Malignant neoplasm of pelvic peritoneum,SNOMED  CT codes,C2766,7287,CCU002_01 Cancer - Phenotypes - England primary care EHR: Cancer diagnosis,PH960,2138,CCU002_01 Cancer,"[{""terminology"": ""SNOMEDCT"", ""code_type"": ""1""}]"
93955002,Primary malignant neoplasm of periadrenal tissue (disorder),SNOMED  CT codes,C2766,7287,CCU002_01 Cancer - Phenotypes - England primary care EHR: Cancer diagnosis,PH960,2138,CCU002_01 Cancer,"[{""terminology"": ""SNOMEDCT"", ""code_type"": ""1""}]"
93956001,Primary malignant neoplasm of perianal skin (disorder),SNOMED  CT codes,C2766,7287,CCU002_01 Cancer - Phenotypes - England primary care EHR: Cancer diagnosis,PH960,2138,CCU002_01 Cancer,"[{""terminology"": ""SNOMEDCT"", ""code_type"": ""1""}]"
93957005,Malignant neoplasm of pericardium,SNOMED  CT codes,C2766,7287,CCU002_01 Cancer - Phenotypes - England primary care EHR: Cancer diagnosis,PH960,2138,CCU002_01 Cancer,"[{""terminology"": ""SNOMEDCT"", ""code_type"": ""1""}]"
93961004,Primary malignant neoplasm of pharynx (disorder),SNOMED  CT codes,C2766,7287,CCU002_01 Cancer - Phenotypes - England primary care EHR: Cancer diagnosis,PH960,2138,CCU002_01 Cancer,"[{""terminology"": ""SNOMEDCT"", ""code_type"": ""1""}]"
93973004,Malignant neoplasm of presacral region,SNOMED  CT codes,C2766,7287,CCU002_01 Cancer - Phenotypes - England primary care EHR: Cancer diagnosis,PH960,2138,CCU002_01 Cancer,"[{""terminology"": ""SNOMEDCT"", ""code_type"": ""1""}]"
93974005,Primary malignant neoplasm of prostate (disorder),SNOMED  CT codes,C2766,7287,CCU002_01 Cancer - Phenotypes - England primary care EHR: Cancer diagnosis,PH960,2138,CCU002_01 Cancer,"[{""terminology"": ""SNOMEDCT"", ""code_type"": ""1""}]"
93975006,Malignant neoplasm of pubis,SNOMED  CT codes,C2766,7287,CCU002_01 Cancer - Phenotypes - England primary care EHR: Cancer diagnosis,PH960,2138,CCU002_01 Cancer,"[{""terminology"": ""SNOMEDCT"", ""code_type"": ""1""}]"
93979000,Malignant neoplasm of radius,SNOMED  CT codes,C2766,7287,CCU002_01 Cancer - Phenotypes - England primary care EHR: Cancer diagnosis,PH960,2138,CCU002_01 Cancer,"[{""terminology"": ""SNOMEDCT"", ""code_type"": ""1""}]"
93980002,Primary malignant neoplasm of rectosigmoid junction (disorder),SNOMED  CT codes,C2766,7287,CCU002_01 Cancer - Phenotypes - England primary care EHR: Cancer diagnosis,PH960,2138,CCU002_01 Cancer,"[{""terminology"": ""SNOMEDCT"", ""code_type"": ""1""}]"
93984006,Primary malignant neoplasm of rectum (disorder),SNOMED  CT codes,C2766,7287,CCU002_01 Cancer - Phenotypes - England primary care EHR: Cancer diagnosis,PH960,2138,CCU002_01 Cancer,"[{""terminology"": ""SNOMEDCT"", ""code_type"": ""1""}]"
93985007,Primary malignant neoplasm of renal pelvis (disorder),SNOMED  CT codes,C2766,7287,CCU002_01 Cancer - Phenotypes - England primary care EHR: Cancer diagnosis,PH960,2138,CCU002_01 Cancer,"[{""terminology"": ""SNOMEDCT"", ""code_type"": ""1""}]"
93986008,Malignant neoplasm of respiratory tract,SNOMED  CT codes,C2766,7287,CCU002_01 Cancer - Phenotypes - England primary care EHR: Cancer diagnosis,PH960,2138,CCU002_01 Cancer,"[{""terminology"": ""SNOMEDCT"", ""code_type"": ""1""}]"
93990005,Malignant neoplasm of rib,SNOMED  CT codes,C2766,7287,CCU002_01 Cancer - Phenotypes - England primary care EHR: Cancer diagnosis,PH960,2138,CCU002_01 Cancer,"[{""terminology"": ""SNOMEDCT"", ""code_type"": ""1""}]"
93995000,Primary malignant neoplasm of sacrococcygeal region (disorder),SNOMED  CT codes,C2766,7287,CCU002_01 Cancer - Phenotypes - England primary care EHR: Cancer diagnosis,PH960,2138,CCU002_01 Cancer,"[{""terminology"": ""SNOMEDCT"", ""code_type"": ""1""}]"
93997008,Malignant neoplasm of scapula,SNOMED  CT codes,C2766,7287,CCU002_01 Cancer - Phenotypes - England primary care EHR: Cancer diagnosis,PH960,2138,CCU002_01 Cancer,"[{""terminology"": ""SNOMEDCT"", ""code_type"": ""1""}]"
94000008,Primary malignant neoplasm of sebaceous gland (disorder),SNOMED  CT codes,C2766,7287,CCU002_01 Cancer - Phenotypes - England primary care EHR: Cancer diagnosis,PH960,2138,CCU002_01 Cancer,"[{""terminology"": ""SNOMEDCT"", ""code_type"": ""1""}]"
94006002,Primary malignant neoplasm of sigmoid colon (disorder),SNOMED  CT codes,C2766,7287,CCU002_01 Cancer - Phenotypes - England primary care EHR: Cancer diagnosis,PH960,2138,CCU002_01 Cancer,"[{""terminology"": ""SNOMEDCT"", ""code_type"": ""1""}]"
94066004,Malignant neoplasm of sphenoid bone,SNOMED  CT codes,C2766,7287,CCU002_01 Cancer - Phenotypes - England primary care EHR: Cancer diagnosis,PH960,2138,CCU002_01 Cancer,"[{""terminology"": ""SNOMEDCT"", ""code_type"": ""1""}]"
94073009,Malignant neoplasm of sternum,SNOMED  CT codes,C2766,7287,CCU002_01 Cancer - Phenotypes - England primary care EHR: Cancer diagnosis,PH960,2138,CCU002_01 Cancer,"[{""terminology"": ""SNOMEDCT"", ""code_type"": ""1""}]"
94081005,Primary malignant neoplasm of sweat gland (disorder),SNOMED  CT codes,C2766,7287,CCU002_01 Cancer - Phenotypes - England primary care EHR: Cancer diagnosis,PH960,2138,CCU002_01 Cancer,"[{""terminology"": ""SNOMEDCT"", ""code_type"": ""1""}]"
94083008,Malignant neoplasm of talus,SNOMED  CT codes,C2766,7287,CCU002_01 Cancer - Phenotypes - England primary care EHR: Cancer diagnosis,PH960,2138,CCU002_01 Cancer,"[{""terminology"": ""SNOMEDCT"", ""code_type"": ""1""}]"
94085001,Malignant neoplasm of temporal bone,SNOMED  CT codes,C2766,7287,CCU002_01 Cancer - Phenotypes - England primary care EHR: Cancer diagnosis,PH960,2138,CCU002_01 Cancer,"[{""terminology"": ""SNOMEDCT"", ""code_type"": ""1""}]"
94087009,Primary malignant neoplasm of testis (disorder),SNOMED  CT codes,C2766,7287,CCU002_01 Cancer - Phenotypes - England primary care EHR: Cancer diagnosis,PH960,2138,CCU002_01 Cancer,"[{""terminology"": ""SNOMEDCT"", ""code_type"": ""1""}]"
94096009,Primary malignant neoplasm of thymus (disorder),SNOMED  CT codes,C2766,7287,CCU002_01 Cancer - Phenotypes - England primary care EHR: Cancer diagnosis,PH960,2138,CCU002_01 Cancer,"[{""terminology"": ""SNOMEDCT"", ""code_type"": ""1""}]"
94098005,Primary malignant neoplasm of thyroid gland (disorder),SNOMED  CT codes,C2766,7287,CCU002_01 Cancer - Phenotypes - England primary care EHR: Cancer diagnosis,PH960,2138,CCU002_01 Cancer,"[{""terminology"": ""SNOMEDCT"", ""code_type"": ""1""}]"
94099002,Malignant neoplasm of tibia,SNOMED  CT codes,C2766,7287,CCU002_01 Cancer - Phenotypes - England primary care EHR: Cancer diagnosis,PH960,2138,CCU002_01 Cancer,"[{""terminology"": ""SNOMEDCT"", ""code_type"": ""1""}]"
94101009,Primary malignant neoplasm of tongue (disorder),SNOMED  CT codes,C2766,7287,CCU002_01 Cancer - Phenotypes - England primary care EHR: Cancer diagnosis,PH960,2138,CCU002_01 Cancer,"[{""terminology"": ""SNOMEDCT"", ""code_type"": ""1""}]"
94102002,Primary malignant neoplasm of tonsillar fossa (disorder),SNOMED  CT codes,C2766,7287,CCU002_01 Cancer - Phenotypes - England primary care EHR: Cancer diagnosis,PH960,2138,CCU002_01 Cancer,"[{""terminology"": ""SNOMEDCT"", ""code_type"": ""1""}]"
94105000,Primary malignant neoplasm of transverse colon (disorder),SNOMED  CT codes,C2766,7287,CCU002_01 Cancer - Phenotypes - England primary care EHR: Cancer diagnosis,PH960,2138,CCU002_01 Cancer,"[{""terminology"": ""SNOMEDCT"", ""code_type"": ""1""}]"
94112009,Malignant neoplasm of ulna,SNOMED  CT codes,C2766,7287,CCU002_01 Cancer - Phenotypes - England primary care EHR: Cancer diagnosis,PH960,2138,CCU002_01 Cancer,"[{""terminology"": ""SNOMEDCT"", ""code_type"": ""1""}]"
94125001,Primary malignant neoplasm of urinary system (disorder),SNOMED  CT codes,C2766,7287,CCU002_01 Cancer - Phenotypes - England primary care EHR: Cancer diagnosis,PH960,2138,CCU002_01 Cancer,"[{""terminology"": ""SNOMEDCT"", ""code_type"": ""1""}]"
94134006,Malignant neoplasm of ventral surface of tongue,SNOMED  CT codes,C2766,7287,CCU002_01 Cancer - Phenotypes - England primary care EHR: Cancer diagnosis,PH960,2138,CCU002_01 Cancer,"[{""terminology"": ""SNOMEDCT"", ""code_type"": ""1""}]"
94142007,Malignant neoplasm of vomer,SNOMED  CT codes,C2766,7287,CCU002_01 Cancer - Phenotypes - England primary care EHR: Cancer diagnosis,PH960,2138,CCU002_01 Cancer,"[{""terminology"": ""SNOMEDCT"", ""code_type"": ""1""}]"
94143002,Primary malignant neoplasm of vulva (disorder),SNOMED  CT codes,C2766,7287,CCU002_01 Cancer - Phenotypes - England primary care EHR: Cancer diagnosis,PH960,2138,CCU002_01 Cancer,"[{""terminology"": ""SNOMEDCT"", ""code_type"": ""1""}]"
94145009,Malignant neoplasm of zygomatic bone,SNOMED  CT codes,C2766,7287,CCU002_01 Cancer - Phenotypes - England primary care EHR: Cancer diagnosis,PH960,2138,CCU002_01 Cancer,"[{""terminology"": ""SNOMEDCT"", ""code_type"": ""1""}]"
94161006,Secondary malignant neoplasm of adrenal gland,SNOMED  CT codes,C2766,7287,CCU002_01 Cancer - Phenotypes - England primary care EHR: Cancer diagnosis,PH960,2138,CCU002_01 Cancer,"[{""terminology"": ""SNOMEDCT"", ""code_type"": ""1""}]"
94180008,Secondary malignant neoplasm of axilla (disorder),SNOMED  CT codes,C2766,7287,CCU002_01 Cancer - Phenotypes - England primary care EHR: Cancer diagnosis,PH960,2138,CCU002_01 Cancer,"[{""terminology"": ""SNOMEDCT"", ""code_type"": ""1""}]"
94181007,Secondary malignant neoplasm of axillary lymph nodes,SNOMED  CT codes,C2766,7287,CCU002_01 Cancer - Phenotypes - England primary care EHR: Cancer diagnosis,PH960,2138,CCU002_01 Cancer,"[{""terminology"": ""SNOMEDCT"", ""code_type"": ""1""}]"
94186002,Secondary malignant neoplasm of bladder,SNOMED  CT codes,C2766,7287,CCU002_01 Cancer - Phenotypes - England primary care EHR: Cancer diagnosis,PH960,2138,CCU002_01 Cancer,"[{""terminology"": ""SNOMEDCT"", ""code_type"": ""1""}]"
94217008,Secondary malignant neoplasm of bone marrow (disorder),SNOMED  CT codes,C2766,7287,CCU002_01 Cancer - Phenotypes - England primary care EHR: Cancer diagnosis,PH960,2138,CCU002_01 Cancer,"[{""terminology"": ""SNOMEDCT"", ""code_type"": ""1""}]"
94220000,Secondary malignant neoplasm of bone of skull (disorder),SNOMED  CT codes,C2766,7287,CCU002_01 Cancer - Phenotypes - England primary care EHR: Cancer diagnosis,PH960,2138,CCU002_01 Cancer,"[{""terminology"": ""SNOMEDCT"", ""code_type"": ""1""}]"
94222008,Secondary malignant neoplasm of bone,SNOMED  CT codes,C2766,7287,CCU002_01 Cancer - Phenotypes - England primary care EHR: Cancer diagnosis,PH960,2138,CCU002_01 Cancer,"[{""terminology"": ""SNOMEDCT"", ""code_type"": ""1""}]"
94225005,Secondary malignant neoplasm of brain,SNOMED  CT codes,C2766,7287,CCU002_01 Cancer - Phenotypes - England primary care EHR: Cancer diagnosis,PH960,2138,CCU002_01 Cancer,"[{""terminology"": ""SNOMEDCT"", ""code_type"": ""1""}]"
94227002,Secondary malignant neoplasm of bronchopulmonary lymph nodes,SNOMED  CT codes,C2766,7287,CCU002_01 Cancer - Phenotypes - England primary care EHR: Cancer diagnosis,PH960,2138,CCU002_01 Cancer,"[{""terminology"": ""SNOMEDCT"", ""code_type"": ""1""}]"
94230009,Secondary malignant neoplasm of bronchus of right lower lobe (disorder),SNOMED  CT codes,C2766,7287,CCU002_01 Cancer - Phenotypes - England primary care EHR: Cancer diagnosis,PH960,2138,CCU002_01 Cancer,"[{""terminology"": ""SNOMEDCT"", ""code_type"": ""1""}]"
94233006,Secondary malignant neoplasm of bronchus (disorder),SNOMED  CT codes,C2766,7287,CCU002_01 Cancer - Phenotypes - England primary care EHR: Cancer diagnosis,PH960,2138,CCU002_01 Cancer,"[{""terminology"": ""SNOMEDCT"", ""code_type"": ""1""}]"
94235004,Secondary malignant neoplasm of cecum (disorder),SNOMED  CT codes,C2766,7287,CCU002_01 Cancer - Phenotypes - England primary care EHR: Cancer diagnosis,PH960,2138,CCU002_01 Cancer,"[{""terminology"": ""SNOMEDCT"", ""code_type"": ""1""}]"
94243009,Secondary malignant neoplasm of central nervous system (disorder),SNOMED  CT codes,C2766,7287,CCU002_01 Cancer - Phenotypes - England primary care EHR: Cancer diagnosis,PH960,2138,CCU002_01 Cancer,"[{""terminology"": ""SNOMEDCT"", ""code_type"": ""1""}]"
94246001,Secondary malignant neoplasm of cerebral meninges (disorder),SNOMED  CT codes,C2766,7287,CCU002_01 Cancer - Phenotypes - England primary care EHR: Cancer diagnosis,PH960,2138,CCU002_01 Cancer,"[{""terminology"": ""SNOMEDCT"", ""code_type"": ""1""}]"
94248000,Secondary malignant neoplasm of cerebrum,SNOMED  CT codes,C2766,7287,CCU002_01 Cancer - Phenotypes - England primary care EHR: Cancer diagnosis,PH960,2138,CCU002_01 Cancer,"[{""terminology"": ""SNOMEDCT"", ""code_type"": ""1""}]"
94253005,Secondary malignant neoplasm of chest wall (disorder),SNOMED  CT codes,C2766,7287,CCU002_01 Cancer - Phenotypes - England primary care EHR: Cancer diagnosis,PH960,2138,CCU002_01 Cancer,"[{""terminology"": ""SNOMEDCT"", ""code_type"": ""1""}]"
94254004,Secondary malignant neoplasm of choroid (disorder),SNOMED  CT codes,C2766,7287,CCU002_01 Cancer - Phenotypes - England primary care EHR: Cancer diagnosis,PH960,2138,CCU002_01 Cancer,"[{""terminology"": ""SNOMEDCT"", ""code_type"": ""1""}]"
94260004,Secondary malignant neoplasm of colon,SNOMED  CT codes,C2766,7287,CCU002_01 Cancer - Phenotypes - England primary care EHR: Cancer diagnosis,PH960,2138,CCU002_01 Cancer,"[{""terminology"": ""SNOMEDCT"", ""code_type"": ""1""}]"
94264008,Secondary malignant neoplasm of soft tissues (disorder),SNOMED  CT codes,C2766,7287,CCU002_01 Cancer - Phenotypes - England primary care EHR: Cancer diagnosis,PH960,2138,CCU002_01 Cancer,"[{""terminology"": ""SNOMEDCT"", ""code_type"": ""1""}]"
94274006,Secondary malignant neoplasm of thoracic vertebral column (disorder),SNOMED  CT codes,C2766,7287,CCU002_01 Cancer - Phenotypes - England primary care EHR: Cancer diagnosis,PH960,2138,CCU002_01 Cancer,"[{""terminology"": ""SNOMEDCT"", ""code_type"": ""1""}]"
94275007,Secondary malignant neoplasm of duodenum,SNOMED  CT codes,C2766,7287,CCU002_01 Cancer - Phenotypes - England primary care EHR: Cancer diagnosis,PH960,2138,CCU002_01 Cancer,"[{""terminology"": ""SNOMEDCT"", ""code_type"": ""1""}]"
94280003,Secondary malignant neoplasm of endocrine gland (disorder),SNOMED  CT codes,C2766,7287,CCU002_01 Cancer - Phenotypes - England primary care EHR: Cancer diagnosis,PH960,2138,CCU002_01 Cancer,"[{""terminology"": ""SNOMEDCT"", ""code_type"": ""1""}]"
94281004,Secondary malignant neoplasm of endometrium (disorder),SNOMED  CT codes,C2766,7287,CCU002_01 Cancer - Phenotypes - England primary care EHR: Cancer diagnosis,PH960,2138,CCU002_01 Cancer,"[{""terminology"": ""SNOMEDCT"", ""code_type"": ""1""}]"
94286009,Secondary malignant neoplasm of esophagus (disorder),SNOMED  CT codes,C2766,7287,CCU002_01 Cancer - Phenotypes - England primary care EHR: Cancer diagnosis,PH960,2138,CCU002_01 Cancer,"[{""terminology"": ""SNOMEDCT"", ""code_type"": ""1""}]"
9.4291E+13,Mucinous adenocarcinoma of gastrointestinal tract (disorder),SNOMED  CT codes,C2766,7287,CCU002_01 Cancer - Phenotypes - England primary care EHR: Cancer diagnosis,PH960,2138,CCU002_01 Cancer,"[{""terminology"": ""SNOMEDCT"", ""code_type"": ""1""}]"
94292003,Secondary malignant neoplasm of eye (disorder),SNOMED  CT codes,C2766,7287,CCU002_01 Cancer - Phenotypes - England primary care EHR: Cancer diagnosis,PH960,2138,CCU002_01 Cancer,"[{""terminology"": ""SNOMEDCT"", ""code_type"": ""1""}]"
94297009,Secondary malignant neoplasm of female breast,SNOMED  CT codes,C2766,7287,CCU002_01 Cancer - Phenotypes - England primary care EHR: Cancer diagnosis,PH960,2138,CCU002_01 Cancer,"[{""terminology"": ""SNOMEDCT"", ""code_type"": ""1""}]"
94298004,Secondary malignant neoplasm of female genital organ (disorder),SNOMED  CT codes,C2766,7287,CCU002_01 Cancer - Phenotypes - England primary care EHR: Cancer diagnosis,PH960,2138,CCU002_01 Cancer,"[{""terminology"": ""SNOMEDCT"", ""code_type"": ""1""}]"
94300004,Secondary malignant neoplasm of femur (disorder),SNOMED  CT codes,C2766,7287,CCU002_01 Cancer - Phenotypes - England primary care EHR: Cancer diagnosis,PH960,2138,CCU002_01 Cancer,"[{""terminology"": ""SNOMEDCT"", ""code_type"": ""1""}]"
94312000,Secondary malignant neoplasm of gallbladder (disorder),SNOMED  CT codes,C2766,7287,CCU002_01 Cancer - Phenotypes - England primary care EHR: Cancer diagnosis,PH960,2138,CCU002_01 Cancer,"[{""terminology"": ""SNOMEDCT"", ""code_type"": ""1""}]"
94313005,Secondary malignant neoplasm of gastrointestinal tract,SNOMED  CT codes,C2766,7287,CCU002_01 Cancer - Phenotypes - England primary care EHR: Cancer diagnosis,PH960,2138,CCU002_01 Cancer,"[{""terminology"": ""SNOMEDCT"", ""code_type"": ""1""}]"
94326009,Secondary malignant neoplasm of head (disorder),SNOMED  CT codes,C2766,7287,CCU002_01 Cancer - Phenotypes - England primary care EHR: Cancer diagnosis,PH960,2138,CCU002_01 Cancer,"[{""terminology"": ""SNOMEDCT"", ""code_type"": ""1""}]"
94327000,Secondary malignant neoplasm of heart (disorder),SNOMED  CT codes,C2766,7287,CCU002_01 Cancer - Phenotypes - England primary care EHR: Cancer diagnosis,PH960,2138,CCU002_01 Cancer,"[{""terminology"": ""SNOMEDCT"", ""code_type"": ""1""}]"
94335002,Secondary malignant neoplasm of ileum,SNOMED  CT codes,C2766,7287,CCU002_01 Cancer - Phenotypes - England primary care EHR: Cancer diagnosis,PH960,2138,CCU002_01 Cancer,"[{""terminology"": ""SNOMEDCT"", ""code_type"": ""1""}]"
94336001,Secondary malignant neoplasm of iliac lymph nodes,SNOMED  CT codes,C2766,7287,CCU002_01 Cancer - Phenotypes - England primary care EHR: Cancer diagnosis,PH960,2138,CCU002_01 Cancer,"[{""terminology"": ""SNOMEDCT"", ""code_type"": ""1""}]"
94338000,Secondary malignant neoplasm of infraclavicular lymph nodes,SNOMED  CT codes,C2766,7287,CCU002_01 Cancer - Phenotypes - England primary care EHR: Cancer diagnosis,PH960,2138,CCU002_01 Cancer,"[{""terminology"": ""SNOMEDCT"", ""code_type"": ""1""}]"
94344001,Secondary malignant neoplasm of intercostal lymph nodes (disorder),SNOMED  CT codes,C2766,7287,CCU002_01 Cancer - Phenotypes - England primary care EHR: Cancer diagnosis,PH960,2138,CCU002_01 Cancer,"[{""terminology"": ""SNOMEDCT"", ""code_type"": ""1""}]"
94347008,Secondary malignant neoplasm of intra-abdominal lymph nodes,SNOMED  CT codes,C2766,7287,CCU002_01 Cancer - Phenotypes - England primary care EHR: Cancer diagnosis,PH960,2138,CCU002_01 Cancer,"[{""terminology"": ""SNOMEDCT"", ""code_type"": ""1""}]"
94350006,Secondary malignant neoplasm of intrapelvic lymph nodes,SNOMED  CT codes,C2766,7287,CCU002_01 Cancer - Phenotypes - England primary care EHR: Cancer diagnosis,PH960,2138,CCU002_01 Cancer,"[{""terminology"": ""SNOMEDCT"", ""code_type"": ""1""}]"
94351005,Secondary malignant neoplasm of intrathoracic lymph nodes,SNOMED  CT codes,C2766,7287,CCU002_01 Cancer - Phenotypes - England primary care EHR: Cancer diagnosis,PH960,2138,CCU002_01 Cancer,"[{""terminology"": ""SNOMEDCT"", ""code_type"": ""1""}]"
94357009,Secondary malignant neoplasm of jejunum (disorder),SNOMED  CT codes,C2766,7287,CCU002_01 Cancer - Phenotypes - England primary care EHR: Cancer diagnosis,PH960,2138,CCU002_01 Cancer,"[{""terminology"": ""SNOMEDCT"", ""code_type"": ""1""}]"
94360002,Secondary malignant neoplasm of kidney,SNOMED  CT codes,C2766,7287,CCU002_01 Cancer - Phenotypes - England primary care EHR: Cancer diagnosis,PH960,2138,CCU002_01 Cancer,"[{""terminology"": ""SNOMEDCT"", ""code_type"": ""1""}]"
9.4361E+13,Breast cancer detected by national screening programme (disorder),SNOMED  CT codes,C2766,7287,CCU002_01 Cancer - Phenotypes - England primary care EHR: Cancer diagnosis,PH960,2138,CCU002_01 Cancer,"[{""terminology"": ""SNOMEDCT"", ""code_type"": ""1""}]"
94365007,Secondary malignant neoplasm of large intestine,SNOMED  CT codes,C2766,7287,CCU002_01 Cancer - Phenotypes - England primary care EHR: Cancer diagnosis,PH960,2138,CCU002_01 Cancer,"[{""terminology"": ""SNOMEDCT"", ""code_type"": ""1""}]"
94376006,Secondary malignant neoplasm of left upper lobe of lung (disorder),SNOMED  CT codes,C2766,7287,CCU002_01 Cancer - Phenotypes - England primary care EHR: Cancer diagnosis,PH960,2138,CCU002_01 Cancer,"[{""terminology"": ""SNOMEDCT"", ""code_type"": ""1""}]"
94381002,Secondary malignant neoplasm of liver,SNOMED  CT codes,C2766,7287,CCU002_01 Cancer - Phenotypes - England primary care EHR: Cancer diagnosis,PH960,2138,CCU002_01 Cancer,"[{""terminology"": ""SNOMEDCT"", ""code_type"": ""1""}]"
94389000,Secondary malignant neoplasm of lumbar vertebral column (disorder),SNOMED  CT codes,C2766,7287,CCU002_01 Cancer - Phenotypes - England primary care EHR: Cancer diagnosis,PH960,2138,CCU002_01 Cancer,"[{""terminology"": ""SNOMEDCT"", ""code_type"": ""1""}]"
94391008,Secondary malignant neoplasm of lung,SNOMED  CT codes,C2766,7287,CCU002_01 Cancer - Phenotypes - England primary care EHR: Cancer diagnosis,PH960,2138,CCU002_01 Cancer,"[{""terminology"": ""SNOMEDCT"", ""code_type"": ""1""}]"
94392001,Secondary malignant neoplasm of lymph node,SNOMED  CT codes,C2766,7287,CCU002_01 Cancer - Phenotypes - England primary care EHR: Cancer diagnosis,PH960,2138,CCU002_01 Cancer,"[{""terminology"": ""SNOMEDCT"", ""code_type"": ""1""}]"
94393006,Secondary malignant neoplasm of lymph nodes of face,SNOMED  CT codes,C2766,7287,CCU002_01 Cancer - Phenotypes - England primary care EHR: Cancer diagnosis,PH960,2138,CCU002_01 Cancer,"[{""terminology"": ""SNOMEDCT"", ""code_type"": ""1""}]"
94395004,Secondary malignant neoplasm of lymph nodes of lower limb,SNOMED  CT codes,C2766,7287,CCU002_01 Cancer - Phenotypes - England primary care EHR: Cancer diagnosis,PH960,2138,CCU002_01 Cancer,"[{""terminology"": ""SNOMEDCT"", ""code_type"": ""1""}]"
94396003,Secondary malignant neoplasm of lymph nodes of multiple sites,SNOMED  CT codes,C2766,7287,CCU002_01 Cancer - Phenotypes - England primary care EHR: Cancer diagnosis,PH960,2138,CCU002_01 Cancer,"[{""terminology"": ""SNOMEDCT"", ""code_type"": ""1""}]"
94397007,Secondary malignant neoplasm of lymph nodes of neck (disorder),SNOMED  CT codes,C2766,7287,CCU002_01 Cancer - Phenotypes - England primary care EHR: Cancer diagnosis,PH960,2138,CCU002_01 Cancer,"[{""terminology"": ""SNOMEDCT"", ""code_type"": ""1""}]"
94398002,Secondary malignant neoplasm of lymph nodes of upper limb,SNOMED  CT codes,C2766,7287,CCU002_01 Cancer - Phenotypes - England primary care EHR: Cancer diagnosis,PH960,2138,CCU002_01 Cancer,"[{""terminology"": ""SNOMEDCT"", ""code_type"": ""1""}]"
94402006,Secondary malignant neoplasm of male genital organ (disorder),SNOMED  CT codes,C2766,7287,CCU002_01 Cancer - Phenotypes - England primary care EHR: Cancer diagnosis,PH960,2138,CCU002_01 Cancer,"[{""terminology"": ""SNOMEDCT"", ""code_type"": ""1""}]"
94408005,Secondary malignant neoplasm of mediastinal lymph nodes,SNOMED  CT codes,C2766,7287,CCU002_01 Cancer - Phenotypes - England primary care EHR: Cancer diagnosis,PH960,2138,CCU002_01 Cancer,"[{""terminology"": ""SNOMEDCT"", ""code_type"": ""1""}]"
94409002,Secondary malignant neoplasm of mediastinum,SNOMED  CT codes,C2766,7287,CCU002_01 Cancer - Phenotypes - England primary care EHR: Cancer diagnosis,PH960,2138,CCU002_01 Cancer,"[{""terminology"": ""SNOMEDCT"", ""code_type"": ""1""}]"
94410007,Secondary malignant neoplasm of mesenteric lymph nodes,SNOMED  CT codes,C2766,7287,CCU002_01 Cancer - Phenotypes - England primary care EHR: Cancer diagnosis,PH960,2138,CCU002_01 Cancer,"[{""terminology"": ""SNOMEDCT"", ""code_type"": ""1""}]"
94416001,Secondary malignant neoplasm of mouth (disorder),SNOMED  CT codes,C2766,7287,CCU002_01 Cancer - Phenotypes - England primary care EHR: Cancer diagnosis,PH960,2138,CCU002_01 Cancer,"[{""terminology"": ""SNOMEDCT"", ""code_type"": ""1""}]"
94418000,Secondary malignant neoplasm of muscle of abdomen (disorder),SNOMED  CT codes,C2766,7287,CCU002_01 Cancer - Phenotypes - England primary care EHR: Cancer diagnosis,PH960,2138,CCU002_01 Cancer,"[{""terminology"": ""SNOMEDCT"", ""code_type"": ""1""}]"
94432003,Secondary malignant neoplasm of muscle (disorder),SNOMED  CT codes,C2766,7287,CCU002_01 Cancer - Phenotypes - England primary care EHR: Cancer diagnosis,PH960,2138,CCU002_01 Cancer,"[{""terminology"": ""SNOMEDCT"", ""code_type"": ""1""}]"
94442001,Secondary malignant neoplasm of nervous system,SNOMED  CT codes,C2766,7287,CCU002_01 Cancer - Phenotypes - England primary care EHR: Cancer diagnosis,PH960,2138,CCU002_01 Cancer,"[{""terminology"": ""SNOMEDCT"", ""code_type"": ""1""}]"
94446003,Secondary malignant neoplasm of obturator lymph nodes (disorder),SNOMED  CT codes,C2766,7287,CCU002_01 Cancer - Phenotypes - England primary care EHR: Cancer diagnosis,PH960,2138,CCU002_01 Cancer,"[{""terminology"": ""SNOMEDCT"", ""code_type"": ""1""}]"
94449005,Secondary malignant neoplasm of occipital lymph nodes,SNOMED  CT codes,C2766,7287,CCU002_01 Cancer - Phenotypes - England primary care EHR: Cancer diagnosis,PH960,2138,CCU002_01 Cancer,"[{""terminology"": ""SNOMEDCT"", ""code_type"": ""1""}]"
94453007,Secondary malignant neoplasm of orbit proper (disorder),SNOMED  CT codes,C2766,7287,CCU002_01 Cancer - Phenotypes - England primary care EHR: Cancer diagnosis,PH960,2138,CCU002_01 Cancer,"[{""terminology"": ""SNOMEDCT"", ""code_type"": ""1""}]"
94454001,Secondary malignant neoplasm of oropharynx (disorder),SNOMED  CT codes,C2766,7287,CCU002_01 Cancer - Phenotypes - England primary care EHR: Cancer diagnosis,PH960,2138,CCU002_01 Cancer,"[{""terminology"": ""SNOMEDCT"", ""code_type"": ""1""}]"
94455000,Secondary malignant neoplasm of ovary,SNOMED  CT codes,C2766,7287,CCU002_01 Cancer - Phenotypes - England primary care EHR: Cancer diagnosis,PH960,2138,CCU002_01 Cancer,"[{""terminology"": ""SNOMEDCT"", ""code_type"": ""1""}]"
94459006,Secondary malignant neoplasm of pancreas (disorder),SNOMED  CT codes,C2766,7287,CCU002_01 Cancer - Phenotypes - England primary care EHR: Cancer diagnosis,PH960,2138,CCU002_01 Cancer,"[{""terminology"": ""SNOMEDCT"", ""code_type"": ""1""}]"
94460001,Secondary malignant neoplasm of pancreatic duct (disorder),SNOMED  CT codes,C2766,7287,CCU002_01 Cancer - Phenotypes - England primary care EHR: Cancer diagnosis,PH960,2138,CCU002_01 Cancer,"[{""terminology"": ""SNOMEDCT"", ""code_type"": ""1""}]"
94475009,Secondary malignant neoplasm of parotid lymph nodes,SNOMED  CT codes,C2766,7287,CCU002_01 Cancer - Phenotypes - England primary care EHR: Cancer diagnosis,PH960,2138,CCU002_01 Cancer,"[{""terminology"": ""SNOMEDCT"", ""code_type"": ""1""}]"
94477001,Secondary malignant neoplasm of pectoral axillary lymph nodes,SNOMED  CT codes,C2766,7287,CCU002_01 Cancer - Phenotypes - England primary care EHR: Cancer diagnosis,PH960,2138,CCU002_01 Cancer,"[{""terminology"": ""SNOMEDCT"", ""code_type"": ""1""}]"
94478006,Secondary malignant neoplasm of pelvic bone (disorder),SNOMED  CT codes,C2766,7287,CCU002_01 Cancer - Phenotypes - England primary care EHR: Cancer diagnosis,PH960,2138,CCU002_01 Cancer,"[{""terminology"": ""SNOMEDCT"", ""code_type"": ""1""}]"
94480000,Secondary malignant neoplasm of pelvis (disorder),SNOMED  CT codes,C2766,7287,CCU002_01 Cancer - Phenotypes - England primary care EHR: Cancer diagnosis,PH960,2138,CCU002_01 Cancer,"[{""terminology"": ""SNOMEDCT"", ""code_type"": ""1""}]"
94481001,Secondary malignant neoplasm of penis,SNOMED  CT codes,C2766,7287,CCU002_01 Cancer - Phenotypes - England primary care EHR: Cancer diagnosis,PH960,2138,CCU002_01 Cancer,"[{""terminology"": ""SNOMEDCT"", ""code_type"": ""1""}]"
94491007,Secondary malignant neoplasm of pituitary gland (disorder),SNOMED  CT codes,C2766,7287,CCU002_01 Cancer - Phenotypes - England primary care EHR: Cancer diagnosis,PH960,2138,CCU002_01 Cancer,"[{""terminology"": ""SNOMEDCT"", ""code_type"": ""1""}]"
94493005,Secondary malignant neoplasm of pleura,SNOMED  CT codes,C2766,7287,CCU002_01 Cancer - Phenotypes - England primary care EHR: Cancer diagnosis,PH960,2138,CCU002_01 Cancer,"[{""terminology"": ""SNOMEDCT"", ""code_type"": ""1""}]"
94494004,Secondary malignant neoplasm of popliteal lymph nodes (disorder),SNOMED  CT codes,C2766,7287,CCU002_01 Cancer - Phenotypes - England primary care EHR: Cancer diagnosis,PH960,2138,CCU002_01 Cancer,"[{""terminology"": ""SNOMEDCT"", ""code_type"": ""1""}]"
94503003,Secondary malignant neoplasm of prostate,SNOMED  CT codes,C2766,7287,CCU002_01 Cancer - Phenotypes - England primary care EHR: Cancer diagnosis,PH960,2138,CCU002_01 Cancer,"[{""terminology"": ""SNOMEDCT"", ""code_type"": ""1""}]"
94513006,Secondary malignant neoplasm of rectum,SNOMED  CT codes,C2766,7287,CCU002_01 Cancer - Phenotypes - England primary care EHR: Cancer diagnosis,PH960,2138,CCU002_01 Cancer,"[{""terminology"": ""SNOMEDCT"", ""code_type"": ""1""}]"
94514000,Secondary malignant neoplasm of renal pelvis (disorder),SNOMED  CT codes,C2766,7287,CCU002_01 Cancer - Phenotypes - England primary care EHR: Cancer diagnosis,PH960,2138,CCU002_01 Cancer,"[{""terminology"": ""SNOMEDCT"", ""code_type"": ""1""}]"
94515004,Secondary malignant neoplasm of respiratory tract,SNOMED  CT codes,C2766,7287,CCU002_01 Cancer - Phenotypes - England primary care EHR: Cancer diagnosis,PH960,2138,CCU002_01 Cancer,"[{""terminology"": ""SNOMEDCT"", ""code_type"": ""1""}]"
94521000,Secondary malignant neoplasm of rib (disorder),SNOMED  CT codes,C2766,7287,CCU002_01 Cancer - Phenotypes - England primary care EHR: Cancer diagnosis,PH960,2138,CCU002_01 Cancer,"[{""terminology"": ""SNOMEDCT"", ""code_type"": ""1""}]"
94527001,Secondary malignant neoplasm of sacrum (disorder),SNOMED  CT codes,C2766,7287,CCU002_01 Cancer - Phenotypes - England primary care EHR: Cancer diagnosis,PH960,2138,CCU002_01 Cancer,"[{""terminology"": ""SNOMEDCT"", ""code_type"": ""1""}]"
94531007,Secondary malignant neoplasm of scrotum (disorder),SNOMED  CT codes,C2766,7287,CCU002_01 Cancer - Phenotypes - England primary care EHR: Cancer diagnosis,PH960,2138,CCU002_01 Cancer,"[{""terminology"": ""SNOMEDCT"", ""code_type"": ""1""}]"
94537006,Secondary malignant neoplasm of shoulder (disorder),SNOMED  CT codes,C2766,7287,CCU002_01 Cancer - Phenotypes - England primary care EHR: Cancer diagnosis,PH960,2138,CCU002_01 Cancer,"[{""terminology"": ""SNOMEDCT"", ""code_type"": ""1""}]"
94538001,Secondary malignant neoplasm of sigmoid colon (disorder),SNOMED  CT codes,C2766,7287,CCU002_01 Cancer - Phenotypes - England primary care EHR: Cancer diagnosis,PH960,2138,CCU002_01 Cancer,"[{""terminology"": ""SNOMEDCT"", ""code_type"": ""1""}]"
94544002,Secondary malignant neoplasm of skin of breast,SNOMED  CT codes,C2766,7287,CCU002_01 Cancer - Phenotypes - England primary care EHR: Cancer diagnosis,PH960,2138,CCU002_01 Cancer,"[{""terminology"": ""SNOMEDCT"", ""code_type"": ""1""}]"
94554003,Secondary malignant neoplasm of skin of face,SNOMED  CT codes,C2766,7287,CCU002_01 Cancer - Phenotypes - England primary care EHR: Cancer diagnosis,PH960,2138,CCU002_01 Cancer,"[{""terminology"": ""SNOMEDCT"", ""code_type"": ""1""}]"
94566009,Secondary malignant neoplasm of skin of neck,SNOMED  CT codes,C2766,7287,CCU002_01 Cancer - Phenotypes - England primary care EHR: Cancer diagnosis,PH960,2138,CCU002_01 Cancer,"[{""terminology"": ""SNOMEDCT"", ""code_type"": ""1""}]"
94575006,Secondary malignant neoplasm of skin of trunk,SNOMED  CT codes,C2766,7287,CCU002_01 Cancer - Phenotypes - England primary care EHR: Cancer diagnosis,PH960,2138,CCU002_01 Cancer,"[{""terminology"": ""SNOMEDCT"", ""code_type"": ""1""}]"
94579000,Secondary malignant neoplasm of skin,SNOMED  CT codes,C2766,7287,CCU002_01 Cancer - Phenotypes - England primary care EHR: Cancer diagnosis,PH960,2138,CCU002_01 Cancer,"[{""terminology"": ""SNOMEDCT"", ""code_type"": ""1""}]"
94580002,Secondary malignant neoplasm of small intestine,SNOMED  CT codes,C2766,7287,CCU002_01 Cancer - Phenotypes - England primary care EHR: Cancer diagnosis,PH960,2138,CCU002_01 Cancer,"[{""terminology"": ""SNOMEDCT"", ""code_type"": ""1""}]"
94582005,Secondary malignant neoplasm of soft tissues of abdomen (disorder),SNOMED  CT codes,C2766,7287,CCU002_01 Cancer - Phenotypes - England primary care EHR: Cancer diagnosis,PH960,2138,CCU002_01 Cancer,"[{""terminology"": ""SNOMEDCT"", ""code_type"": ""1""}]"
94597008,Secondary malignant neoplasm of spermatic cord (disorder),SNOMED  CT codes,C2766,7287,CCU002_01 Cancer - Phenotypes - England primary care EHR: Cancer diagnosis,PH960,2138,CCU002_01 Cancer,"[{""terminology"": ""SNOMEDCT"", ""code_type"": ""1""}]"
94600009,Secondary malignant neoplasm of spinal cord,SNOMED  CT codes,C2766,7287,CCU002_01 Cancer - Phenotypes - England primary care EHR: Cancer diagnosis,PH960,2138,CCU002_01 Cancer,"[{""terminology"": ""SNOMEDCT"", ""code_type"": ""1""}]"
94602001,Secondary malignant neoplasm of vertebral column,SNOMED  CT codes,C2766,7287,CCU002_01 Cancer - Phenotypes - England primary care EHR: Cancer diagnosis,PH960,2138,CCU002_01 Cancer,"[{""terminology"": ""SNOMEDCT"", ""code_type"": ""1""}]"
94603006,Secondary malignant neoplasm of spleen (disorder),SNOMED  CT codes,C2766,7287,CCU002_01 Cancer - Phenotypes - England primary care EHR: Cancer diagnosis,PH960,2138,CCU002_01 Cancer,"[{""terminology"": ""SNOMEDCT"", ""code_type"": ""1""}]"
94604000,Secondary malignant neoplasm of splenic flexure of colon (disorder),SNOMED  CT codes,C2766,7287,CCU002_01 Cancer - Phenotypes - England primary care EHR: Cancer diagnosis,PH960,2138,CCU002_01 Cancer,"[{""terminology"": ""SNOMEDCT"", ""code_type"": ""1""}]"
94606003,Secondary malignant neoplasm of stomach (disorder),SNOMED  CT codes,C2766,7287,CCU002_01 Cancer - Phenotypes - England primary care EHR: Cancer diagnosis,PH960,2138,CCU002_01 Cancer,"[{""terminology"": ""SNOMEDCT"", ""code_type"": ""1""}]"
94609005,Secondary malignant neoplasm of submandibular lymph nodes,SNOMED  CT codes,C2766,7287,CCU002_01 Cancer - Phenotypes - England primary care EHR: Cancer diagnosis,PH960,2138,CCU002_01 Cancer,"[{""terminology"": ""SNOMEDCT"", ""code_type"": ""1""}]"
94611001,Secondary malignant neoplasm of submental lymph nodes,SNOMED  CT codes,C2766,7287,CCU002_01 Cancer - Phenotypes - England primary care EHR: Cancer diagnosis,PH960,2138,CCU002_01 Cancer,"[{""terminology"": ""SNOMEDCT"", ""code_type"": ""1""}]"
94612008,Secondary malignant neoplasm of superficial inguinal lymph nodes,SNOMED  CT codes,C2766,7287,CCU002_01 Cancer - Phenotypes - England primary care EHR: Cancer diagnosis,PH960,2138,CCU002_01 Cancer,"[{""terminology"": ""SNOMEDCT"", ""code_type"": ""1""}]"
94623007,Secondary malignant neoplasm of testis,SNOMED  CT codes,C2766,7287,CCU002_01 Cancer - Phenotypes - England primary care EHR: Cancer diagnosis,PH960,2138,CCU002_01 Cancer,"[{""terminology"": ""SNOMEDCT"", ""code_type"": ""1""}]"
94626004,Secondary malignant neoplasm of omentum (disorder),SNOMED  CT codes,C2766,7287,CCU002_01 Cancer - Phenotypes - England primary care EHR: Cancer diagnosis,PH960,2138,CCU002_01 Cancer,"[{""terminology"": ""SNOMEDCT"", ""code_type"": ""1""}]"
94627008,Secondary malignant neoplasm of the peritoneum,SNOMED  CT codes,C2766,7287,CCU002_01 Cancer - Phenotypes - England primary care EHR: Cancer diagnosis,PH960,2138,CCU002_01 Cancer,"[{""terminology"": ""SNOMEDCT"", ""code_type"": ""1""}]"
94628003,Secondary malignant neoplasm of the retroperitoneum,SNOMED  CT codes,C2766,7287,CCU002_01 Cancer - Phenotypes - England primary care EHR: Cancer diagnosis,PH960,2138,CCU002_01 Cancer,"[{""terminology"": ""SNOMEDCT"", ""code_type"": ""1""}]"
94632009,Secondary malignant neoplasm of thymus (disorder),SNOMED  CT codes,C2766,7287,CCU002_01 Cancer - Phenotypes - England primary care EHR: Cancer diagnosis,PH960,2138,CCU002_01 Cancer,"[{""terminology"": ""SNOMEDCT"", ""code_type"": ""1""}]"
94634005,Secondary malignant neoplasm of thyroid gland (disorder),SNOMED  CT codes,C2766,7287,CCU002_01 Cancer - Phenotypes - England primary care EHR: Cancer diagnosis,PH960,2138,CCU002_01 Cancer,"[{""terminology"": ""SNOMEDCT"", ""code_type"": ""1""}]"
94638008,Secondary malignant neoplasm of tongue,SNOMED  CT codes,C2766,7287,CCU002_01 Cancer - Phenotypes - England primary care EHR: Cancer diagnosis,PH960,2138,CCU002_01 Cancer,"[{""terminology"": ""SNOMEDCT"", ""code_type"": ""1""}]"
94641004,Secondary malignant neoplasm of trachea (disorder),SNOMED  CT codes,C2766,7287,CCU002_01 Cancer - Phenotypes - England primary care EHR: Cancer diagnosis,PH960,2138,CCU002_01 Cancer,"[{""terminology"": ""SNOMEDCT"", ""code_type"": ""1""}]"
94642006,Secondary malignant neoplasm of tracheobronchial lymph nodes,SNOMED  CT codes,C2766,7287,CCU002_01 Cancer - Phenotypes - England primary care EHR: Cancer diagnosis,PH960,2138,CCU002_01 Cancer,"[{""terminology"": ""SNOMEDCT"", ""code_type"": ""1""}]"
94659001,Secondary malignant neoplasm of ureter,SNOMED  CT codes,C2766,7287,CCU002_01 Cancer - Phenotypes - England primary care EHR: Cancer diagnosis,PH960,2138,CCU002_01 Cancer,"[{""terminology"": ""SNOMEDCT"", ""code_type"": ""1""}]"
94661005,Secondary malignant neoplasm of urethra,SNOMED  CT codes,C2766,7287,CCU002_01 Cancer - Phenotypes - England primary care EHR: Cancer diagnosis,PH960,2138,CCU002_01 Cancer,"[{""terminology"": ""SNOMEDCT"", ""code_type"": ""1""}]"
94663008,Secondary malignant neoplasm of urinary system,SNOMED  CT codes,C2766,7287,CCU002_01 Cancer - Phenotypes - England primary care EHR: Cancer diagnosis,PH960,2138,CCU002_01 Cancer,"[{""terminology"": ""SNOMEDCT"", ""code_type"": ""1""}]"
94665001,Secondary malignant neoplasm of uterus,SNOMED  CT codes,C2766,7287,CCU002_01 Cancer - Phenotypes - England primary care EHR: Cancer diagnosis,PH960,2138,CCU002_01 Cancer,"[{""terminology"": ""SNOMEDCT"", ""code_type"": ""1""}]"
94668004,Secondary malignant neoplasm of vagina,SNOMED  CT codes,C2766,7287,CCU002_01 Cancer - Phenotypes - England primary care EHR: Cancer diagnosis,PH960,2138,CCU002_01 Cancer,"[{""terminology"": ""SNOMEDCT"", ""code_type"": ""1""}]"
94681006,Secondary malignant neoplasm of vulva,SNOMED  CT codes,C2766,7287,CCU002_01 Cancer - Phenotypes - England primary care EHR: Cancer diagnosis,PH960,2138,CCU002_01 Cancer,"[{""terminology"": ""SNOMEDCT"", ""code_type"": ""1""}]"
94709001,Mycosis fungoides of intrathoracic lymph nodes (disorder),SNOMED  CT codes,C2766,7287,CCU002_01 Cancer - Phenotypes - England primary care EHR: Cancer diagnosis,PH960,2138,CCU002_01 Cancer,"[{""terminology"": ""SNOMEDCT"", ""code_type"": ""1""}]"
94710006,Mycosis fungoides of lymph nodes of axilla AND/OR upper limb,SNOMED  CT codes,C2766,7287,CCU002_01 Cancer - Phenotypes - England primary care EHR: Cancer diagnosis,PH960,2138,CCU002_01 Cancer,"[{""terminology"": ""SNOMEDCT"", ""code_type"": ""1""}]"
94711005,"Mycosis fungoides of lymph nodes of head, face AND/OR neck (disorder)",SNOMED  CT codes,C2766,7287,CCU002_01 Cancer - Phenotypes - England primary care EHR: Cancer diagnosis,PH960,2138,CCU002_01 Cancer,"[{""terminology"": ""SNOMEDCT"", ""code_type"": ""1""}]"
94712003,Mycosis fungoides of lymph nodes of inguinal region AND/OR lower limb,SNOMED  CT codes,C2766,7287,CCU002_01 Cancer - Phenotypes - England primary care EHR: Cancer diagnosis,PH960,2138,CCU002_01 Cancer,"[{""terminology"": ""SNOMEDCT"", ""code_type"": ""1""}]"
94719007,Myeloid sarcoma,SNOMED  CT codes,C2766,7287,CCU002_01 Cancer - Phenotypes - England primary care EHR: Cancer diagnosis,PH960,2138,CCU002_01 Cancer,"[{""terminology"": ""SNOMEDCT"", ""code_type"": ""1""}]"
95111006,Neoplasm of uncertain behavior of spleen (disorder),SNOMED  CT codes,C2766,7287,CCU002_01 Cancer - Phenotypes - England primary care EHR: Cancer diagnosis,PH960,2138,CCU002_01 Cancer,"[{""terminology"": ""SNOMEDCT"", ""code_type"": ""1""}]"
95186006,Nodular lymphoma of intra-abdominal lymph nodes,SNOMED  CT codes,C2766,7287,CCU002_01 Cancer - Phenotypes - England primary care EHR: Cancer diagnosis,PH960,2138,CCU002_01 Cancer,"[{""terminology"": ""SNOMEDCT"", ""code_type"": ""1""}]"
95188007,Nodular lymphoma of intrathoracic lymph nodes (disorder),SNOMED  CT codes,C2766,7287,CCU002_01 Cancer - Phenotypes - England primary care EHR: Cancer diagnosis,PH960,2138,CCU002_01 Cancer,"[{""terminology"": ""SNOMEDCT"", ""code_type"": ""1""}]"
95192000,Nodular lymphoma of lymph nodes of multiple sites,SNOMED  CT codes,C2766,7287,CCU002_01 Cancer - Phenotypes - England primary care EHR: Cancer diagnosis,PH960,2138,CCU002_01 Cancer,"[{""terminology"": ""SNOMEDCT"", ""code_type"": ""1""}]"
95193005,Nodular lymphoma of spleen (disorder),SNOMED  CT codes,C2766,7287,CCU002_01 Cancer - Phenotypes - England primary care EHR: Cancer diagnosis,PH960,2138,CCU002_01 Cancer,"[{""terminology"": ""SNOMEDCT"", ""code_type"": ""1""}]"
95210003,Plasma cell leukemia,SNOMED  CT codes,C2766,7287,CCU002_01 Cancer - Phenotypes - England primary care EHR: Cancer diagnosis,PH960,2138,CCU002_01 Cancer,"[{""terminology"": ""SNOMEDCT"", ""code_type"": ""1""}]"
95214007,Primary malignant neoplasm of liver,SNOMED  CT codes,C2766,7287,CCU002_01 Cancer - Phenotypes - England primary care EHR: Cancer diagnosis,PH960,2138,CCU002_01 Cancer,"[{""terminology"": ""SNOMEDCT"", ""code_type"": ""1""}]"
95224004,Reticulosarcoma of intra-abdominal lymph nodes,SNOMED  CT codes,C2766,7287,CCU002_01 Cancer - Phenotypes - England primary care EHR: Cancer diagnosis,PH960,2138,CCU002_01 Cancer,"[{""terminology"": ""SNOMEDCT"", ""code_type"": ""1""}]"
95231000,Reticulosarcoma of spleen,SNOMED  CT codes,C2766,7287,CCU002_01 Cancer - Phenotypes - England primary care EHR: Cancer diagnosis,PH960,2138,CCU002_01 Cancer,"[{""terminology"": ""SNOMEDCT"", ""code_type"": ""1""}]"
95263006,Sezary's disease of spleen (disorder),SNOMED  CT codes,C2766,7287,CCU002_01 Cancer - Phenotypes - England primary care EHR: Cancer diagnosis,PH960,2138,CCU002_01 Cancer,"[{""terminology"": ""SNOMEDCT"", ""code_type"": ""1""}]"
9.541E+12,Primary adenocarcinoma of gallbladder (disorder),SNOMED  CT codes,C2766,7287,CCU002_01 Cancer - Phenotypes - England primary care EHR: Cancer diagnosis,PH960,2138,CCU002_01 Cancer,"[{""terminology"": ""SNOMEDCT"", ""code_type"": ""1""}]"
9.56331E+14,Malignant melanoma stage IA (finding),SNOMED  CT codes,C2766,7287,CCU002_01 Cancer - Phenotypes - England primary care EHR: Cancer diagnosis,PH960,2138,CCU002_01 Cancer,"[{""terminology"": ""SNOMEDCT"", ""code_type"": ""1""}]"
9.56351E+14,Malignant melanoma stage IB (finding),SNOMED  CT codes,C2766,7287,CCU002_01 Cancer - Phenotypes - England primary care EHR: Cancer diagnosis,PH960,2138,CCU002_01 Cancer,"[{""terminology"": ""SNOMEDCT"", ""code_type"": ""1""}]"
9.56371E+14,Malignant melanoma stage IIA (finding),SNOMED  CT codes,C2766,7287,CCU002_01 Cancer - Phenotypes - England primary care EHR: Cancer diagnosis,PH960,2138,CCU002_01 Cancer,"[{""terminology"": ""SNOMEDCT"", ""code_type"": ""1""}]"
9.56391E+14,Malignant melanoma stage IIB (finding),SNOMED  CT codes,C2766,7287,CCU002_01 Cancer - Phenotypes - England primary care EHR: Cancer diagnosis,PH960,2138,CCU002_01 Cancer,"[{""terminology"": ""SNOMEDCT"", ""code_type"": ""1""}]"
9.56411E+14,Malignant melanoma stage IIC (finding),SNOMED  CT codes,C2766,7287,CCU002_01 Cancer - Phenotypes - England primary care EHR: Cancer diagnosis,PH960,2138,CCU002_01 Cancer,"[{""terminology"": ""SNOMEDCT"", ""code_type"": ""1""}]"
9.56431E+14,Malignant melanoma stage IIIA (finding),SNOMED  CT codes,C2766,7287,CCU002_01 Cancer - Phenotypes - England primary care EHR: Cancer diagnosis,PH960,2138,CCU002_01 Cancer,"[{""terminology"": ""SNOMEDCT"", ""code_type"": ""1""}]"
9.56451E+14,Malignant melanoma stage IIIB (finding),SNOMED  CT codes,C2766,7287,CCU002_01 Cancer - Phenotypes - England primary care EHR: Cancer diagnosis,PH960,2138,CCU002_01 Cancer,"[{""terminology"": ""SNOMEDCT"", ""code_type"": ""1""}]"
9.56471E+14,Malignant melanoma stage IIIC (finding),SNOMED  CT codes,C2766,7287,CCU002_01 Cancer - Phenotypes - England primary care EHR: Cancer diagnosis,PH960,2138,CCU002_01 Cancer,"[{""terminology"": ""SNOMEDCT"", ""code_type"": ""1""}]"
9.56511E+14,Malignant melanoma stage IV M1a (finding),SNOMED  CT codes,C2766,7287,CCU002_01 Cancer - Phenotypes - England primary care EHR: Cancer diagnosis,PH960,2138,CCU002_01 Cancer,"[{""terminology"": ""SNOMEDCT"", ""code_type"": ""1""}]"
9.56531E+14,Malignant melanoma stage IV M1b (finding),SNOMED  CT codes,C2766,7287,CCU002_01 Cancer - Phenotypes - England primary care EHR: Cancer diagnosis,PH960,2138,CCU002_01 Cancer,"[{""terminology"": ""SNOMEDCT"", ""code_type"": ""1""}]"
9.56551E+14,Malignant melanoma stage IV M1c (finding),SNOMED  CT codes,C2766,7287,CCU002_01 Cancer - Phenotypes - England primary care EHR: Cancer diagnosis,PH960,2138,CCU002_01 Cancer,"[{""terminology"": ""SNOMEDCT"", ""code_type"": ""1""}]"
9893005,Immunodeficiency with thymoma (disorder),SNOMED  CT codes,C2766,7287,CCU002_01 Cancer - Phenotypes - England primary care EHR: Cancer diagnosis,PH960,2138,CCU002_01 Cancer,"[{""terminology"": ""SNOMEDCT"", ""code_type"": ""1""}]"
126906006,Neoplasm of prostate,SNOMED  CT codes,C2767,7288,CCU002_01 Cancer - Phenotypes - England primary care EHR: Prostate cancer diagnosis,PH960,2138,CCU002_01 Cancer,"[{""terminology"": ""SNOMEDCT""}]"
176106009,Radical cystoprostatourethrectomy,SNOMED  CT codes,C2767,7288,CCU002_01 Cancer - Phenotypes - England primary care EHR: Prostate cancer diagnosis,PH960,2138,CCU002_01 Cancer,"[{""terminology"": ""SNOMEDCT""}]"
176261008,Radical prostatectomy without pelvic node excision,SNOMED  CT codes,C2767,7288,CCU002_01 Cancer - Phenotypes - England primary care EHR: Prostate cancer diagnosis,PH960,2138,CCU002_01 Cancer,"[{""terminology"": ""SNOMEDCT""}]"
176262001,Radical prostatectomy with pelvic node sampling,SNOMED  CT codes,C2767,7288,CCU002_01 Cancer - Phenotypes - England primary care EHR: Prostate cancer diagnosis,PH960,2138,CCU002_01 Cancer,"[{""terminology"": ""SNOMEDCT""}]"
176263006,Radical prostatectomy with pelvic lymphadenectomy,SNOMED  CT codes,C2767,7288,CCU002_01 Cancer - Phenotypes - England primary care EHR: Prostate cancer diagnosis,PH960,2138,CCU002_01 Cancer,"[{""terminology"": ""SNOMEDCT""}]"
369775001,Gleason Score 2-4: Well differentiated,SNOMED  CT codes,C2767,7288,CCU002_01 Cancer - Phenotypes - England primary care EHR: Prostate cancer diagnosis,PH960,2138,CCU002_01 Cancer,"[{""terminology"": ""SNOMEDCT""}]"
369777009,Gleason Score 8-10: Poorly differentiated,SNOMED  CT codes,C2767,7288,CCU002_01 Cancer - Phenotypes - England primary care EHR: Prostate cancer diagnosis,PH960,2138,CCU002_01 Cancer,"[{""terminology"": ""SNOMEDCT""}]"
385377005,Gleason grade finding for prostatic cancer (finding),SNOMED  CT codes,C2767,7288,CCU002_01 Cancer - Phenotypes - England primary care EHR: Prostate cancer diagnosis,PH960,2138,CCU002_01 Cancer,"[{""terminology"": ""SNOMEDCT""}]"
394932008,Gleason prostate grade 5-7 (medium) (finding),SNOMED  CT codes,C2767,7288,CCU002_01 Cancer - Phenotypes - England primary care EHR: Prostate cancer diagnosis,PH960,2138,CCU002_01 Cancer,"[{""terminology"": ""SNOMEDCT""}]"
399068003,Malignant tumor of prostate (disorder),SNOMED  CT codes,C2767,7288,CCU002_01 Cancer - Phenotypes - England primary care EHR: Prostate cancer diagnosis,PH960,2138,CCU002_01 Cancer,"[{""terminology"": ""SNOMEDCT""}]"
428262008,History of malignant neoplasm of prostate (situation),SNOMED  CT codes,C2767,7288,CCU002_01 Cancer - Phenotypes - England primary care EHR: Prostate cancer diagnosis,PH960,2138,CCU002_01 Cancer,"[{""terminology"": ""SNOMEDCT""}]"
81232004,Radical cystoprostatectomy,SNOMED  CT codes,C2767,7288,CCU002_01 Cancer - Phenotypes - England primary care EHR: Prostate cancer diagnosis,PH960,2138,CCU002_01 Cancer,"[{""terminology"": ""SNOMEDCT""}]"